,flow ID, source IP, destination IP, source port, destination port, protocol, date, duration, TotalFwdPkts, TotalBwdPkts, TotLenfwdDL, TotLenfwdTR, TotLenfwdAPP, TotLenbwdDL, TotLenbwdTR, TotLenbwdAPP, DLfwdPktLenMAX, DLfwdPktLenMIN, DLfwdPktLenMEAN, DLfwdPktLenSTD, TRfwdPktLenMAX, TRfwdPktLenMIN, TRfwdPktLenMEAN, TRfwdPktLenSTD, APPfwdPktLenMAX, APPfwdPktLenMIN, APPfwdPktLenMEAN, APPfwdPktLenSTD, DLbwdPktLenMAX, DLbwdPktLenMIN, DLbwdPktLenMEAN, DLbwdPktLenSTD, TRbwdPktLenMAX, TRbwdPktLenMIN, TRbwdPktLenMEAN, TRbwdPktLenSTD, APPbwdPktLenMAX, APPbwdPktLenMIN, APPbwdPktLenMEAN, APPbwdPktLenSTD, DLflowBytes/sec, TRflowBytes/sec, APPflowBytes/sec, FlowPkts/sec, FlowIAT_MEAN, FlowIAT_STD, FlowIAT_MAX, FlowIAT_MIN, TotalFwdIAT, fwdIAT_MEAN, fwdIAT_STD, fwdIAT_MAX, fwdIAT_MIN, TotalBwdIAT, bwdIAT_MEAN, bwdIAT_STD, bwdIAT_MAX, bwdIAT_MIN, DLfwdHdrLen, TRfwdHdrLen, APPfwdHdrLen, DLbwdHdrLen, TRbwdHdrLen, APPbwdHdrLen, fwdPkts/sec, bwdPkts/sec, DLpktLenMEAN, DLpktLenMIN, DLpktLenMAX, DLpktLenSTD, DLpktLenVAR, TRpktLenMEAN, TRpktLenMIN, TRpktLenMAX, TRpktLenSTD, TRpktLenVAR, APPpktLenMEAN, APPpktLenMIN, APPpktLenMAX, APPpktLenSTD, APPpktLenVAR, ActiveMEAN, ActiveSTD, ActiveMAX, ActiveMIN, IdleMEAN, IdleSTD, IdleMAX, IdleMIN, frameSrc, frameDst, TotPktsInFlow, firstPacketDIR, mostCommonREQ_FUNC_CODE, mostCommonRESP_FUNC_CODE, corruptConfigFragments, deviceTroubleFragments, deviceRestartFragments, pktsFromMASTER, pktsFromSLAVE,Label
0,192.168.1.2-192.168.1.3-40837-20000,192.168.1.2,192.168.1.3,40837,20000,6, 18/05/2020  18:35:01 ,228685367.0,53,57,559,506,400,3558,3501,3273,89,8,10.547169811320755,11.490072701343017,88,7,9.547169811320755,11.490072701343017,86,5,7.547169811320754,11.490072701343017,654,7,62.42105263157895,130.1389295231969,653,6,61.42105263157895,130.1389295231969,649,2,57.42105263157895,130.1389295231969,18.0029009027062,17.521890676984153,16.061368718882655,0.4810102257220506,2098030.889908257,3695395.265896711,25782042.0,228.0,228684104.0,4397771.230769231,4611120.559456997,25782314.0,852.0,228685139.0,4083663.1964285714,5791956.601233455,35830077.0,365.0,530,53,106,570,57,228,0.2317594723933517,0.24925075332869895,37.42727272727272,7,654,97.17056403782743,9442.118515429524,36.42727272727272,6,653,97.17056403782743,9442.118515429524,33.39090909090909,2,649,96.90637640607969,9390.845788156796,4907334.375,8500276.277128369,26726471.0,0.0,9196463.1875,5103137.117465415,25782042.0,5049646.0,1,11,110,MASTER,1,129,0,0,0,53,57,REPLAY
1,192.168.1.2-192.168.1.3-40837-20000,192.168.1.2,192.168.1.3,40837,20000,6, 18/05/2020  18:39:07 ,200063606.0,16,21,236,220,188,2845,2824,2740,80,8,14.75,17.849369736772218,79,7,13.75,17.849369736772218,77,5,11.75,17.849369736772218,485,7,135.47619047619048,141.91286729807803,484,6,134.47619047619048,141.91286729807803,480,2,130.47619047619048,141.91286729807803,15.400102305463793,15.215161122308274,14.635345521063936,0.18494118315552105,5557322.388888889,11013809.753619833,44041966.0,21.0,200063606.0,13337573.733333332,13874728.899097938,44043000.0,969966.0,196489438.0,9824471.9,14631717.658710133,44042207.0,320.0,160,16,32,210,21,84,0.07997456568887397,0.10496661746664708,83.27027027027026,7,485,122.46533492486051,14997.758258258262,82.27027027027026,6,484,122.46533492486051,14997.758258258262,79.13513513513513,2,480,121.97111729197799,14876.953453453452,972893.5555555556,1394815.4911658666,4023256.0,0.0,20809829.666666668,13381094.68741572,44041966.0,8030528.0,1,11,37,MASTER,1,129,0,0,0,16,21,REPLAY
2,192.168.1.2-192.168.1.3-40837-20000,192.168.1.2,192.168.1.3,40837,20000,6, 18/05/2020  18:43:30 ,234133796.0,51,49,444,393,291,2614,2565,2369,17,8,8.705882352941176,2.4437194409101783,16,7,7.705882352941178,2.4437194409101783,14,5,5.705882352941178,2.4437194409101783,485,7,53.3469387755102,106.09185309210602,484,6,52.3469387755102,106.09185309210602,480,2,48.3469387755102,106.09185309210602,13.060908131348967,12.633801913842461,11.36102538567307,0.4271062175065064,2364987.8383838385,5405050.064753294,47543192.0,216.0,234133468.0,4682669.36,7735530.228609075,52963533.0,3114.0,234133421.0,4877779.604166667,7553162.185563214,47543498.0,506.0,510,51,102,490,49,196,0.21782417092831827,0.20928204657818814,30.58,7,485,77.22212222942441,5963.256161616163,29.58,6,484,77.22212222942441,5963.256161616163,26.6,2,480,76.93628480237345,5919.191919191921,5501022.769230769,6875584.793907596,17119573.0,0.0,11588226.307692308,11017073.144150447,47543192.0,5419394.0,1,11,100,MASTER,1,129,0,0,0,51,49,REPLAY
3,192.168.1.2-192.168.1.3-40837-20000,192.168.1.2,192.168.1.3,40837,20000,6, 18/05/2020  18:47:31 ,239291356.0,56,54,601,545,433,3127,3073,2857,107,8,10.732142857142858,13.721239105758727,106,7,9.732142857142858,13.721239105758727,104,5,7.732142857142858,13.721239105758727,688,7,57.907407407407405,124.55358300119131,687,6,56.907407407407405,124.55358300119131,683,2,52.907407407407405,124.55358300119131,15.579334173692427,15.119643519425747,13.748929568521481,0.4596906542666756,2195333.541284404,3781615.835243268,24823864.0,212.0,239291042.0,4350746.218181818,4453457.408062285,24824076.0,1080.0,239291060.0,4514925.660377358,6816568.09253982,33859915.0,455.0,560,56,112,540,54,216,0.2340243330812167,0.22566632118545896,33.89090909090909,7,688,90.55165746075964,8199.602668890744,32.89090909090909,6,687,90.55165746075964,8199.602668890744,29.90909090909091,2,683,90.294070584132,8153.01918265221,3671718.4736842094,5286295.741489197,16057204.0,0.0,8922546.894736841,4646028.752479821,24823864.0,5032042.0,1,11,110,MASTER,1,129,0,0,0,56,54,REPLAY
4,192.168.1.2-192.168.1.3-40837-20000,192.168.1.2,192.168.1.3,40837,20000,6, 18/05/2020  18:51:33 ,219842017.0,59,57,517,458,340,3558,3501,3273,17,8,8.76271186440678,2.5280426055639302,16,7,7.7627118644067785,2.5280426055639302,14,5,5.7627118644067785,2.5280426055639302,282,7,62.42105263157895,101.09506618037813,281,6,61.42105263157895,101.09506618037813,277,2,57.42105263157895,101.09506618037813,18.536038085931498,18.00838644962032,16.43452898269215,0.5276516363111788,1911669.7130434786,3280066.1866881936,22092862.0,129.0,219842017.0,3790379.6034482764,3799792.300788077,22093936.0,867.0,210822762.0,3764692.1785714286,4692184.674814448,22093254.0,360.0,590,59,118,570,57,228,0.26837453915827203,0.2592770971529069,35.12931034482759,7,282,75.53720996935897,5705.870089955024,34.12931034482759,6,281,75.53720996935897,5705.870089955024,31.146551724137932,2,277,75.18490300705263,5652.769640179911,5671172.533333332,9275568.615970982,32317188.0,0.0,8984961.933333334,4166196.747202974,22092862.0,5039296.0,1,11,116,MASTER,1,129,0,0,0,59,57,REPLAY
5,192.168.1.2-192.168.1.3-40837-20000,192.168.1.2,192.168.1.3,40837,20000,6, 18/05/2020  18:55:45 ,228148062.0,13,19,185,172,146,4180,4161,4085,17,8,14.230769230769232,4.323460152737353,16,7,13.230769230769232,4.323460152737353,14,5,11.230769230769232,4.323460152737353,468,7,220.0,128.74781551544865,467,6,219.0,128.74781551544865,463,2,215.0,128.74781551544865,19.132312419116673,18.992052625895194,18.544974535001746,0.14025979322147386,7359614.9032258075,13038196.297698053,45846566.0,362.0,228146960.0,19012246.666666668,16488989.82397138,46049309.0,20927.0,227203139.0,12622396.611111112,15339524.440404175,45846928.0,415.0,130,13,26,190,19,76,0.05698054099622376,0.08327925222525011,136.40625,7,468,142.0372189694681,20174.571572580644,135.40625,6,467,142.0372189694681,20174.571572580644,132.21875,2,463,141.31747246605266,19970.62802419355,2131369.333333333,2269055.0446271133,7288020.0,362.0,23218292.88888889,15300924.962501414,45846566.0,8042716.0,1,11,32,MASTER,1,129,0,0,0,13,19,REPLAY
6,192.168.1.2-192.168.1.3-40837-20000,192.168.1.2,192.168.1.3,40837,20000,6, 18/05/2020  18:59:49 ,239262043.0,57,56,546,489,375,3073,3017,2793,35,8,9.578947368421053,4.847485977365161,34,7,8.578947368421053,4.847485977365161,32,5,6.578947368421053,4.847485977365162,468,7,54.875,104.88938979186165,467,6,53.875,104.88938979186165,463,2,49.875,104.88938979186165,15.125675408531055,14.653389881820912,13.240712819625971,0.4722855267101434,2136268.2410714286,4598590.093112869,39031532.0,88.0,239261794.0,4272532.035714285,5918545.581894267,39031840.0,789.0,239261685.0,4350212.454545454,6495028.387756327,39031781.0,333.0,570,57,114,560,56,224,0.2382325223228157,0.2340530043873277,32.02654867256637,7,468,77.018719915656,5931.8832174462705,31.02654867256637,6,467,77.018719915656,5931.8832174462705,28.035398230088497,2,463,76.7280598239583,5887.195164348925,5223825.666666667,8942421.250493232,33978720.0,0.0,10726960.6,8183527.234062755,39031532.0,5546121.0,1,11,113,MASTER,1,129,0,0,0,57,56,REPLAY
7,192.168.1.2-192.168.1.3-40837-20000,192.168.1.2,192.168.1.3,40837,20000,6, 18/05/2020  19:03:57 ,238609727.0,13,15,140,127,101,1881,1866,1806,17,8,10.769230769230768,4.323460152737353,16,7,9.76923076923077,4.323460152737353,14,5,7.769230769230768,4.323460152737352,282,7,125.4,121.43946169652948,281,6,124.4,121.43946169652948,277,2,120.4,121.43946169652948,8.469897792557301,8.352551360992925,7.992130178330911,0.11734643156437626,8837397.296296297,19426411.536328364,55498556.0,245.0,238609353.0,19884112.75,25542584.86792745,55499651.0,112792.0,238609259.0,17043518.5,24596963.90952826,55498841.0,504.0,130,13,26,150,15,60,0.05448227179774612,0.06286415976663014,72.17857142857143,7,282,105.0929231050906,11044.522486772488,71.17857142857143,6,281,105.0929231050906,11044.522486772488,68.10714285714286,2,277,104.53365195732133,10927.284391534391,1913498.2,2626479.855841407,5061362.0,278.0,44602186.0,21948585.00410991,55498556.0,5389170.0,1,11,28,MASTER,1,129,0,0,0,13,15,REPLAY
8,192.168.1.2-192.168.1.3-40837-20000,192.168.1.2,192.168.1.3,40837,20000,6, 18/05/2020  19:07:57 ,239601382.0,17,23,190,173,139,3303,3280,3188,17,8,11.176470588235292,4.4333296476470005,16,7,10.176470588235292,4.4333296476470005,14,5,8.176470588235292,4.4333296476470005,654,7,143.6086956521739,163.1980779550462,653,6,142.6086956521739,163.1980779550462,649,2,138.6086956521739,163.1980779550462,14.5783800195276,14.411436074271053,13.885562646712946,0.1669439452565428,6143625.179487179,10252865.014890593,36753650.0,97.0,239601285.0,14975080.3125,11383948.71061466,36962517.0,2011132.0,239600859.0,10890948.136363637,12212784.515285796,36754208.0,491.0,170,17,34,230,23,92,0.07095117673403069,0.09599276852251212,87.325,7,654,139.3842479971951,19427.968589743592,86.325,6,653,139.3842479971951,19427.968589743592,83.175,2,649,138.91076041464305,19296.19935897436,957841.8461538459,2044734.5831458927,6611357.0,242.0,17472972.384615384,11010496.029335007,36753650.0,6657443.0,1,11,40,MASTER,1,129,0,0,0,17,23,REPLAY
9,192.168.1.2-192.168.1.3-40837-20000,192.168.1.2,192.168.1.3,40837,20000,6, 18/05/2020  19:12:14 ,225062369.0,24,26,264,240,192,2863,2837,2733,35,8,11.0,6.317677063467305,34,7,10.0,6.317677063467305,32,5,8.0,6.317677063467305,468,7,110.1153846153846,135.20335111914258,467,6,109.1153846153846,135.20335111914258,463,2,105.1153846153846,135.20335111914258,13.893926443118529,13.671765802838411,12.996397456386855,0.2221606402801172,4593109.571428572,8769039.513385383,35001661.0,230.0,225062369.0,9785320.391304348,10708380.162628094,35002026.0,1039538.0,216982246.0,8679289.84,10917291.867230214,35002216.0,444.0,240,24,48,260,26,104,0.10663710733445626,0.11552353294566095,62.54,7,468,108.84537056704592,11847.314693877548,61.54,6,467,108.84537056704592,11847.314693877548,58.5,2,463,108.38522566686449,11747.357142857143,1935699.75,3794587.144899192,13236447.0,274.0,16819497.666666668,10756999.298465133,35001661.0,5239842.0,1,11,50,MASTER,1,129,0,0,0,24,26,REPLAY
10,192.168.1.2-192.168.1.3-40837-20000,192.168.1.2,192.168.1.3,40837,20000,6, 18/05/2020  19:16:44 ,224066266.0,24,31,237,213,165,3359,3328,3204,17,8,9.875,3.7336600529914814,16,7,8.875,3.7336600529914814,14,5,6.875,3.7336600529914814,468,7,108.35483870967742,132.31466242436292,467,6,107.35483870967742,132.31466242436292,463,2,103.35483870967742,132.31466242436292,16.048823699324732,15.803360600475216,15.035730545891276,0.24546309884951625,4149375.296296296,7835094.7721981425,36969890.0,17.0,224066266.0,9742011.56521739,10750212.33156807,36970288.0,817.0,220225651.0,7340855.033333332,9386758.967796607,36970187.0,477.0,240,24,48,310,31,124,0.10711117040706164,0.1383519284424546,65.38181818181818,7,468,110.27969339099005,12161.610774410772,64.38181818181818,6,467,110.27969339099005,12161.610774410772,61.25454545454546,2,463,109.83594132493246,12063.934006734009,1193378.4285714286,2088130.773704917,6024536.0,248.0,14537025.857142854,9502747.15369526,36969890.0,5771657.0,1,11,55,MASTER,1,129,0,0,0,24,31,REPLAY
11,192.168.1.2-192.168.1.3-40837-20000,192.168.1.2,192.168.1.3,40837,20000,6, 18/05/2020  19:21:02 ,235528496.0,61,64,524,463,341,2224,2160,1904,17,8,8.590163934426231,2.2463084470624826,16,7,7.590163934426229,2.2463084470624826,14,5,5.590163934426229,2.2463084470624826,282,7,34.75,76.37210493824571,281,6,33.75,76.37210493824571,277,2,29.75,76.37210493824571,11.667378031403894,11.136656687180649,9.531755342249543,0.5307213442232485,1899423.3548387096,3189130.6763403574,16146865.0,144.0,235528245.0,3925470.75,3798179.9844353083,16147758.0,741.0,235528054.0,3738540.53968254,4161393.9630673276,16183640.0,454.0,610,61,122,640,64,256,0.2589920159809453,0.2717293282423032,21.984,7,282,56.019579526470736,3138.1932903225797,20.984,6,281,56.019579526470736,3138.1932903225797,17.96,2,277,55.79287733474875,3112.845161290321,5986417.428571427,7311993.915819463,20022425.0,0.0,9852902.42857143,2951493.1348482613,16146865.0,5691415.0,1,11,125,MASTER,1,129,0,0,0,61,64,REPLAY
12,192.168.1.2-192.168.1.3-40837-20000,192.168.1.2,192.168.1.3,40837,20000,6, 18/05/2020  19:25:09 ,239962444.0,23,24,292,269,223,2439,2415,2319,80,8,12.695652173913045,15.076878090786131,79,7,11.695652173913045,15.076878090786131,77,5,9.695652173913043,15.076878090786131,485,7,101.625,136.83115984434184,484,6,100.625,136.83115984434184,480,2,96.625,136.83115984434184,11.38094759528287,11.185083612500627,10.593324345371313,0.19586398278223904,5216574.869565218,8975468.766599651,42971312.0,20.0,239962444.0,10907383.818181818,10510732.27056516,42971593.0,810.0,238895745.0,10386771.52173913,11730953.08744077,42971688.0,617.0,230,23,46,240,24,96,0.0958483319998191,0.10001565078241992,58.1063829787234,7,485,107.18801726558986,11489.271045328398,57.1063829787234,6,484,107.18801726558986,11489.271045328398,54.085106382978715,2,480,106.76830456794997,11399.470860314525,834188.8571428572,1456830.7077996854,4002487.0,0.0,16050981.642857146,9748236.04287552,42971312.0,5033496.0,1,11,47,MASTER,1,129,0,0,0,23,24,REPLAY
13,192.168.1.2-192.168.1.3-40837-20000,192.168.1.2,192.168.1.3,40837,20000,6, 18/05/2020  19:29:18 ,227996691.0,40,44,410,370,290,3501,3457,3281,35,8,10.25,6.363961030678928,34,7,9.25,6.363961030678928,32,5,7.25,6.363961030678928,671,7,79.56818181818181,146.2802976333009,670,6,78.56818181818181,146.2802976333009,666,2,74.56818181818181,146.2802976333009,17.153757727124205,16.785331327462114,15.662508014206223,0.36842639966208973,2746948.084337349,6583867.862780972,47042099.0,168.0,227986900.0,5845817.948717949,9010302.202467756,47043125.0,838.0,227996255.0,5302238.488372093,9084807.135070777,47042306.0,529.0,400,40,80,440,44,176,0.17544114269623326,0.19298525696585656,46.55952380952381,7,671,110.98500400064651,12317.671113023524,45.55952380952381,6,670,110.98500400064651,12317.671113023524,42.51190476190476,2,666,110.67378462651888,12248.686603557086,4576505.5,8078218.961547071,22162880.0,0.0,14422402.833333336,11888797.014289197,47042099.0,6875864.0,1,11,84,MASTER,1,129,0,0,0,40,44,REPLAY
14,192.168.1.2-192.168.1.3-40837-20000,192.168.1.2,192.168.1.3,40837,20000,6, 18/05/2020  19:33:51 ,227014670.0,25,29,308,283,233,2935,2906,2790,89,8,12.32,16.24992307674101,88,7,11.32,16.24992307674101,86,5,9.32,16.24992307674101,654,7,101.20689655172414,165.61301262503176,653,6,100.20689655172414,165.61301262503176,649,2,96.20689655172414,165.61301262503176,14.28542040917444,14.047550319104927,13.316320042224586,0.2378700900695096,4283295.660377358,8113348.45452611,40984771.0,235.0,224474420.0,9353100.833333334,10882027.42496478,40985852.0,936541.0,227014315.0,8107654.107142857,10379033.19867696,40985006.0,471.0,250,25,50,290,29,116,0.11012504169884704,0.12774504837066256,60.055555555555564,7,654,128.8840954613605,16611.110062893084,59.055555555555564,6,653,128.8840954613605,16611.110062893084,55.981481481481474,2,649,128.5381509683704,16522.056254367577,1328563.0,2652376.439257714,8974008.0,0.0,13636398.333333336,10567292.1664379,40984771.0,5267512.0,1,11,54,MASTER,1,129,0,0,0,25,29,REPLAY
15,192.168.1.2-192.168.1.3-40837-20000,192.168.1.2,192.168.1.3,40837,20000,6, 18/05/2020  19:38:12 ,239663428.0,59,60,499,440,322,2213,2153,1913,17,8,8.457627118644067,1.9941468999454992,16,7,7.4576271186440675,1.9941468999454992,14,5,5.457627118644068,1.9941468999454992,282,7,36.88333333333333,79.1049703096058,281,6,35.88333333333333,79.1049703096058,277,2,31.88333333333333,79.1049703096058,11.315869186349115,10.819339528098547,9.325578035210278,0.4965296582505696,2031046.0,4217217.176879711,31945980.0,200.0,239663061.0,4132121.741379311,5481925.695030901,31945980.0,683.0,239663131.0,4062086.966101695,5883408.644150685,37455639.0,527.0,590,59,118,600,60,240,0.2461785700570051,0.2503510881935645,22.789915966386555,7,282,57.74474426881503,3334.455490670846,21.789915966386555,6,281,57.74474426881503,3334.455490670846,18.781512605042018,2,277,57.5047764654094,3306.7993163367046,5031825.0,6860056.694288211,16559370.0,0.0,11567455.384615386,7203932.804531141,31945980.0,5509034.0,1,11,119,MASTER,1,129,0,0,0,59,60,REPLAY
16,192.168.1.2-192.168.1.3-40837-20000,192.168.1.2,192.168.1.3,40837,20000,6, 18/05/2020  19:42:14 ,231487966.0,60,50,516,456,336,2126,2076,1876,17,8,8.6,2.2639398686390857,16,7,7.6,2.2639398686390857,14,5,5.6,2.2639398686390857,282,7,42.52,84.95622882594621,281,6,41.52,84.95622882594621,277,2,37.52,84.95622882594621,11.413120282891938,10.937933594353671,9.55557231860597,0.4751866885382716,2123742.807339449,3906631.9813035424,25937227.0,140.0,231487539.0,3923517.6101694917,4724789.6270032665,25937227.0,532.0,231487630.0,4724237.346938776,7047935.784585782,37579225.0,364.0,600,60,120,500,50,200,0.2591927392026936,0.215993949335578,24.01818181818182,7,282,59.457946254564455,3535.247372810676,23.01818181818182,6,281,59.457946254564455,3535.247372810676,20.10909090909091,2,277,59.180232481776926,3502.2999165971637,7140590.615384615,12106673.399979398,42510793.0,0.0,10666090.923076924,5852341.751198154,25937227.0,5615923.0,1,11,110,MASTER,1,129,0,0,0,60,50,REPLAY
17,192.168.1.2-192.168.1.3-40837-20000,192.168.1.2,192.168.1.3,40837,20000,6, 18/05/2020  19:46:15 ,225037931.0,21,25,231,210,168,2890,2865,2765,17,8,11.0,4.347413023856832,16,7,10.0,4.347413023856832,14,5,8.0,4.347413023856832,485,7,115.6,153.1475323557865,484,6,114.6,153.1475323557865,480,2,110.6,153.1475323557865,13.868773082525365,13.664363097970359,13.033358363039696,0.20440998455500373,5000842.911111111,8464437.897500312,34660024.0,271.0,225037649.0,11251882.45,11243413.23739344,37185637.0,2000744.0,225037641.0,9376568.375,11560851.681467686,39251360.0,472.0,210,21,42,250,25,100,0.09331760164467563,0.11109238291032814,67.84782608695652,7,485,123.66171910881256,15292.220772946861,66.84782608695652,6,484,123.66171910881256,15292.220772946861,63.76086956521739,2,480,123.23603094741208,15187.119323671504,3422801.6,4772663.582480477,14007559.0,0.0,19080963.3,7671069.063543259,34660024.0,11075508.0,1,11,46,MASTER,1,129,0,0,0,21,25,REPLAY
18,192.168.1.2-192.168.1.3-40837-20000,192.168.1.2,192.168.1.3,40837,20000,6, 18/05/2020  19:50:37 ,239178927.0,37,36,332,295,221,2523,2487,2343,17,8,8.972972972972975,2.8332008448091046,16,7,7.972972972972973,2.8332008448091046,14,5,5.972972972972973,2.8332008448091046,671,7,70.08333333333333,139.9812997714848,670,6,69.08333333333333,139.9812997714848,666,2,65.08333333333333,139.9812997714848,11.936670323803234,11.631459488903888,10.720007954546931,0.30521083489934714,3321929.541666666,7054575.257395051,38296700.0,246.0,239178606.0,6643850.166666668,9379143.732866187,38297737.0,4782.0,239178442.0,6833669.771428571,9536317.723949946,38297068.0,445.0,370,37,74,360,36,144,0.15469590262021704,0.1505149322791301,39.109589041095894,7,671,102.35064479575372,10475.654490106546,38.109589041095894,6,670,102.35064479575372,10475.654490106546,35.12328767123287,2,666,102.052538920657,10414.720700152207,3290971.6923076925,7244984.58195956,24656592.0,0.0,15107382.615384614,10245946.574618973,38296700.0,5045417.0,1,11,73,MASTER,1,129,0,0,0,37,36,REPLAY
19,192.168.1.2-192.168.1.3-40837-20000,192.168.1.2,192.168.1.3,40837,20000,6, 18/05/2020  19:54:37 ,237630182.0,63,59,648,585,459,4050,3991,3755,62,8,10.285714285714286,8.39436940979002,61,7,9.285714285714286,8.39436940979002,59,5,7.2857142857142865,8.39436940979002,946,7,68.64406779661017,155.1977340209473,945,6,67.64406779661017,155.1977340209473,941,2,63.64406779661017,155.1977340209473,19.770215889495052,19.25681309287555,17.73343758159475,0.5134027966194967,1963885.8016528925,3761531.517431578,25507673.0,215.0,237629139.0,3832728.0483870967,5049669.818567548,25508840.0,1055.0,237629866.0,4097066.6551724137,6020945.491735664,30968308.0,423.0,630,63,126,590,59,236,0.2651178375985926,0.2482849590209042,38.50819672131148,7,946,111.5309871259252,12439.161089283294,37.50819672131148,6,945,111.5309871259252,12439.161089283294,34.540983606557376,2,941,111.27169841629095,12381.390868446013,7595828.230769231,14270822.786884887,50839486.0,0.0,10375279.692307692,6539857.160584465,25507673.0,5035645.0,1,11,122,MASTER,1,129,0,0,0,63,59,REPLAY
20,192.168.1.2-192.168.1.3-40837-20000,192.168.1.2,192.168.1.3,40837,20000,6, 18/05/2020  19:58:42 ,221755605.0,50,54,445,395,295,2598,2544,2328,26,8,8.9,3.2779411158810765,25,7,7.9,3.2779411158810765,23,5,5.9,3.2779411158810765,282,7,48.111111111111114,90.0380772002154,281,6,47.111111111111114,90.0380772002154,277,2,43.111111111111114,90.0380772002154,13.722313805777311,13.253329042122743,11.828336875633873,0.4689847636545647,2152967.0388349514,4273734.0805973485,30258809.0,109.0,221755159.0,4525615.489795919,5585573.433516414,30269052.0,68977.0,221755302.0,4184062.301886792,5905239.255318859,30259255.0,379.0,500,50,100,540,54,216,0.2254734440646945,0.2435113195898701,29.259615384615387,7,282,67.55838829469549,4564.135828976849,28.259615384615387,6,281,67.55838829469549,4564.135828976849,25.22115384615385,2,277,67.2726601994168,4525.610810306199,4584345.533333333,8984911.492408162,33931074.0,0.0,10199331.733333332,6708511.664355657,30258809.0,6048689.0,1,11,104,MASTER,1,129,0,0,0,50,54,REPLAY
21,192.168.1.2-192.168.1.3-40837-20000,192.168.1.2,192.168.1.3,40837,20000,6, 18/05/2020  20:02:54 ,216320803.0,21,25,249,228,186,2873,2848,2748,35,8,11.857142857142858,6.717780245629611,34,7,10.857142857142858,6.717780245629611,32,5,8.857142857142858,6.717780245629611,468,7,114.92,151.46752127106325,467,6,113.92,151.46752127106325,463,2,109.92,151.46752127106325,14.432268911279884,14.2196217716518,13.563189297147716,0.2126471396280828,4807128.955555555,9964318.302886227,43966537.0,42.0,216320803.0,10816040.15,12728976.279649165,43966936.0,37240.0,208260118.0,8677504.916666666,12453223.403554516,43966918.0,466.0,210,21,42,250,25,100,0.09707804200412476,0.11556909762395805,67.8695652173913,7,468,122.270121488022,14949.982608695656,66.8695652173913,6,467,122.270121488022,14949.982608695656,63.78260869565217,2,463,121.84597071594179,14846.440579710146,825323.5833333335,977320.8682275192,2967671.0,354.0,17201410.0,12944739.99946698,43966537.0,5195857.0,1,11,46,MASTER,1,129,0,0,0,21,25,REPLAY
22,192.168.1.3-192.168.1.2-20000-40837,192.168.1.3,192.168.1.2,20000,40837,6, 18/05/2020  20:07:00 ,228273616.0,28,23,5199,5171,5059,328,305,259,654,7,185.67857142857144,206.27616396497643,653,6,184.67857142857144,206.27616396497643,649,2,180.67857142857144,206.27616396497643,62,8,14.26086956521739,13.136408085595713,61,7,13.26086956521739,13.136408085595713,59,5,11.26086956521739,13.136408085595713,24.21217176495772,23.98875566942436,23.296603844046523,0.2234160955333533,4565472.32,8513886.237702435,38193077.0,13.0,228273616.0,8454578.370370371,10587683.706978787,38193685.0,335.0,228233889.0,10374267.681818182,10557699.083308592,38193443.0,1156.0,280,28,112,230,23,46,0.1226598171555665,0.10075627837778676,108.37254901960785,7,654,174.5673464064014,30473.75843137255,107.37254901960785,6,653,174.5673464064014,30473.75843137255,104.27450980392156,2,649,174.07355668583008,30301.60313725491,955138.0714285716,1338050.0824599185,4013346.0,0.0,15347289.642857146,9897721.52161213,38193077.0,5860412.0,11,1,51,OUTSTATION,1,129,0,0,0,23,28,REPLAY
23,192.168.1.2-192.168.1.3-40837-20000,192.168.1.2,192.168.1.3,40837,20000,6, 18/05/2020  20:11:24 ,230509069.0,18,23,207,189,153,3286,3263,3171,17,8,11.5,4.514681931340952,16,7,10.5,4.514681931340952,14,5,8.5,4.514681931340952,468,7,142.8695652173913,137.02100182348494,467,6,141.8695652173913,137.02100182348494,463,2,137.8695652173913,137.02100182348494,15.153416805479353,14.975549617095542,14.420256931409495,0.17786718838381144,5762726.725,12403021.901026288,59525390.0,251.0,230507923.0,13559289.588235294,16316640.182408273,59526627.0,861.0,230508667.0,10477666.681818182,15620749.523354108,59525729.0,572.0,180,18,36,230,23,92,0.07808803392460016,0.09977915445921133,85.1951219512195,7,468,121.20792455780172,14691.360975609754,84.1951219512195,6,467,121.20792455780172,14691.360975609754,81.07317073170732,2,463,120.66366276636526,14559.719512195124,1056275.3,1503277.1446773696,4002361.0,0.0,21529554.5,17184980.228176385,59525390.0,5045766.0,1,11,41,MASTER,1,129,0,0,0,18,23,REPLAY
24,192.168.1.2-192.168.1.3-40837-20000,192.168.1.2,192.168.1.3,40837,20000,6, 18/05/2020  20:15:55 ,236054048.0,43,46,407,364,278,3464,3418,3234,17,8,9.465116279069766,3.3618931543693282,16,7,8.465116279069766,3.3618931543693282,14,5,6.465116279069767,3.3618931543693282,468,7,75.30434782608695,127.4850526428216,467,6,74.30434782608695,127.4850526428216,463,2,70.30434782608695,127.4850526428216,16.398786772764854,16.02175447548351,14.877948629798546,0.3770322972813413,2682432.363636364,6198268.147871146,44117555.0,200.0,236053621.0,5620324.30952381,8216118.372527357,44118594.0,976.0,236053848.0,5245641.066666666,8342058.089456063,44117916.0,518.0,430,43,86,460,46,184,0.1821616717201986,0.19487062556114268,43.4943820224719,7,468,97.01067462298643,9411.070990806946,42.4943820224719,6,467,97.01067462298643,9411.070990806946,39.460674157303366,2,463,96.67248553043028,9345.569458631253,2497307.153846154,4464794.067707002,12093206.0,0.0,13741568.923076926,10779164.061249297,44117555.0,5013292.0,1,11,89,MASTER,1,129,0,0,0,43,46,REPLAY
25,192.168.1.2-192.168.1.3-40837-20000,192.168.1.2,192.168.1.3,40837,20000,6, 18/05/2020  20:20:03 ,238336236.0,49,56,482,433,335,4439,4383,4159,35,8,9.83673469387755,4.853464994102625,34,7,8.83673469387755,4.853464994102625,32,5,6.83673469387755,4.853464994102625,468,7,79.26785714285714,125.61926474599619,467,6,78.26785714285714,125.61926474599619,463,2,74.26785714285714,125.61926474599619,20.647300983640605,20.206746908598486,18.85571441180266,0.4405540750421182,2291694.576923077,4884322.859695024,36794936.0,162.0,238335866.0,4965330.541666667,6710405.154546939,36795212.0,673.0,238335895.0,4333379.909090909,6675435.727617991,36795702.0,478.0,490,49,98,560,56,224,0.20559190168632185,0.2349621733557964,46.86666666666667,7,468,97.81370309328092,9567.52051282051,45.86666666666667,6,467,97.81370309328092,9567.52051282051,42.8,2,463,97.46147167747091,9498.738461538462,3666726.1875,5487502.854775424,16043299.0,0.0,10963940.5,7920040.9528267225,36794936.0,5010723.0,1,11,105,MASTER,1,129,0,0,0,49,56,REPLAY
26,192.168.1.2-192.168.1.3-40837-20000,192.168.1.2,192.168.1.3,40837,20000,6, 18/05/2020  20:24:08 ,235779708.0,33,35,336,303,237,2977,2942,2802,44,8,10.181818181818182,6.761354087082638,43,7,9.181818181818182,6.761354087082638,41,5,7.1818181818181825,6.761354087082638,963,7,85.05714285714286,181.2885160467154,962,6,84.05714285714286,181.2885160467154,958,2,80.05714285714286,181.2885160467154,14.051251603042955,13.762846801048715,12.88914990088969,0.2884048019942412,3519100.119402985,6838458.53618554,36548911.0,255.0,235779453.0,7368107.90625,8413776.5102805,36549965.0,705.0,235779347.0,6934686.676470588,9193863.168718455,36549186.0,465.0,330,33,66,350,35,140,0.13996115390897002,0.1484436480852712,48.720588235294116,7,963,134.61474554836778,18121.129719051798,47.720588235294116,6,962,134.61474554836778,18121.129719051798,44.691176470588225,2,958,134.3362074699194,18046.216637401227,2271195.8571428573,4472170.27944767,14315447.0,0.0,14570146.714285715,8214695.02462067,36548911.0,6648715.0,1,11,68,MASTER,1,129,0,0,0,33,35,REPLAY
27,192.168.1.2-192.168.1.3-40837-20000,192.168.1.2,192.168.1.3,40837,20000,6, 18/05/2020  20:28:23 ,238596774.0,39,44,420,381,303,3023,2979,2803,35,8,10.769230769230768,6.895694837175541,34,7,9.76923076923077,6.895694837175541,32,5,7.769230769230768,6.895694837175539,282,7,68.70454545454545,105.17904547373176,281,6,67.70454545454545,105.17904547373176,277,2,63.70454545454545,105.17904547373176,14.430203486322071,14.08233625153708,13.017778689664931,0.3478672347849934,2909716.7560975607,6021636.334002345,39493327.0,15.0,238596434.0,6278853.52631579,8214360.947766422,39532651.0,585.0,238596464.0,5548754.976744186,9297000.470196737,39493671.0,361.0,390,39,78,440,44,176,0.16345568863391255,0.1844115461510808,41.481927710843365,7,282,81.66668745664325,6669.447840141052,40.481927710843365,6,281,81.66668745664325,6669.447840141052,37.42168674698795,2,277,81.31437344545861,6612.027328827504,2536091.1428571427,7230839.142180514,27011416.0,0.0,13501778.42857143,8615497.409782048,39493327.0,6234366.0,1,11,83,MASTER,1,129,0,0,0,39,44,REPLAY
28,192.168.1.2-192.168.1.3-40837-20000,192.168.1.2,192.168.1.3,40837,20000,6, 18/05/2020  20:32:25 ,234694726.0,40,45,428,388,308,2552,2507,2327,89,8,10.7,12.922252720969956,88,7,9.7,12.922252720969956,86,5,7.7,12.922252720969956,468,7,56.71111111111111,108.50861344575,467,6,55.71111111111111,108.50861344575,463,2,51.71111111111111,108.50861344575,12.697345401788025,12.335172798045747,11.227350716010552,0.36217260374227583,2793984.833333333,6066916.422554599,35990523.0,151.0,234694382.0,6017804.666666668,8382700.186426748,35991730.0,32903.0,234694415.0,5333963.977272728,8960690.494298387,36956209.0,301.0,400,40,80,450,45,180,0.17043416646695336,0.1917384372753225,35.05882352941177,7,468,82.33242041249845,6778.627450980393,34.05882352941177,6,467,82.33242041249845,6778.627450980393,31.0,2,463,82.05631051441502,6733.2380952380945,3807363.6923076925,7571868.414961157,26051201.0,0.0,14246050.307692308,9000291.082313592,35990523.0,6169432.0,1,11,85,MASTER,1,129,0,0,0,40,45,REPLAY
29,192.168.1.2-192.168.1.3-40837-20000,192.168.1.2,192.168.1.3,40837,20000,6, 18/05/2020  20:36:25 ,230965480.0,16,20,164,148,116,1916,1896,1816,17,8,10.25,4.024922359499621,16,7,9.25,4.024922359499621,14,5,7.25,4.024922359499621,282,7,95.8,116.76228662949082,281,6,94.8,116.76228662949082,277,2,90.8,116.76228662949082,9.005674787418448,8.849807339174667,8.364886389082905,0.15586744824378085,6599013.714285715,12700496.61350442,59049527.0,272.0,230965158.0,15397677.2,16109882.713680133,59050528.0,16587.0,230948510.0,12155184.736842105,15503917.656594787,59049849.0,484.0,160,16,32,200,20,80,0.06927442144168038,0.08659302680210046,57.77777777777778,7,282,96.26365910088845,9266.692063492064,56.77777777777778,6,281,96.26365910088845,9266.692063492064,53.66666666666666,2,277,95.81649127368419,9180.8,1810821.8,2349244.8489177115,4961413.0,0.0,21285694.0,16342103.196841003,59049527.0,9411347.0,1,11,36,MASTER,1,129,0,0,0,16,20,REPLAY
30,192.168.1.2-192.168.1.3-40837-20000,192.168.1.2,192.168.1.3,40837,20000,6, 18/05/2020  20:40:26 ,236460192.0,38,48,358,320,244,3478,3430,3238,35,8,9.421052631578947,4.9189736291956905,34,7,8.421052631578947,4.9189736291956905,32,5,6.421052631578947,4.9189736291956905,282,7,72.45833333333333,106.76100936468978,281,6,71.45833333333333,106.76100936468978,277,2,67.45833333333333,106.76100936468978,16.222603760720958,15.858906179015536,14.725523017421892,0.3636975817054229,2781884.6117647057,6193472.642699703,30205975.0,236.0,236459803.0,6390805.486486486,13991291.246341296,79996224.0,6892.0,236459377.0,5031050.5744680865,7659690.328952542,30205975.0,6552.0,380,38,76,480,48,192,0.1607035826140241,0.20299399909139884,44.6046511627907,7,282,85.4659586956072,7304.430095759236,43.6046511627907,6,281,85.4659586956072,7304.430095759236,40.48837209302326,2,277,85.10294723396467,7242.511627906973,4826990.9,7804012.736673905,19102377.0,285.0,17517788.9,8684790.399030741,30205975.0,8033353.0,1,11,86,MASTER,1,129,0,0,0,38,48,REPLAY
31,192.168.1.2-192.168.1.3-40837-20000,192.168.1.2,192.168.1.3,40837,20000,6, 18/05/2020  20:44:30 ,234270231.0,31,33,356,325,263,2485,2452,2320,62,8,11.483870967741936,10.04281158421928,61,7,10.483870967741936,10.04281158421928,59,5,8.483870967741936,10.04281158421928,485,7,75.3030303030303,123.9043191459858,484,6,74.3030303030303,123.9043191459858,480,2,70.3030303030303,123.9043191459858,12.12702095299509,11.85383216700717,11.02572865948128,0.2731887859879218,3718575.095238095,6306391.688023803,29011302.0,175.0,234270231.0,7809007.7,7259748.241598702,29021815.0,20760.0,221088048.0,6909001.5,7771413.575004143,29011587.0,519.0,310,31,62,330,33,132,0.13232581821289965,0.14086296777502216,44.390625,7,485,94.23048695947108,8879.384672619048,43.390625,6,484,94.23048695947108,8879.384672619048,40.359375,2,480,93.89159016847613,8815.63070436508,1467950.294117647,3575708.9332283945,14022443.0,0.0,12312651.529411765,6666982.661103326,29011302.0,5944043.0,1,11,64,MASTER,1,129,0,0,0,31,33,REPLAY
32,192.168.1.3-192.168.1.2-20000-40837,192.168.1.3,192.168.1.2,20000,40837,6, 18/05/2020  20:48:48 ,213286953.0,15,9,3281,3266,3206,162,153,135,654,7,218.7333333333333,182.63877958835525,653,6,217.7333333333333,182.63877958835525,649,2,213.7333333333333,182.63877958835525,62,8,18.0,17.102631376487068,61,7,17.0,17.102631376487068,59,5,15.0,17.102631376487068,16.142572021271267,16.030047557573766,15.66434305055687,0.1125244636975052,9273345.782608695,14400958.949682867,40996436.0,293.0,213286953.0,15234782.357142854,15911329.072135335,40996959.0,529.0,210371474.0,26296434.25,12068636.674049675,40996757.0,1964519.0,150,15,60,90,9,18,0.07032778981094075,0.04219667388656445,143.45833333333334,7,654,173.95526140653087,30260.43297101449,142.45833333333334,6,653,173.95526140653087,30260.43297101449,139.20833333333334,2,649,173.39273821780046,30065.04166666667,744107.5714285716,1320057.694470063,3235344.0,294.0,29725415.28571429,7578749.24719138,40996436.0,19004026.0,11,1,24,OUTSTATION,1,129,0,0,0,9,15,REPLAY
33,192.168.1.2-192.168.1.3-40837-20000,192.168.1.2,192.168.1.3,40837,20000,6, 18/05/2020  20:53:04 ,217476451.0,22,31,410,388,344,4725,4694,4570,80,8,18.63636363636364,20.90237046148333,79,7,17.636363636363637,20.90237046148333,77,5,15.636363636363635,20.90237046148333,485,7,152.41935483870967,145.4768651008465,484,6,151.41935483870967,145.4768651008465,480,2,147.41935483870967,145.4768651008465,23.611751876528462,23.36804732940947,22.5955498970323,0.24370454711898895,4182239.4423076925,8252591.418176939,46055745.0,43.0,217437437.0,10354163.666666666,11292033.396317964,46056903.0,1590102.0,217475831.0,7249194.366666666,10092331.426890867,46056061.0,509.0,220,22,44,310,31,124,0.10116037804939164,0.14254416906959733,96.8867924528302,7,485,129.6733559575097,16815.179245283016,95.8867924528302,6,484,129.6733559575097,16815.179245283016,92.71698113207547,2,480,129.1655731339387,16683.745283018863,1430068.7142857143,2607790.3055964224,10005316.0,278.0,14101176.785714285,10974138.900436455,46055745.0,5299207.0,1,11,53,MASTER,1,129,0,0,0,22,31,REPLAY
34,192.168.1.2-192.168.1.3-40837-20000,192.168.1.2,192.168.1.3,40837,20000,6, 18/05/2020  20:57:25 ,238992392.0,26,31,289,263,211,3837,3806,3682,44,8,11.115384615384617,7.612237111792686,43,7,10.115384615384617,7.612237111792686,41,5,8.115384615384615,7.612237111792686,946,7,123.77419354838709,199.36979204105782,945,6,122.77419354838709,199.36979204105782,941,2,118.77419354838709,199.36979204105782,17.264147889695167,17.02564657372022,16.289221457727407,0.2385013159749453,4267721.285714285,7988645.516918987,34500844.0,287.0,238992056.0,9559682.24,9759841.579920672,34501131.0,918994.0,238991986.0,7966399.533333332,10857032.6878909,39670343.0,515.0,260,26,52,310,31,124,0.10879007395348383,0.1297112420214615,72.3859649122807,7,946,156.60274518506608,24524.41979949875,71.3859649122807,6,945,156.60274518506608,24524.41979949875,68.29824561403508,2,941,156.24225294077792,24411.641604010023,850275.6153846155,1533384.7096282104,5444862.0,0.0,16381566.615384614,9033732.29958582,34500844.0,5512471.0,1,11,57,MASTER,1,129,0,0,0,26,31,REPLAY
35,192.168.1.2-192.168.1.3-40837-20000,192.168.1.2,192.168.1.3,40837,20000,6, 18/05/2020  21:01:30 ,197999945.0,20,24,196,176,136,1961,1937,1841,17,8,9.8,3.6935220675065543,16,7,8.8,3.6935220675065543,14,5,6.8,3.6935220675065543,468,7,81.70833333333333,130.40521434182082,467,6,80.70833333333333,130.40521434182082,463,2,76.70833333333333,130.40521434182082,10.893942420034511,10.671720136083877,9.98485125841828,0.2222222839506344,4604649.883720932,7229032.837559205,27964035.0,182.0,197999945.0,10421049.736842103,9512501.671562543,33689088.0,680188.0,194381373.0,8451364.043478262,9672902.326438785,32533721.0,509.0,200,20,40,240,24,96,0.1010101290684702,0.12121215488216425,49.02272727272727,7,468,102.04820763130091,10413.836680761098,48.02272727272727,6,467,102.04820763130091,10413.836680761098,44.93181818181818,2,463,101.69502920034586,10341.878964059195,1378398.923076923,3289746.81606798,11682400.0,0.0,13574042.384615386,7358926.669465046,27964035.0,5313402.0,1,11,44,MASTER,1,129,0,0,0,20,24,REPLAY
36,192.168.1.2-192.168.1.3-40837-20000,192.168.1.2,192.168.1.3,40837,20000,6, 18/05/2020  21:05:39 ,239697555.0,48,47,519,471,375,4444,4397,4209,62,8,10.8125,8.5394111362079,61,7,9.8125,8.5394111362079,59,5,7.8125,8.5394111362079,946,7,94.55319148936172,189.11852833958943,945,6,93.55319148936172,189.11852833958943,941,2,89.55319148936171,189.11852833958943,20.705259175463848,20.30892638850655,19.12409995170789,0.39633278695729707,2549973.989361702,4547521.908528745,23293937.0,25.0,239652664.0,5098992.85106383,5374928.963576073,23304660.0,522.0,239697082.0,5210806.130434782,6480886.68802341,26009934.0,464.0,480,48,96,470,47,188,0.2002523555152659,0.1960804314420312,52.2421052631579,7,946,138.96208849205564,19310.462038073903,51.2421052631579,6,945,138.96208849205564,19310.462038073903,48.252631578947366,2,941,138.66091876205527,19226.85039193729,3736908.1875,7471598.972329277,26265338.0,0.0,11240733.875,4938617.039674473,23293937.0,5765709.0,1,11,95,MASTER,1,129,0,0,0,48,47,REPLAY
37,192.168.1.2-192.168.1.3-40837-20000,192.168.1.2,192.168.1.3,40837,20000,6, 18/05/2020  21:09:46 ,237021267.0,35,39,307,272,202,2066,2027,1871,17,8,8.771428571428572,2.556257768988215,16,7,7.7714285714285705,2.5562577689882144,14,5,5.7714285714285705,2.5562577689882144,282,7,52.97435897435897,94.63878340953127,281,6,51.97435897435897,94.63878340953127,277,2,47.97435897435897,94.63878340953127,10.011759830817207,9.699551559649711,8.746050623381404,0.3122082711674982,3246866.671232877,6553799.483396994,35665742.0,280.0,237020848.0,6971201.4117647065,11457078.1555735,56630530.0,888.0,237020932.0,6237392.947368422,8323013.441993559,36840524.0,521.0,350,35,70,390,39,156,0.14766607420084374,0.16454219696665448,32.067567567567565,7,282,71.82652829285959,5159.050166604961,31.067567567567572,6,281,71.82652829285959,5159.0501666049595,28.013513513513512,2,277,71.52190836748703,5115.383376527211,3072384.0,5701019.978011074,18009202.0,0.0,13857676.57142857,9116377.524432497,35665742.0,5006257.0,1,11,74,MASTER,1,129,0,0,0,35,39,REPLAY
38,192.168.1.2-192.168.1.3-40837-20000,192.168.1.2,192.168.1.3,40837,20000,6, 18/05/2020  21:14:05 ,239656923.0,13,18,167,154,128,3729,3711,3639,17,8,12.846153846153848,4.6698706949649385,16,7,11.846153846153848,4.6698706949649385,14,5,9.846153846153848,4.6698706949649385,654,7,207.16666666666663,172.60708526115883,653,6,206.16666666666663,172.60708526115883,649,2,202.16666666666663,172.60708526115883,16.256571899656745,16.127220326533187,15.718302450207126,0.1293515731235521,7988564.1,14385272.791462105,46163604.0,15.0,239655714.0,19971309.5,17101001.116017465,46163971.0,1184.0,239656564.0,14097444.94117647,17073808.581243023,47045488.0,545.0,130,13,26,180,18,72,0.05424420808407025,0.07510736503948187,125.67741935483869,7,654,162.45786881460975,26392.55913978495,124.67741935483869,6,653,162.45786881460975,26392.55913978495,121.51612903225808,2,649,161.85793585070044,26197.991397849462,518040.5555555556,692870.2498233545,1904019.0,356.0,26110372.11111111,14890227.107730525,46163604.0,11959188.0,1,11,31,MASTER,1,129,0,0,0,13,18,REPLAY
39,192.168.1.2-192.168.1.3-40837-20000,192.168.1.2,192.168.1.3,40837,20000,6, 18/05/2020  21:18:53 ,233366618.0,33,35,318,285,219,2038,2003,1863,26,8,9.636363636363637,4.181941697780633,25,7,8.636363636363637,4.181941697780633,23,5,6.636363636363638,4.181941697780633,282,7,58.228571428571435,97.7963326974771,281,6,57.228571428571435,97.7963326974771,277,2,53.228571428571435,97.7963326974771,10.09570271957234,9.804315714083838,8.921584491574539,0.2913870054885057,3483083.850746269,8876741.098624835,49445425.0,211.0,233366268.0,7292695.875,11793704.861737786,49446589.0,659347.0,233366206.0,6863711.94117647,13232422.314372212,49445763.0,351.0,330,33,66,350,35,140,0.14140839972236305,0.1499786057661426,34.64705882352941,7,282,73.8943910997072,5460.381035996488,33.64705882352941,6,281,73.8943910997072,5460.381035996488,30.617647058823533,2,277,73.56711412681756,5412.1202809482,3410342.1818181816,6039338.606318275,16008626.0,0.0,17804773.09090909,15669022.513798175,49445425.0,6081275.0,1,11,68,MASTER,1,129,0,0,0,33,35,REPLAY
40,192.168.1.2-192.168.1.3-40837-20000,192.168.1.2,192.168.1.3,40837,20000,6, 18/05/2020  21:22:56 ,226144925.0,17,25,199,182,148,3351,3326,3226,35,8,11.705882352941178,7.83234244880126,34,7,10.705882352941176,7.83234244880126,32,5,8.705882352941176,7.83234244880126,654,7,134.04,161.21349199121022,653,6,133.04,161.21349199121022,649,2,129.04,161.21349199121022,15.69789815093131,15.5121765390048,14.919636158096404,0.1857216119265113,5515729.87804878,11227505.211897327,56976319.0,177.0,226144625.0,14134039.0625,18463746.108937614,65985680.0,1292530.0,226144572.0,9422690.5,14780665.35115979,56976619.0,281.0,170,17,34,250,25,100,0.07517303339882599,0.11054857852768528,84.52380952380952,7,654,137.59027867234505,18931.084785133567,83.52380952380952,6,653,137.59027867234505,18931.084785133567,80.33333333333333,2,649,137.15429564183592,18811.300813008133,1526381.3636363638,4186348.8396424935,14043585.0,0.0,19032220.90909091,15077563.164183944,56976319.0,6503060.0,1,11,42,MASTER,1,129,0,0,0,17,25,REPLAY
41,192.168.1.3-192.168.1.2-20000-40837,192.168.1.3,192.168.1.2,20000,40837,6, 18/05/2020  21:26:56 ,228629972.0,28,21,2450,2422,2310,213,192,150,282,7,87.5,113.1709621177918,281,6,86.5,113.1709621177918,277,2,82.5,113.1709621177918,26,8,10.142857142857142,4.850625880087168,25,7,9.142857142857142,4.850625880087168,23,5,7.142857142857142,4.850625880087168,11.647641718645707,11.433321611918842,10.759744133634412,0.2143201067268643,4763124.416666667,8318051.181373541,36881705.0,229.0,228629972.0,8467776.74074074,11818767.993543195,36882085.0,419.0,190999762.0,9549988.1,10484449.819751127,38611255.0,595.0,280,28,112,210,21,42,0.12246863241535105,0.09185147431151328,54.3469387755102,7,282,93.32817344823412,8710.147959183674,53.3469387755102,6,281,93.32817344823412,8710.147959183674,50.204081632653065,2,277,92.91819421580757,8633.790816326531,1139865.6,2762360.2652718867,10316108.0,0.0,14101525.2,9738487.49186312,36881705.0,5034042.0,11,1,49,OUTSTATION,1,129,0,0,0,21,28,REPLAY
42,192.168.1.2-192.168.1.3-40837-20000,192.168.1.2,192.168.1.3,40837,20000,6, 18/05/2020  21:31:11 ,231164274.0,12,14,150,138,114,2318,2304,2248,17,8,12.5,4.700096710803842,16,7,11.5,4.700096710803842,14,5,9.5,4.700096710803842,282,7,165.57142857142858,113.98428655923405,281,6,164.57142857142858,113.98428655923405,277,2,160.57142857142858,113.98428655923405,10.676390245319656,10.563916117937843,10.21784187983996,0.1124741273818116,9246570.96,15598100.17634801,49956078.0,249.0,230955555.0,20995959.545454547,17708043.438133102,49956340.0,603412.0,231163947.0,17781842.076923076,19095769.52097642,49956643.0,5023.0,120,12,24,140,14,56,0.05191113571468228,0.06056299166712933,94.92307692307692,7,282,113.23318350268991,12821.753846153842,93.92307692307692,6,281,113.23318350268991,12821.753846153842,90.84615384615385,2,277,112.5368179069205,12664.535384615383,1213929.857142857,1694760.9002990588,4362522.0,262.0,31779720.85714286,12123959.91973059,49956078.0,16791021.0,1,11,26,MASTER,1,129,0,0,0,12,14,REPLAY
43,192.168.1.3-192.168.1.2-20000-40837,192.168.1.3,192.168.1.2,20000,40837,6, 18/05/2020  21:35:14 ,234540691.0,22,20,2879,2857,2769,232,212,172,485,7,130.86363636363637,157.91809071991517,484,6,129.86363636363637,157.91809071991517,480,2,125.86363636363636,157.91809071991517,35,8,11.6,6.785433314325467,34,7,10.6,6.785433314325467,32,5,8.6,6.785433314325467,13.264222880625859,13.085149476258685,12.53940195818729,0.17907340436717653,5720504.658536585,12401017.031687178,65469197.0,21.0,221511122.0,10548148.666666666,16789978.590042926,65469572.0,424.0,234540152.0,12344218.52631579,15991914.271155227,65509604.0,1533509.0,220,22,88,200,20,40,0.09380035466852103,0.08527304969865547,74.07142857142857,7,485,128.17545004029188,16428.945993031353,73.07142857142857,6,484,128.17545004029188,16428.945993031353,70.02380952380952,2,480,127.70306413712872,16308.072590011616,1711894.9,4882641.314340231,15540588.0,0.0,21343657.3,17892007.161948986,65469197.0,7035803.0,11,1,42,OUTSTATION,1,129,0,1,0,20,22,REPLAY
44,192.168.1.2-192.168.1.3-40837-20000,192.168.1.2,192.168.1.3,40837,20000,6, 18/05/2020  21:39:22 ,238874946.0,60,59,552,492,372,3521,3462,3226,35,8,9.2,4.213778850792936,34,7,8.2,4.213778850792936,32,5,6.2,4.213778850792936,282,7,59.677966101694906,98.7489747965929,281,6,58.677966101694906,98.7489747965929,277,2,54.677966101694906,98.7489747965929,17.05076261953399,16.552594008749665,15.062274467243626,0.4981686107843223,2024363.9491525425,3777869.701500482,24013630.0,224.0,238874640.0,4048722.7118644076,4552057.847019665,24014711.0,210267.0,238874700.0,4118529.3103448274,5023447.0635833815,24013887.0,317.0,600,60,120,590,59,236,0.2511774508156247,0.2469911599686976,34.226890756302524,7,282,73.78535486662004,5444.278592793049,33.226890756302524,6,281,73.78535486662004,5444.278592793049,30.235294117647058,2,277,73.4464760588526,5394.384845463608,4537929.25,6628304.605325141,20978237.0,0.0,9640433.8125,5517160.101649243,24013630.0,5294145.0,1,11,119,MASTER,1,129,0,0,0,60,59,REPLAY
45,192.168.1.2-192.168.1.3-40837-20000,192.168.1.2,192.168.1.3,40837,20000,6, 18/05/2020  21:43:23 ,233206196.0,39,41,384,345,267,3412,3371,3207,35,8,9.846153846153848,5.1326532665528735,34,7,8.846153846153848,5.1326532665528735,32,5,6.846153846153847,5.1326532665528735,282,7,83.21951219512195,111.48441868600337,281,6,82.21951219512195,111.48441868600337,277,2,78.21951219512195,111.48441868600337,16.277440587384735,15.934396528641114,14.896688250941667,0.3430440587436193,2951977.164556962,7742025.308928884,53996830.0,23.0,233206196.0,6137005.157894737,10315232.257364428,53997956.0,525.0,233110953.0,5827773.825,10621652.359061522,53997083.0,385.0,390,39,78,410,41,164,0.1672339786375144,0.17581008010610488,47.45,7,282,87.56609077242491,7667.820253164557,46.45,6,281,87.56609077242491,7667.820253164557,43.425,2,277,87.14686788564737,7594.576582278481,2117023.833333333,3429509.4382858863,12024280.0,0.0,15882980.083333336,14235526.009138567,53996830.0,5040516.0,1,11,80,MASTER,1,129,0,0,0,39,41,REPLAY
46,192.168.1.2-192.168.1.3-40837-20000,192.168.1.2,192.168.1.3,40837,20000,6, 18/05/2020  21:47:26 ,209679883.0,25,27,335,310,260,2921,2894,2786,62,8,13.4,12.727922061357855,61,7,12.4,12.727922061357855,59,5,10.4,12.727922061357855,654,7,108.1851851851852,169.71810044374647,653,6,107.1851851851852,169.71810044374647,649,2,103.1851851851852,169.71810044374647,15.528432930306431,15.280435844195885,14.526906236398466,0.24799708611054502,4111370.2549019614,8267436.897476747,38453656.0,117.0,209642169.0,8735090.375,10343405.255979285,38454399.0,554.0,209679533.0,8064597.423076922,12041246.867779125,38454123.0,380.0,250,25,50,270,27,108,0.1192293683223774,0.1287677177881676,62.615384615384606,7,654,130.56591061059797,17047.457013574658,61.615384615384606,6,653,130.56591061059797,17047.457013574658,58.57692307692307,2,649,130.19974792208455,16951.97435897436,1039528.3076923076,2757472.949561409,10005360.0,0.0,15086714.615384614,10391866.566172007,38453656.0,5046601.0,1,11,52,MASTER,1,129,0,0,0,25,27,REPLAY
47,192.168.1.2-192.168.1.3-40837-20000,192.168.1.2,192.168.1.3,40837,20000,6, 18/05/2020  21:51:52 ,219191257.0,46,48,413,367,275,3051,3003,2811,17,8,8.978260869565217,2.8322674892098,16,7,7.978260869565218,2.8322674892098,14,5,5.978260869565218,2.8322674892098,671,7,63.5625,128.79951537010714,670,6,62.5625,128.79951537010714,666,2,58.5625,128.79951537010714,15.803550047618913,15.374700825772445,14.079028708704382,0.4288492218464717,2356895.23655914,4726391.367182062,27003002.0,226.0,219190933.0,4870909.622222221,5903302.235332483,27003542.0,972.0,219190852.0,4663635.14893617,6422870.030046326,27003329.0,491.0,460,46,92,480,48,192,0.2098623851589117,0.21898683668756005,36.85106382978724,7,671,95.60469208879722,9140.257149393732,35.85106382978724,6,670,95.60469208879722,9140.257149393732,32.829787234042556,2,666,95.32114798782946,9086.121253717683,5843819.5,7678471.440205715,24010559.0,0.0,12422091.583333336,7006842.474152902,27003002.0,6089830.0,1,11,94,MASTER,1,129,0,0,0,46,48,REPLAY
48,192.168.1.2-192.168.1.3-40837-20000,192.168.1.2,192.168.1.3,40837,20000,6, 18/05/2020  21:56:13 ,218046851.0,45,46,477,432,342,4010,3964,3780,62,8,10.6,9.126385324481381,61,7,9.6,9.126385324481381,59,5,7.6,9.126385324481381,1149,7,87.17391304347827,201.53536269215616,1148,6,86.17391304347827,201.53536269215616,1144,2,82.17391304347827,201.53536269215616,20.578146299393246,20.160804798781523,18.904194126609973,0.4173415006117194,2422742.788888889,5147398.845630623,37642446.0,231.0,213864623.0,4860559.613636363,7819204.78782661,43551952.0,872.0,218046216.0,4845471.466666667,7418193.522467587,41824185.0,489.0,450,45,90,460,46,184,0.20637766513766345,0.210963835474056,49.30769230769231,7,1149,147.753074215635,21830.97094017094,48.30769230769231,6,1148,147.753074215635,21830.97094017094,45.2967032967033,2,1144,147.49429326101583,21754.56654456654,4100362.7142857136,6790583.665024538,24459525.0,0.0,11175681.785714284,8745317.477342077,37642446.0,5559375.0,1,11,91,MASTER,1,129,0,0,0,45,46,REPLAY
49,192.168.1.2-192.168.1.3-40837-20000,192.168.1.2,192.168.1.3,40837,20000,6, 18/05/2020  22:00:52 ,215066359.0,15,19,147,132,102,1909,1890,1814,17,8,9.8,3.7263540204487127,16,7,8.8,3.7263540204487127,14,5,6.8,3.7263540204487127,282,7,100.47368421052632,118.02418227778229,281,6,99.47368421052632,118.02418227778229,277,2,95.47368421052632,118.02418227778229,9.559840086380037,9.401749345651963,8.908878212793848,0.15809074072807452,6517162.393939394,10634829.881413272,36044770.0,278.0,215065958.0,15361854.142857146,15051722.511709396,52966969.0,38989.0,215066019.0,11948112.166666664,12145699.86179556,36045076.0,602.0,150,15,30,190,19,76,0.06974591502709171,0.08834482570098283,60.470588235294116,7,282,98.44956724411024,9692.317290552584,59.470588235294116,6,281,98.44956724411024,9692.317290552584,56.352941176470594,2,277,97.98573871277058,9601.204991087347,527283.2727272727,870878.7937187459,2093701.0,307.0,19024167.454545453,10146130.985562453,36044770.0,6977285.0,1,11,34,MASTER,1,129,0,0,0,15,19,REPLAY
50,192.168.1.3-192.168.1.2-20000-40837,192.168.1.3,192.168.1.2,20000,40837,6, 18/05/2020  22:04:57 ,204681111.0,27,24,3382,3355,3247,300,276,228,963,7,125.25925925925924,211.73270387858815,962,6,124.25925925925924,211.73270387858815,958,2,120.25925925925924,211.73270387858815,62,8,12.5,11.259778359082036,61,7,11.5,11.259778359082036,59,5,9.5,11.259778359082036,17.988958443752047,17.73979036101675,16.977629166767617,0.2491680827352945,4093622.22,7957230.328283513,34047292.0,271.0,204681111.0,7872350.423076922,10243162.483971633,34047946.0,509.0,203911017.0,8865696.391304348,10002803.361006277,34047655.0,587.0,270,27,108,240,24,48,0.13191251438927354,0.11725556834602095,72.19607843137257,7,963,163.0991133768474,26601.320784313724,71.19607843137257,6,962,163.0991133768474,26601.320784313724,68.13725490196079,2,958,162.75048627980723,26487.720784313726,1297733.5,2918574.8179917764,10124114.0,0.0,15405111.25,9812228.679325748,34047292.0,5283395.0,11,1,51,OUTSTATION,1,129,0,0,0,24,27,REPLAY
51,192.168.1.2-192.168.1.3-40837-20000,192.168.1.2,192.168.1.3,40837,20000,6, 18/05/2020  22:09:11 ,235949839.0,27,33,315,288,234,3834,3801,3669,53,8,11.666666666666664,9.089300556994727,52,7,10.666666666666666,9.089300556994727,50,5,8.666666666666666,9.089300556994727,654,7,116.1818181818182,150.6503515066955,653,6,115.1818181818182,150.6503515066955,649,2,111.1818181818182,150.6503515066955,17.58424594644457,17.32995460954733,16.541651465165867,0.2542913368972462,3999149.8135593217,7942893.009217393,31452360.0,14.0,235948760.0,9074952.307692308,10645601.540467164,35970483.0,214943.0,235949472.0,7373421.0,9734082.384484563,31452721.0,508.0,270,27,54,330,33,132,0.11443110160376077,0.1398602352934854,69.15,7,654,122.86258342872196,15095.214406779663,68.15,6,653,122.86258342872196,15095.214406779663,65.05,2,649,122.4377288977018,14990.99745762712,2745422.083333333,7356115.492686087,25908327.0,0.0,16916974.583333332,9943152.827272814,31452360.0,5043459.0,1,11,60,MASTER,1,129,0,0,0,27,33,REPLAY
52,192.168.1.2-192.168.1.3-40837-20000,192.168.1.2,192.168.1.3,40837,20000,6, 18/05/2020  22:13:16 ,232159568.0,14,16,166,152,124,1888,1872,1808,35,8,11.857142857142858,7.664675645273761,34,7,10.857142857142858,7.664675645273761,32,5,8.857142857142858,7.664675645273761,282,7,118.0,120.99807160997787,281,6,117.0,120.99807160997787,277,2,113.0,120.99807160997787,8.84736312052407,8.718141653330436,8.321862487269962,0.12922146719363295,8005502.344827586,13833585.90086572,45930684.0,195.0,232155666.0,17858128.153846152,15997697.070229325,45930684.0,4521655.0,232159179.0,15477278.6,20031113.86999672,50452553.0,420.0,140,14,28,160,16,64,0.06030335135702871,0.06891811583660425,68.46666666666667,7,282,102.468408363962,10499.774712643675,67.46666666666667,6,281,102.468408363962,10499.774712643675,64.4,2,277,101.93865633395613,10391.489655172414,377213.41666666674,1305160.7118360042,4521655.0,0.0,18969073.33333333,16176610.388352275,45930684.0,5038822.0,1,11,30,MASTER,1,129,0,0,0,14,16,REPLAY
53,192.168.1.2-192.168.1.3-40837-20000,192.168.1.2,192.168.1.3,40837,20000,6, 18/05/2020  22:17:52 ,237974683.0,17,20,190,173,139,1933,1913,1833,35,8,11.176470588235292,7.07314723194038,34,7,10.176470588235292,7.07314723194038,32,5,8.176470588235292,7.07314723194038,468,7,96.65,138.47601920454255,467,6,95.65,138.47601920454255,463,2,91.65,138.47601920454255,8.921117041681278,8.765638317921407,8.286595763634235,0.15547872375987154,6610407.861111111,12622213.804401815,45322006.0,262.0,237974274.0,14873392.125,15517709.47450664,45323145.0,427623.0,237974408.0,12524968.842105266,15394953.311480224,45322297.0,494.0,170,17,34,200,20,80,0.0714361703761572,0.08404255338371436,57.37837837837838,7,468,109.57882787983965,12007.519519519521,56.37837837837838,6,467,109.57882787983965,12007.519519519521,53.2972972972973,2,463,109.18456974440237,11921.270270270266,1048444.6,3150714.179075708,10005515.0,0.0,22748982.8,14734534.120152252,45322006.0,5044737.0,1,11,37,MASTER,1,129,0,0,0,17,20,REPLAY
54,192.168.1.2-192.168.1.3-40837-20000,192.168.1.2,192.168.1.3,40837,20000,6, 18/05/2020  22:22:20 ,214665443.0,36,38,396,360,288,4381,4343,4191,35,8,11.0,6.803360514166089,34,7,10.0,6.803360514166089,32,5,8.0,6.803360514166089,1132,7,115.2894736842105,217.68982494871457,1131,6,114.2894736842105,217.68982494871457,1127,2,110.2894736842105,217.68982494871457,22.25323244039796,21.908509978478467,20.865025769424843,0.3447224619194995,2940622.506849315,6445629.237600245,36842458.0,245.0,214654177.0,6132976.485714287,8303077.825571268,36842779.0,883.0,214664904.0,5801754.162162162,9521432.39244672,36843065.0,635.0,360,36,72,380,38,152,0.16770281931218894,0.17701964260731054,64.55405405405405,7,1132,163.69334359333052,26795.51073676416,63.55405405405406,6,1131,163.69334359333052,26795.51073676416,60.52702702702703,2,1127,163.37344588756568,26690.882821177347,4026056.9090909087,8950109.55130659,30017138.0,0.0,15356269.0,9675234.142766023,36842458.0,7533198.0,1,11,74,MASTER,1,129,0,0,0,36,38,REPLAY
55,192.168.1.2-192.168.1.3-40837-20000,192.168.1.2,192.168.1.3,40837,20000,6, 18/05/2020  22:26:52 ,235057334.0,23,30,292,269,223,4291,4261,4141,62,8,12.695652173913045,11.471049657165386,61,7,11.695652173913045,11.471049657165386,59,5,9.695652173913043,11.471049657165386,946,7,143.03333333333333,209.47726126839103,945,6,142.03333333333333,209.47726126839103,941,2,138.03333333333333,209.47726126839103,19.497370798904747,19.27189389461892,18.56568321327085,0.2254769042858284,4520333.346153846,7525646.73319938,35978421.0,251.0,235057008.0,10684409.454545457,10900062.971743166,35986089.0,19895.0,235056989.0,8105413.413793104,10062547.920487633,38243229.0,656.0,230,23,46,300,30,120,0.09784846789762364,0.12762843638820476,86.47169811320755,7,946,169.64891391132372,28780.753991291724,85.47169811320755,6,945,169.64891391132372,28780.753991291724,82.33962264150944,2,941,169.2667379970517,28651.228592162548,1413160.5333333334,2940619.142500482,10005350.0,0.0,14257306.666666664,7819117.32646822,35978421.0,6185319.0,1,11,53,MASTER,1,129,0,0,0,23,30,REPLAY
56,192.168.1.2-192.168.1.3-40837-20000,192.168.1.2,192.168.1.3,40837,20000,6, 18/05/2020  22:30:54 ,195600978.0,21,23,249,228,186,1954,1931,1839,62,8,11.857142857142858,11.930153872795248,61,7,10.857142857142858,11.930153872795248,59,5,8.857142857142858,11.930153872795248,468,7,84.95652173913044,132.3396038644069,467,6,83.95652173913044,132.3396038644069,463,2,79.95652173913044,132.3396038644069,11.262724872469706,11.037777121952837,10.352708972651456,0.22494775051687116,4548859.953488372,7240679.719890215,25002892.0,205.0,195599763.0,9779988.15,7883744.701422865,25003163.0,1061.0,195600649.0,8890938.590909092,10262580.180260966,33954235.0,549.0,210,21,42,230,23,92,0.10736142638305214,0.117586324133819,50.06818181818182,7,468,101.93554683350278,10390.855708245244,49.06818181818182,6,467,101.93554683350278,10390.855708245244,46.02272727272727,2,463,101.57377628895321,10317.23202959831,1531322.6153846157,2802905.390229233,8982529.0,0.0,13514813.0,7305552.042367994,25002892.0,6018979.0,1,11,44,MASTER,1,129,0,0,0,21,23,REPLAY
