,Flow ID,Src IP,Src Port,Dst IP,Dst Port,Protocol,Timestamp,Flow Duration,Tot Fwd Pkts,Tot Bwd Pkts,TotLen Fwd Pkts,TotLen Bwd Pkts,Fwd Pkt Len Max,Fwd Pkt Len Min,Fwd Pkt Len Mean,Fwd Pkt Len Std,Bwd Pkt Len Max,Bwd Pkt Len Min,Bwd Pkt Len Mean,Bwd Pkt Len Std,Flow Byts/s,Flow Pkts/s,Flow IAT Mean,Flow IAT Std,Flow IAT Max,Flow IAT Min,Fwd IAT Tot,Fwd IAT Mean,Fwd IAT Std,Fwd IAT Max,Fwd IAT Min,Bwd IAT Tot,Bwd IAT Mean,Bwd IAT Std,Bwd IAT Max,Bwd IAT Min,Fwd PSH Flags,Bwd PSH Flags,Fwd URG Flags,Bwd URG Flags,Fwd Header Len,Bwd Header Len,Fwd Pkts/s,Bwd Pkts/s,Pkt Len Min,Pkt Len Max,Pkt Len Mean,Pkt Len Std,Pkt Len Var,FIN Flag Cnt,SYN Flag Cnt,RST Flag Cnt,PSH Flag Cnt,ACK Flag Cnt,URG Flag Cnt,CWE Flag Count,ECE Flag Cnt,Down/Up Ratio,Pkt Size Avg,Fwd Seg Size Avg,Bwd Seg Size Avg,Fwd Byts/b Avg,Fwd Pkts/b Avg,Fwd Blk Rate Avg,Bwd Byts/b Avg,Bwd Pkts/b Avg,Bwd Blk Rate Avg,Subflow Fwd Pkts,Subflow Fwd Byts,Subflow Bwd Pkts,Subflow Bwd Byts,Init Fwd Win Byts,Init Bwd Win Byts,Fwd Act Data Pkts,Fwd Seg Size Min,Active Mean,Active Std,Active Max,Active Min,Idle Mean,Idle Std,Idle Max,Idle Min,Label
0,8.0.6.4-8.6.0.1-0-0-0,8.6.0.1,0,8.0.6.4,0,0,18/05/2020 01:45:01 PM,106311769,65,1,0.0,0.0,0.0,0.0,0.0,0.0,0.0,0.0,0.0,0.0,0.0,0.6208155561779807,1635565.676923077,8429150.416887933,57996574.0,2.0,106301529.0,1660961.3906249998,8493278.343407786,57996574.0,2.0,0.0,0.0,0.0,0.0,0.0,0,0,0,0,0,0,0.6114092598722537,0.00940629630572698,0.0,0.0,0.0,0.0,0.0,0,0,0,0,0,0,0,0,0.0,0.0,0.0,0.0,0,0,0,0,0,0,65,0,1,0,-1,-1,0,0,3316329.5,2386070.3148240414,5003536.0,1629123.0,47337850.0,15073712.038391605,57996574.0,36679126.0,ARP_POISONING
1,8.0.6.4-8.6.0.1-0-0-0,8.6.0.1,0,8.0.6.4,0,0,18/05/2020 01:47:46 PM,68003282,59,1,0.0,0.0,0.0,0.0,0.0,0.0,0.0,0.0,0.0,0.0,0.0,0.8823103567266063,1152597.9999999998,7537430.80227356,57996608.0,2.0,68003267.0,1172470.1206896552,7601701.919209475,57996608.0,2.0,0.0,0.0,0.0,0.0,0.0,0,0,0,0,0,0,0.8676051841144962,0.014705172612110103,0.0,0.0,0.0,0.0,0.0,0,0,0,0,0,0,0,0,0.0,0.0,0.0,0.0,0,0,0,0,0,0,59,0,1,0,-1,-1,0,0,5003345.0,0.0,5003345.0,5003345.0,57996608.0,0.0,57996608.0,57996608.0,ARP_POISONING
2,8.0.6.4-8.6.0.1-0-0-0,8.6.0.1,0,8.0.6.4,0,0,18/05/2020 01:49:52 PM,115286071,70,1,0.0,0.0,0.0,0.0,0.0,0.0,0.0,0.0,0.0,0.0,0.0,0.6158593087971572,1646943.8714285712,3484693.4439373193,10179054.0,1.0,115286032.0,1670812.0579710144,3504454.0885365936,10179054.0,1.0,0.0,0.0,0.0,0.0,0.0,0,0,0,0,0,0,0.6071852340253663,0.008674074771790947,0.0,0.0,0.0,0.0,0.0,0,0,0,0,0,0,0,0,0.0,0.0,0.0,0.0,0,0,0,0,0,0,70,0,1,0,-1,-1,0,0,5003381.5,47.37615433949868,5003415.0,5003348.0,9570846.181818182,1027819.8329444536,10179054.0,7241151.0,ARP_POISONING
3,8.0.6.4-8.6.0.1-0-0-0,8.6.0.1,0,8.0.6.4,0,0,18/05/2020 01:51:57 PM,110113509,72,1,0.0,0.0,0.0,0.0,0.0,0.0,0.0,0.0,0.0,0.0,0.0,0.6629522631959718,1529354.291666667,3304138.1467708987,10010442.0,1.0,109409955.0,1540985.2816901403,3326170.686288064,10010442.0,1.0,0.0,0.0,0.0,0.0,0.0,0,0,0,0,0,0,0.6538707253439722,0.009081537851999614,0.0,0.0,0.0,0.0,0.0,0,0,0,0,0,0,0,0,0.0,0.0,0.0,0.0,0,0,0,0,0,0,72,0,1,0,-1,-1,0,0,10010354.0,169.7056274847714,10010474.0,10010234.0,9997166.333333332,39482.45378646002,10010442.0,9891880.0,ARP_POISONING
4,8.0.6.4-8.6.0.1-0-0-0,8.6.0.1,0,8.0.6.4,0,0,18/05/2020 01:53:57 PM,110232311,83,1,0.0,0.0,0.0,0.0,0.0,0.0,0.0,0.0,0.0,0.0,0.0,0.7620270249074249,1328100.1325301204,3082680.3699757336,9891697.0,5.0,110113830.0,1342851.5853658542,3098701.989336586,9891697.0,5.0,0.0,0.0,0.0,0.0,0.0,0,0,0,0,0,0,0.7529552746109079,0.009071750296516962,0.0,0.0,0.0,0.0,0.0,0,0,0,0,0,0,0,0,0.0,0.0,0.0,0.0,0,0,0,0,0,0,83,0,1,0,-1,-1,0,0,1007700.818181818,1977431.547937921,5007307.0,118481.0,9002563.636363637,1589998.3096208796,9891697.0,5377106.0,ARP_POISONING
5,8.0.6.4-8.6.0.1-0-0-0,8.6.0.1,0,8.0.6.4,0,0,18/05/2020 01:55:57 PM,80581730,71,1,0.0,0.0,0.0,0.0,0.0,0.0,0.0,0.0,0.0,0.0,0.0,0.8935027828268269,1134953.943661971,3716978.982512775,25403870.0,2.0,80462366.0,1149462.371428571,3741791.277232813,25403870.0,2.0,0.0,0.0,0.0,0.0,0.0,0,0,0,0,0,0,0.8810930219542321,0.012409760872594818,0.0,0.0,0.0,0.0,0.0,0,0,0,0,0,0,0,0,0.0,0.0,0.0,0.0,0,0,0,0,0,0,71,0,1,0,-1,-1,0,0,2120910.0,4476851.275686127,10129345.0,118518.0,12993947.0,6937357.861244186,25403870.0,9891013.0,ARP_POISONING
6,8.0.6.4-8.6.0.1-0-0-0,8.6.0.1,0,8.0.6.4,0,0,18/05/2020 01:58:16 PM,68011303,59,1,0.0,0.0,0.0,0.0,0.0,0.0,0.0,0.0,0.0,0.0,0.0,0.8822063003262854,1152733.949152542,7536779.909840875,57992677.0,5.0,68011276.0,1172608.2068965521,7601044.871893237,57992677.0,5.0,0.0,0.0,0.0,0.0,0.0,0,0,0,0,0,0,0.867502861987514,0.014703438338771425,0.0,0.0,0.0,0.0,0.0,0,0,0,0,0,0,0,0,0.0,0.0,0.0,0.0,0,0,0,0,0,0,59,0,1,0,-1,-1,0,0,5007347.0,0.0,5007347.0,5007347.0,57992677.0,0.0,57992677.0,57992677.0,ARP_POISONING
7,8.0.6.4-8.6.0.1-0-0-0,8.6.0.1,0,8.0.6.4,0,0,18/05/2020 02:00:22 PM,68011215,59,1,0.0,0.0,0.0,0.0,0.0,0.0,0.0,0.0,0.0,0.0,0.0,0.882207441816765,1152732.4576271188,7536162.768543688,57988578.0,5.0,68011199.0,1172606.879310345,7600422.187126776,57988578.0,5.0,0.0,0.0,0.0,0.0,0.0,0,0,0,0,0,0,0.8675039844531522,0.014703457363612747,0.0,0.0,0.0,0.0,0.0,0,0,0,0,0,0,0,0,0.0,0.0,0.0,0.0,0,0,0,0,0,0,59,0,1,0,-1,-1,0,0,5011274.0,0.0,5011274.0,5011274.0,57988578.0,0.0,57988578.0,57988578.0,ARP_POISONING
8,8.0.6.4-8.6.0.1-0-0-0,8.6.0.1,0,8.0.6.4,0,0,18/05/2020 02:02:28 PM,119952102,64,1,0.0,0.0,0.0,0.0,0.0,0.0,0.0,0.0,0.0,0.0,0.0,0.5418829592498513,1874251.59375,7653220.372321315,57988414.0,5.0,119952088.0,1904001.396825397,7710961.767430063,57988414.0,5.0,0.0,0.0,0.0,0.0,0.0,0,0,0,0,0,0,0.5335462983383151,0.008336660911536174,0.0,0.0,0.0,0.0,0.0,0,0,0,0,0,0,0,0,0.0,0.0,0.0,0.0,0,0,0,0,0,0,64,0,1,0,-1,-1,0,0,5011435.5,40.30508652763321,5011464.0,5011407.0,18321538.5,19447407.987912472,57988414.0,10010248.0,ARP_POISONING
9,8.0.6.4-8.6.0.1-0-0-0,8.6.0.1,0,8.0.6.4,0,0,18/05/2020 02:04:34 PM,114076060,71,1,0.0,0.0,0.0,0.0,0.0,0.0,0.0,0.0,0.0,0.0,0.0,0.6311578432845595,1606705.0704225346,3433804.8473976017,10010499.0,5.0,114076046.0,1629657.7999999996,3453107.7516258513,10010499.0,5.0,0.0,0.0,0.0,0.0,0.0,0,0,0,0,0,0,0.6223917621278294,0.008766081156729992,0.0,0.0,0.0,0.0,0.0,0,0,0,0,0,0,0,0,0.0,0.0,0.0,0.0,0,0,0,0,0,0,71,0,1,0,-1,-1,0,0,5011241.5,136.4716087690037,5011338.0,5011145.0,9459416.090909092,1212657.4353099435,10010499.0,6023527.0,ARP_POISONING
10,8.0.6.4-8.6.0.1-0-0-0,8.6.0.1,0,8.0.6.4,0,0,18/05/2020 02:06:38 PM,110113703,71,1,0.0,0.0,0.0,0.0,0.0,0.0,0.0,0.0,0.0,0.0,0.0,0.6538695733445636,1550897.2253521124,3332894.607715565,10010405.0,5.0,108200103.0,1545715.7571428574,3356671.099390013,10010405.0,5.0,0.0,0.0,0.0,0.0,0.0,0,0,0,0,0,0,0.6447880514925558,0.00908152185200783,0.0,0.0,0.0,0.0,0.0,0,0,0,0,0,0,0,0,0.0,0.0,0.0,0.0,0,0,0,0,0,0,71,0,1,0,-1,-1,0,0,10010333.5,50.20458146424488,10010369.0,10010298.0,10010337.333333334,59.95206418481445,10010405.0,10010248.0,ARP_POISONING
11,8.0.6.4-8.6.0.1-0-0-0,8.6.0.1,0,8.0.6.4,0,0,18/05/2020 02:08:38 PM,117475555,113,1,0.0,0.0,0.0,0.0,0.0,0.0,0.0,0.0,0.0,0.0,0.0,0.9704146534996152,1039606.6814159296,2064090.1336287088,9888078.0,12.0,109686015.0,979339.4196428572,1970969.5449438288,9888078.0,12.0,0.0,0.0,0.0,0.0,0.0,0,0,0,0,0,0,0.9619022442583908,0.008512409241224695,0.0,0.0,0.0,0.0,0.0,0,0,0,0,0,0,0,0,0.0,0.0,0.0,0.0,0,0,0,0,0,0,113,0,1,0,-1,-1,0,0,9687713.0,8391725.947076382,22241453.0,1998954.0,8154832.285714285,1430297.4260736487,9888078.0,5298384.0,ARP_POISONING
12,8.0.6.4-8.6.0.1-0-0-0,8.6.0.1,0,8.0.6.4,0,0,18/05/2020 02:10:38 PM,119233205,173,1,0.0,0.0,0.0,0.0,0.0,0.0,0.0,0.0,0.0,0.0,0.0,1.459325026111644,689209.2774566475,1232755.1441533421,10010353.0,7.0,109222852.0,635016.5813953492,1008725.1058837577,6700368.0,7.0,0.0,0.0,0.0,0.0,0.0,0,0,0,0,0,0,1.4509381006742208,0.008386925437423242,0.0,0.0,0.0,0.0,0.0,0,0,0,0,0,0,0,0,0.0,0.0,0.0,0.0,0,0,0,0,0,0,173,0,1,0,-1,-1,0,0,29333062.0,23522501.05013689,45596281.0,2361632.0,7024691.25,2121119.3649063967,10010353.0,5009654.0,ARP_POISONING
13,192.168.1.2-192.168.1.4-48948-20000-6,192.168.1.2,48948,192.168.1.4,20000,6,18/05/2020 02:11:51 PM,112005090,3,2,126.0,35.0,90.0,18.0,42.0,41.569219381653056,18.0,17.0,17.5,0.7071067811865476,1.4374346737277743,0.044640828376638964,28001272.5,12362961.212893145,43473364.0,13344307.0,83000005.0,41500002.5,2790754.596764914,43473364.0,39526641.0,55187419.0,55187419.0,0.0,55187419.0,55187419.0,0,1,0,0,96,64,0.026784497025983373,0.017856331350655584,17.0,90.0,29.833333333333336,29.478240562602558,868.9666666666667,0,0,0,1,1,0,0,0,0.0,35.8,42.0,17.5,0,0,0,0,0,0,3,126,2,35,-1,227,3,0,0.0,0.0,0.0,0.0,28001272.5,12362961.212893145,43473364.0,13344307.0,MITM_DOS
14,8.0.6.4-8.6.0.1-0-0-0,8.6.0.1,0,8.0.6.4,0,0,18/05/2020 02:12:38 PM,117446102,207,1,0.0,0.0,0.0,0.0,0.0,0.0,0.0,0.0,0.0,0.0,0.0,1.7710251464965607,567372.4734299515,709361.9553149721,4138737.0,10.0,116511989.0,565592.1796116504,710626.2834231689,4138737.0,10.0,0.0,0.0,0.0,0.0,0.0,0,0,0,0,0,0,1.7625106025230195,0.008514543973541157,0.0,0.0,0.0,0.0,0.0,0,0,0,0,0,0,0,0,0.0,0.0,0.0,0.0,0,0,0,0,0,0,207,0,1,0,-1,-1,0,0,0.0,0.0,0.0,0.0,0.0,0.0,0.0,0.0,ARP_POISONING
15,8.0.6.4-8.6.0.1-0-0-0,8.6.0.1,0,8.0.6.4,0,0,18/05/2020 02:14:39 PM,119219895,227,1,0.0,0.0,0.0,0.0,0.0,0.0,0.0,0.0,0.0,0.0,0.0,1.9124324845278549,525197.7753303964,668584.9803980865,4775113.0,11.0,118749403.0,525439.8362831854,670059.1085540537,4775113.0,11.0,0.0,0.0,0.0,0.0,0.0,0,0,0,0,0,0,1.90404462275361,0.008387861774244979,0.0,0.0,0.0,0.0,0.0,0,0,0,0,0,0,0,0,0.0,0.0,0.0,0.0,0,0,0,0,0,0,227,0,1,0,-1,-1,0,0,0.0,0.0,0.0,0.0,0.0,0.0,0.0,0.0,ARP_POISONING
16,8.0.6.4-8.6.0.1-0-0-0,8.6.0.1,0,8.0.6.4,0,0,18/05/2020 02:16:39 PM,119500214,224,1,0.0,0.0,0.0,0.0,0.0,0.0,0.0,0.0,0.0,0.0,0.0,1.8828418165008476,533483.0982142859,659596.2515505953,5120860.0,14.0,119331969.0,535120.937219731,660623.4834503175,5120860.0,14.0,0.0,0.0,0.0,0.0,0.0,0,0,0,0,0,0,1.8744736306497325,0.008368185851114877,0.0,0.0,0.0,0.0,0.0,0,0,0,0,0,0,0,0,0.0,0.0,0.0,0.0,0,0,0,0,0,0,224,0,1,0,-1,-1,0,0,103516047.0,0.0,103516047.0,103516047.0,5120860.0,0.0,5120860.0,5120860.0,ARP_POISONING
17,8.0.6.4-8.6.0.1-0-0-0,8.6.0.1,0,8.0.6.4,0,0,18/05/2020 02:18:40 PM,119245977,215,1,0.0,0.0,0.0,0.0,0.0,0.0,0.0,0.0,0.0,0.0,0.0,1.8113818632221028,554632.4511627908,897563.6714131958,7012131.0,3.0,118247306.0,552557.5046728968,899151.1512846461,7012131.0,3.0,0.0,0.0,0.0,0.0,0.0,0,0,0,0,0,0,1.802995836077556,0.008386027144546771,0.0,0.0,0.0,0.0,0.0,0,0,0,0,0,0,0,0,0.0,0.0,0.0,0.0,0,0,0,0,0,0,215,0,1,0,-1,-1,0,0,20320892.0,12247687.662487887,28981315.0,11660469.0,6570830.0,624093.8592888092,7012131.0,6129529.0,ARP_POISONING
18,192.168.1.2-192.168.1.4-48948-20000-6,192.168.1.2,48948,192.168.1.4,20000,6,18/05/2020 02:14:03 PM,12096848,1,3,27.0,505.0,27.0,27.0,27.0,0.0,292.0,27.0,168.33333333333334,133.38040835644992,43.97839833979893,0.3306646491714205,4032282.666666666,4779521.507917015,9496362.0,628154.0,0.0,0.0,0.0,0.0,0.0,2600486.0,1300243.0,950477.3789217713,1972332.0,628154.0,0,1,0,0,32,96,0.08266616229285513,0.2479984868785654,27.0,292.0,111.8,122.0151629921462,14887.7,0,0,0,1,1,0,0,0,3.0,139.75,27.0,168.33333333333334,0,0,0,0,0,0,1,27,3,505,-1,235,1,0,2600486.0,0.0,2600486.0,2600486.0,9496362.0,0.0,9496362.0,9496362.0,MITM_DOS
19,8.0.6.4-8.6.0.1-0-0-0,8.6.0.1,0,8.0.6.4,0,0,18/05/2020 02:20:42 PM,119438262,222,1,0.0,0.0,0.0,0.0,0.0,0.0,0.0,0.0,0.0,0.0,0.0,1.8670733839043976,538010.189189189,705950.5596124949,3941915.0,10.0,119267920.0,539673.8461538461,707116.8638059085,3941915.0,10.0,0.0,0.0,0.0,0.0,0.0,0,0,0,0,0,0,1.858700857519176,0.008372526385221513,0.0,0.0,0.0,0.0,0.0,0,0,0,0,0,0,0,0,0.0,0.0,0.0,0.0,0,0,0,0,0,0,222,0,1,0,-1,-1,0,0,0.0,0.0,0.0,0.0,0.0,0.0,0.0,0.0,ARP_POISONING
20,192.168.1.2-192.168.1.4-48948-20000-6,192.168.1.2,48948,192.168.1.4,20000,6,18/05/2020 02:22:16 PM,86119514,2,2,54.0,478.0,27.0,27.0,27.0,0.0,292.0,186.0,239.0,74.95331880577403,6.1774617074592415,0.046447080507212336,28706504.666666664,31036898.78130818,62000018.0,572992.0,62000018.0,62000018.0,0.0,62000018.0,62000018.0,572992.0,572992.0,0.0,572992.0,572992.0,0,1,0,0,64,64,0.023223540253606168,0.023223540253606168,27.0,292.0,164.8,133.02894421891799,17696.7,0,0,0,1,1,0,0,0,1.0,206.0,27.0,239.0,0,0,0,0,0,0,2,54,2,478,-1,235,2,0,572992.0,0.0,572992.0,572992.0,42773261.0,27190740.509851847,62000018.0,23546504.0,MITM_DOS
21,8.0.6.4-8.6.0.1-0-0-0,8.6.0.1,0,8.0.6.4,0,0,18/05/2020 02:22:42 PM,119117319,237,1,0.0,0.0,0.0,0.0,0.0,0.0,0.0,0.0,0.0,0.0,0.0,1.998030194081181,502604.72151898744,608688.062317622,5308028.0,4.0,118117341.0,500497.2076271185,609114.616268993,5308028.0,4.0,0.0,0.0,0.0,0.0,0.0,0,0,0,0,0,0,1.9896351092321007,0.008395084849080595,0.0,0.0,0.0,0.0,0.0,0,0,0,0,0,0,0,0,0.0,0.0,0.0,0.0,0,0,0,0,0,0,237,0,1,0,-1,-1,0,0,999978.0,0.0,999978.0,999978.0,5308028.0,0.0,5308028.0,5308028.0,ARP_POISONING
22,192.168.1.2-192.168.1.4-48948-20000-6,192.168.1.2,48948,192.168.1.4,20000,6,18/05/2020 02:24:20 PM,110542239,4,1,72.0,18.0,18.0,18.0,18.0,0.0,18.0,18.0,18.0,0.0,0.8141684193677315,0.04523157885376286,27635559.75,10497976.799947672,41011189.0,19000097.0,79536149.0,26512049.66666667,12559364.07204797,41011189.0,19000097.0,0.0,0.0,0.0,0.0,0.0,0,1,0,0,128,32,0.03618526308301029,0.009046315770752572,18.0,18.0,18.0,0.0,0.0,0,0,0,1,1,0,0,0,0.0,21.6,18.0,18.0,0,0,0,0,0,0,4,72,1,18,-1,321,4,0,0.0,0.0,0.0,0.0,27635559.75,10497976.799947672,41011189.0,19000097.0,MITM_DOS
23,8.0.6.4-8.6.0.1-0-0-0,8.6.0.1,0,8.0.6.4,0,0,18/05/2020 02:24:42 PM,119957752,234,1,0.0,0.0,0.0,0.0,0.0,0.0,0.0,0.0,0.0,0.0,0.0,1.959023040044965,512639.96581196564,646855.0998786582,4773383.0,10.0,119921210.0,514683.30472102994,647490.4210220267,4773383.0,10.0,0.0,0.0,0.0,0.0,0.0,0,0,0,0,0,0,1.9506867717894547,0.00833626825551049,0.0,0.0,0.0,0.0,0.0,0,0,0,0,0,0,0,0,0.0,0.0,0.0,0.0,0,0,0,0,0,0,234,0,1,0,-1,-1,0,0,0.0,0.0,0.0,0.0,0.0,0.0,0.0,0.0,ARP_POISONING
24,8.0.6.4-8.6.0.1-0-0-0,8.6.0.1,0,8.0.6.4,0,0,18/05/2020 02:26:42 PM,119091342,192,1,0.0,0.0,0.0,0.0,0.0,0.0,0.0,0.0,0.0,0.0,0.0,1.6206047959389018,620267.40625,575567.6050676047,3398057.0,7.0,118094157.0,618294.0157068064,576428.6613574682,3398057.0,7.0,0.0,0.0,0.0,0.0,0.0,0,0,0,0,0,0,1.6122078798977681,0.008396916041134208,0.0,0.0,0.0,0.0,0.0,0,0,0,0,0,0,0,0,0.0,0.0,0.0,0.0,0,0,0,0,0,0,192,0,1,0,-1,-1,0,0,0.0,0.0,0.0,0.0,0.0,0.0,0.0,0.0,ARP_POISONING
25,192.168.1.2-192.168.1.4-48948-20000-6,192.168.1.2,48948,192.168.1.4,20000,6,18/05/2020 02:26:33 PM,108656955,6,3,108.0,52.0,18.0,18.0,18.0,0.0,18.0,17.0,17.333333333333332,0.5773502691896257,1.4725242392445104,0.08282948845750371,13582119.374999998,8355902.221370593,29004963.0,3662748.0,99782930.0,19956586.0,9369528.611547194,29004994.0,9136048.0,104994207.0,52497103.5,14279497.479937468,62594233.0,42399974.0,0,1,0,0,192,96,0.05521965897166914,0.02760982948583457,17.0,18.0,17.8,0.4216370213557839,0.17777777777777776,0,0,0,1,1,0,0,0,0.0,19.777777777777782,18.0,17.333333333333332,0,0,0,0,0,0,6,108,3,52,-1,243,6,0,0.0,0.0,0.0,0.0,14999172.428571427,7919359.29184636,29004963.0,5473300.0,MITM_DOS
26,8.0.6.4-8.6.0.1-0-0-0,8.6.0.1,0,8.0.6.4,0,0,18/05/2020 02:28:42 PM,119817345,245,1,0.0,0.0,0.0,0.0,0.0,0.0,0.0,0.0,0.0,0.0,0.0,2.0531251130627206,489050.3877551021,705096.8168956556,5041093.0,11.0,119342899.0,489110.2418032786,706545.5201585748,5041093.0,11.0,0.0,0.0,0.0,0.0,0.0,0,0,0,0,0,0,2.04477907601775,0.008346037044970408,0.0,0.0,0.0,0.0,0.0,0,0,0,0,0,0,0,0,0.0,0.0,0.0,0.0,0,0,0,0,0,0,245,0,1,0,-1,-1,0,0,35363802.0,0.0,35363802.0,35363802.0,5041093.0,0.0,5041093.0,5041093.0,ARP_POISONING
27,192.168.1.2-192.168.1.4-48948-20000-6,192.168.1.2,48948,192.168.1.4,20000,6,18/05/2020 02:28:53 PM,100302845,6,2,108.0,34.0,18.0,18.0,18.0,0.0,17.0,17.0,17.0,0.0,1.4157125852212866,0.0797584555054246,14328977.857142858,7307015.023362467,21999997.0,1696153.0,79974316.0,15994863.2,5665056.089416609,21999997.0,8972080.0,100302845.0,100302845.0,0.0,100302845.0,100302845.0,0,1,0,0,192,64,0.05981884162906845,0.01993961387635615,17.0,18.0,17.666666666666668,0.4999999999999998,0.24999999999999986,0,0,0,1,1,0,0,0,0.0,19.875,18.0,17.0,0,0,0,0,0,0,6,108,2,34,-1,243,6,0,0.0,0.0,0.0,0.0,16434448.666666668,5180125.547900965,21999997.0,8972080.0,MITM_DOS
28,8.0.6.4-8.6.0.1-0-0-0,8.6.0.1,0,8.0.6.4,0,0,18/05/2020 02:30:42 PM,119755352,237,1,0.0,0.0,0.0,0.0,0.0,0.0,0.0,0.0,0.0,0.0,0.0,1.987385081545249,505296.8438818565,605658.0574586258,4410824.0,14.0,118755408.0,503200.88135593204,606083.3610043124,4410824.0,14.0,0.0,0.0,0.0,0.0,0.0,0,0,0,0,0,0,1.9790347240597648,0.008350357485484239,0.0,0.0,0.0,0.0,0.0,0,0,0,0,0,0,0,0,0.0,0.0,0.0,0.0,0,0,0,0,0,0,237,0,1,0,-1,-1,0,0,0.0,0.0,0.0,0.0,0.0,0.0,0.0,0.0,ARP_POISONING
29,8.0.6.4-8.6.0.1-0-0-0,8.6.0.1,0,8.0.6.4,0,0,18/05/2020 02:32:43 PM,119759701,226,1,0.0,0.0,0.0,0.0,0.0,0.0,0.0,0.0,0.0,0.0,0.0,1.8954623141552431,529910.1814159291,684719.025686237,5109399.0,7.0,119582023.0,531475.6577777778,685840.2481822566,5109399.0,7.0,0.0,0.0,0.0,0.0,0.0,0,0,0,0,0,0,1.8871122599078631,0.008350054247379926,0.0,0.0,0.0,0.0,0.0,0,0,0,0,0,0,0,0,0.0,0.0,0.0,0.0,0,0,0,0,0,0,226,0,1,0,-1,-1,0,0,1177662.0,0.0,1177662.0,1177662.0,5109399.0,0.0,5109399.0,5109399.0,ARP_POISONING
30,192.168.1.2-192.168.1.4-48948-20000-6,192.168.1.2,48948,192.168.1.4,20000,6,18/05/2020 02:30:58 PM,102798490,3,2,54.0,35.0,18.0,18.0,18.0,0.0,18.0,17.0,17.5,0.7071067811865476,0.865771471935045,0.048638846737923874,25699622.5,20422922.04441556,47908118.0,1170347.0,101628143.0,50814071.5,21478913.657869674,66001957.0,35626186.0,84704651.0,84704651.0,0.0,84704651.0,84704651.0,0,1,0,0,96,64,0.029183308042754326,0.01945553869516955,17.0,18.0,17.833333333333336,0.40824829046386296,0.16666666666666666,0,0,0,1,1,0,0,0,0.0,21.4,18.0,17.5,0,0,0,0,0,0,3,54,2,35,-1,243,3,0,1170347.0,0.0,1170347.0,1170347.0,33876047.666666664,14983992.999591675,47908118.0,18093839.0,MITM_DOS
31,8.0.6.4-8.6.0.1-0-0-0,8.6.0.1,0,8.0.6.4,0,0,18/05/2020 02:34:43 PM,119864105,227,1,0.0,0.0,0.0,0.0,0.0,0.0,0.0,0.0,0.0,0.0,0.0,1.902154110273464,528035.7048458147,660151.6780883425,4648867.0,6.0,119084605.0,526923.0309734513,661403.6915437642,4648867.0,6.0,0.0,0.0,0.0,0.0,0.0,0,0,0,0,0,0,1.8938113290880536,0.008342781185409926,0.0,0.0,0.0,0.0,0.0,0,0,0,0,0,0,0,0,0.0,0.0,0.0,0.0,0,0,0,0,0,0,227,0,1,0,-1,-1,0,0,0.0,0.0,0.0,0.0,0.0,0.0,0.0,0.0,ARP_POISONING
32,192.168.1.2-192.168.1.4-48948-20000-6,192.168.1.2,48948,192.168.1.4,20000,6,18/05/2020 02:35:27 PM,45064708,3,1,290.0,17.0,245.0,18.0,96.66666666666666,128.5392287721275,17.0,17.0,17.0,0.0,6.812426256040536,0.08876125415036529,15021569.333333336,8466155.366661677,21615485.0,5474332.0,39590376.0,19795188.0,2574288.7049470576,21615485.0,17974891.0,0.0,0.0,0.0,0.0,0.0,0,1,0,0,96,32,0.06657094061277398,0.02219031353759132,17.0,245.0,64.8,100.82261651038422,10165.2,0,0,0,1,1,0,0,0,0.0,81.0,96.66666666666669,17.0,0,0,0,0,0,0,3,290,1,17,-1,243,3,0,0.0,0.0,0.0,0.0,15021569.333333336,8466155.366661677,21615485.0,5474332.0,MITM_DOS
33,8.0.6.4-8.6.0.1-0-0-0,8.6.0.1,0,8.0.6.4,0,0,18/05/2020 02:36:44 PM,119869498,225,1,0.0,0.0,0.0,0.0,0.0,0.0,0.0,0.0,0.0,0.0,0.0,1.885383719551408,532753.3244444443,721114.042835469,4744943.0,10.0,119057549.0,531506.9151785714,722486.1332607742,4744943.0,10.0,0.0,0.0,0.0,0.0,0.0,0,0,0,0,0,0,1.8770413137126845,0.008342405838723043,0.0,0.0,0.0,0.0,0.0,0,0,0,0,0,0,0,0,0.0,0.0,0.0,0.0,0,0,0,0,0,0,225,0,1,0,-1,-1,0,0,0.0,0.0,0.0,0.0,0.0,0.0,0.0,0.0,ARP_POISONING
34,192.168.1.2-192.168.1.4-48948-20000-6,192.168.1.2,48948,192.168.1.4,20000,6,18/05/2020 02:37:51 PM,82018123,4,2,72.0,35.0,18.0,18.0,18.0,0.0,18.0,17.0,17.5,0.7071067811865476,1.304589718543059,0.07315456365662014,16403624.6,5955755.138292942,22000042.0,9388540.0,61011055.0,20337018.33333333,1526394.7059336696,22000042.0,18999893.0,30395608.0,30395608.0,0.0,30395608.0,30395608.0,0,1,0,0,128,64,0.048769709104413424,0.024384854552206712,17.0,18.0,17.857142857142858,0.37796447300922703,0.1428571428571427,0,0,0,1,1,0,0,0,0.0,20.83333333333333,18.0,17.5,0,0,0,0,0,0,4,72,2,35,-1,252,4,0,0.0,0.0,0.0,0.0,16403624.6,5955755.138292942,22000042.0,9388540.0,MITM_DOS
35,8.0.6.4-8.6.0.1-0-0-0,8.6.0.1,0,8.0.6.4,0,0,18/05/2020 02:38:44 PM,119618638,237,1,0.0,0.0,0.0,0.0,0.0,0.0,0.0,0.0,0.0,0.0,0.0,1.98965649483486,504719.9915611814,668460.7540802546,4825057.0,11.0,119378361.0,505840.5127118643,669658.4127976181,4825057.0,11.0,0.0,0.0,0.0,0.0,0.0,0,0,0,0,0,0,1.9812965935960583,0.008359901238801933,0.0,0.0,0.0,0.0,0.0,0,0,0,0,0,0,0,0,0.0,0.0,0.0,0.0,0,0,0,0,0,0,237,0,1,0,-1,-1,0,0,0.0,0.0,0.0,0.0,0.0,0.0,0.0,0.0,ARP_POISONING
36,8.0.6.4-8.6.0.1-0-0-0,8.6.0.1,0,8.0.6.4,0,0,18/05/2020 02:40:44 PM,119372747,244,1,0.0,0.0,0.0,0.0,0.0,0.0,0.0,0.0,0.0,0.0,0.0,2.0523947564011404,489232.5696721311,868262.1609474779,9051639.0,13.0,119368976.0,491230.353909465,869492.1049766879,9051639.0,13.0,0.0,0.0,0.0,0.0,0.0,0,0,0,0,0,0,2.0440176349464423,0.008377121454698534,0.0,0.0,0.0,0.0,0.0,0,0,0,0,0,0,0,0,0.0,0.0,0.0,0.0,0,0,0,0,0,0,244,0,1,0,-1,-1,0,0,49444261.5,50138149.48925918,84897287.0,13991236.0,7560904.0,2108217.654904256,9051639.0,6070169.0,ARP_POISONING
37,8.0.6.4-8.6.0.1-0-0-0,8.6.0.1,0,8.0.6.4,0,0,18/05/2020 02:42:44 PM,116176095,222,1,0.0,0.0,0.0,0.0,0.0,0.0,0.0,0.0,0.0,0.0,0.0,1.9194998764590945,523315.74324324314,778823.1198259068,5431387.0,6.0,115820885.0,524076.4027149325,780508.5098668839,5431387.0,6.0,0.0,0.0,0.0,0.0,0.0,0,0,0,0,0,0,1.910892253694704,0.008607622764390557,0.0,0.0,0.0,0.0,0.0,0,0,0,0,0,0,0,0,0.0,0.0,0.0,0.0,0,0,0,0,0,0,222,0,1,0,-1,-1,0,0,41159225.0,31564119.58395827,63478428.0,18840022.0,5289391.0,200812.66900273,5431387.0,5147395.0,ARP_POISONING
38,8.0.6.4-8.6.0.1-0-0-0,8.6.0.1,0,8.0.6.4,0,0,18/05/2020 02:44:45 PM,119956690,249,1,0.0,0.0,0.0,0.0,0.0,0.0,0.0,0.0,0.0,0.0,0.0,2.084085514530286,481753.7751004017,555168.5249051867,3938880.0,14.0,119059595.0,480079.01209677407,555660.5823572435,3938880.0,14.0,0.0,0.0,0.0,0.0,0.0,0,0,0,0,0,0,2.0757491724721646,0.008336342058121143,0.0,0.0,0.0,0.0,0.0,0,0,0,0,0,0,0,0,0.0,0.0,0.0,0.0,0,0,0,0,0,0,249,0,1,0,-1,-1,0,0,0.0,0.0,0.0,0.0,0.0,0.0,0.0,0.0,ARP_POISONING
39,192.168.1.2-192.168.1.4-48948-20000-6,192.168.1.2,48948,192.168.1.4,20000,6,18/05/2020 02:45:05 PM,107223480,5,4,171.0,529.0,72.0,18.0,34.2,24.149534156997728,292.0,17.0,132.25,137.95017216372005,6.52842082722926,0.08393683920723334,13402935.0,19961386.186576933,61999506.0,1290139.0,45223974.0,11305993.5,5737184.367081732,18856143.0,4954934.0,101439050.0,33813016.666666664,42350033.8409373,81700745.0,1290139.0,0,1,0,0,160,128,0.046631577337351855,0.037305261869881486,17.0,292.0,71.7,96.6736204395433,9345.78888888889,0,0,0,1,1,0,0,0,0.0,79.66666666666667,34.2,132.25,0,0,0,0,0,0,5,171,4,529,-1,260,5,0,3233056.333333333,1842369.2623050169,4954934.0,1290139.0,19504862.2,23905872.95193177,61999506.0,5784430.0,MITM_DOS
40,8.0.6.4-8.6.0.1-0-0-0,8.6.0.1,0,8.0.6.4,0,0,18/05/2020 02:46:45 PM,119512474,220,1,0.0,0.0,0.0,0.0,0.0,0.0,0.0,0.0,0.0,0.0,0.0,1.8491793584659624,543238.5181818181,678878.6497074069,5358030.0,13.0,118928856.0,543054.1369863014,680428.4081461554,5358030.0,13.0,0.0,0.0,0.0,0.0,0.0,0,0,0,0,0,0,1.8408120310520888,0.008367327413873133,0.0,0.0,0.0,0.0,0.0,0,0,0,0,0,0,0,0,0.0,0.0,0.0,0.0,0,0,0,0,0,0,220,0,1,0,-1,-1,0,0,36727092.5,7448189.778582478,41993758.0,31460427.0,5297299.5,85885.89674969926,5358030.0,5236569.0,ARP_POISONING
41,192.168.1.2-192.168.1.4-48948-20000-6,192.168.1.2,48948,192.168.1.4,20000,6,18/05/2020 02:47:06 PM,117990540,7,2,135.0,35.0,27.0,18.0,19.285714285714285,3.4016802570830444,18.0,17.0,17.5,0.7071067811865476,1.4407934737818813,0.07627730155315841,14748817.5,15097958.270143315,46983554.0,35076.0,71006986.0,11834497.666666664,9285416.146713074,21266373.0,35076.0,84540613.0,84540613.0,0.0,84540613.0,84540613.0,0,1,0,0,224,64,0.059326790096900985,0.016950511456257426,17.0,27.0,18.800000000000004,2.8982753492378883,8.400000000000004,0,0,0,1,1,0,0,0,0.0,20.88888888888889,19.285714285714285,17.5,0,0,0,0,0,0,7,135,2,35,-1,260,7,0,2712010.0,0.0,2712010.0,2712010.0,19213088.33333333,14925384.838471824,46983554.0,7550077.0,MITM_DOS
42,8.0.6.4-8.6.0.1-0-0-0,8.6.0.1,0,8.0.6.4,0,0,18/05/2020 02:48:48 PM,119205790,203,1,0.0,0.0,0.0,0.0,0.0,0.0,0.0,0.0,0.0,0.0,0.0,1.7113262703095211,587220.6403940885,888825.1097547137,6832891.0,6.0,119111060.0,589658.7128712873,890352.6260423587,6832891.0,6.0,0.0,0.0,0.0,0.0,0.0,0,0,0,0,0,0,1.7029374160432982,0.008388854266223144,0.0,0.0,0.0,0.0,0.0,0,0,0,0,0,0,0,0,0.0,0.0,0.0,0.0,0,0,0,0,0,0,203,0,1,0,-1,-1,0,0,21125018.5,19675990.76995628,35038045.0,7211992.0,5960037.0,1234401.9647716056,6832891.0,5087183.0,ARP_POISONING
43,192.168.1.2-192.168.1.4-48948-20000-6,192.168.1.2,48948,192.168.1.4,20000,6,18/05/2020 02:49:16 PM,97088448,2,4,54.0,343.0,27.0,27.0,27.0,0.0,292.0,17.0,85.75,137.5,4.089054961513032,0.06179931931757731,19417689.6,14326765.252565747,39692582.0,7938001.0,18999935.0,18999935.0,0.0,18999935.0,18999935.0,97088448.0,32362816.0,14023854.121116955,47630583.0,20055609.0,0,1,0,0,64,128,0.020599773105859105,0.041199546211718216,17.0,292.0,59.14285714285714,102.78850222897593,10565.47619047619,0,0,0,1,1,0,0,0,2.0,69.0,27.0,85.75,0,0,0,0,0,0,2,54,4,343,-1,269,2,0,0.0,0.0,0.0,0.0,19417689.6,14326765.252565747,39692582.0,7938001.0,MITM_DOS
44,8.0.6.4-8.6.0.1-0-0-0,8.6.0.1,0,8.0.6.4,0,0,18/05/2020 02:50:49 PM,119594575,209,1,0.0,0.0,0.0,0.0,0.0,0.0,0.0,0.0,0.0,0.0,0.0,1.7559324910849845,572222.8468899521,681511.0262519289,4957532.0,13.0,119540499.0,574713.9375000002,682200.7124790322,4957532.0,13.0,0.0,0.0,0.0,0.0,0.0,0,0,0,0,0,0,1.7475709077941035,0.008361583290880877,0.0,0.0,0.0,0.0,0.0,0,0,0,0,0,0,0,0,0.0,0.0,0.0,0.0,0,0,0,0,0,0,209,0,1,0,-1,-1,0,0,0.0,0.0,0.0,0.0,0.0,0.0,0.0,0.0,ARP_POISONING
45,192.168.1.2-192.168.1.4-48948-20000-6,192.168.1.2,48948,192.168.1.4,20000,6,18/05/2020 02:51:18 PM,105868648,1,2,18.0,44.0,18.0,18.0,18.0,0.0,27.0,17.0,22.0,7.071067811865476,0.5856313570756094,0.02833700114881981,52934324.0,29596703.859751005,73862354.0,32006294.0,0.0,0.0,0.0,0.0,0.0,105868648.0,105868648.0,0.0,105868648.0,105868648.0,0,1,0,0,32,64,0.009445667049606605,0.01889133409921321,17.0,27.0,22.25,5.5,30.25,0,0,0,1,1,0,0,0,2.0,29.66666666666667,18.0,22.0,0,0,0,0,0,0,1,18,2,44,-1,269,1,0,0.0,0.0,0.0,0.0,52934324.0,29596703.859751005,73862354.0,32006294.0,MITM_DOS
46,8.0.6.4-8.6.0.1-0-0-0,8.6.0.1,0,8.0.6.4,0,0,18/05/2020 02:52:49 PM,119654808,235,1,0.0,0.0,0.0,0.0,0.0,0.0,0.0,0.0,0.0,0.0,0.0,1.9723403007758784,509169.3957446807,721575.3291955272,6192715.0,4.0,119116505.0,509044.89316239295,723119.5866899859,6192715.0,4.0,0.0,0.0,0.0,0.0,0.0,0,0,0,0,0,0,1.9639829266200488,0.008357374155829994,0.0,0.0,0.0,0.0,0.0,0,0,0,0,0,0,0,0,0.0,0.0,0.0,0.0,0,0,0,0,0,0,235,0,1,0,-1,-1,0,0,14056614.0,8432743.34039641,20019464.0,8093764.0,5950043.5,343189.32650142256,6192715.0,5707372.0,ARP_POISONING
47,8.0.6.4-8.6.0.1-0-0-0,8.6.0.1,0,8.0.6.4,0,0,18/05/2020 02:54:49 PM,119009529,239,1,0.0,0.0,0.0,0.0,0.0,0.0,0.0,0.0,0.0,0.0,0.0,2.016645238550604,497947.820083682,576636.5267680672,4557107.0,14.0,114452422.0,480892.5294117646,513904.96997518453,3335198.0,14.0,0.0,0.0,0.0,0.0,0.0,0,0,0,0,0,0,2.008242550056643,0.00840268849396085,0.0,0.0,0.0,0.0,0.0,0,0,0,0,0,0,0,0,0.0,0.0,0.0,0.0,0,0,0,0,0,0,239,0,1,0,-1,-1,0,0,0.0,0.0,0.0,0.0,0.0,0.0,0.0,0.0,ARP_POISONING
48,8.0.6.4-8.6.0.1-0-0-0,8.6.0.1,0,8.0.6.4,0,0,18/05/2020 02:56:49 PM,119712399,250,1,0.0,0.0,0.0,0.0,0.0,0.0,0.0,0.0,0.0,0.0,0.0,2.096691755379491,478849.5959999998,696079.8573616416,5946350.0,11.0,116834274.0,469213.9518072287,680570.2772366405,5946350.0,11.0,0.0,0.0,0.0,0.0,0.0,0,0,0,0,0,0,2.088338401772401,0.008353353607089605,0.0,0.0,0.0,0.0,0.0,0,0,0,0,0,0,0,0,0.0,0.0,0.0,0.0,0,0,0,0,0,0,250,0,1,0,-1,-1,0,0,40956100.0,0.0,40956100.0,40956100.0,5946350.0,0.0,5946350.0,5946350.0,ARP_POISONING
49,192.168.1.2-192.168.1.4-48948-20000-6,192.168.1.2,48948,192.168.1.4,20000,6,18/05/2020 02:53:31 PM,52306139,1,2,27.0,99.0,27.0,27.0,27.0,0.0,82.0,17.0,49.5,45.9619407771256,2.4088950629676567,0.057354644356372775,26153069.5,5431046.062881487,29993399.0,22312740.0,0.0,0.0,0.0,0.0,0.0,22312740.0,22312740.0,0.0,22312740.0,22312740.0,0,1,0,0,32,64,0.019118214785457596,0.03823642957091519,17.0,82.0,52.0,34.88074922742725,1216.6666666666667,0,0,0,1,1,0,0,0,2.0,69.33333333333333,27.0,49.5,0,0,0,0,0,0,1,27,2,99,-1,269,1,0,0.0,0.0,0.0,0.0,26153069.5,5431046.062881487,29993399.0,22312740.0,MITM_DOS
50,8.0.6.4-8.6.0.1-0-0-0,8.6.0.1,0,8.0.6.4,0,0,18/05/2020 02:58:49 PM,119750756,235,1,0.0,0.0,0.0,0.0,0.0,0.0,0.0,0.0,0.0,0.0,0.0,1.9707600008804955,509577.6851063829,614475.6625636711,3693037.0,8.0,119525468.0,510792.5982905982,615509.9547358569,3693037.0,8.0,0.0,0.0,0.0,0.0,0.0,0,0,0,0,0,0,1.9624093229106632,0.008350677969832609,0.0,0.0,0.0,0.0,0.0,0,0,0,0,0,0,0,0,0.0,0.0,0.0,0.0,0,0,0,0,0,0,235,0,1,0,-1,-1,0,0,0.0,0.0,0.0,0.0,0.0,0.0,0.0,0.0,ARP_POISONING
51,192.168.1.2-192.168.1.4-48948-20000-6,192.168.1.2,48948,192.168.1.4,20000,6,18/05/2020 02:59:04 PM,61999915,1,1,18.0,18.0,18.0,18.0,18.0,0.0,18.0,18.0,18.0,0.0,0.5806459573371996,0.032258108740955534,61999915.0,0.0,61999915.0,61999915.0,0.0,0.0,0.0,0.0,0.0,0.0,0.0,0.0,0.0,0.0,0,1,0,0,32,32,0.01612905437047777,0.01612905437047777,18.0,18.0,18.0,0.0,0.0,0,0,0,1,1,0,0,0,1.0,27.0,18.0,18.0,0,0,0,0,0,0,1,18,1,18,-1,875,1,0,0.0,0.0,0.0,0.0,61999915.0,0.0,61999915.0,61999915.0,MITM_DOS
52,8.0.6.4-8.6.0.1-0-0-0,8.6.0.1,0,8.0.6.4,0,0,18/05/2020 03:00:50 PM,119004256,221,1,0.0,0.0,0.0,0.0,0.0,0.0,0.0,0.0,0.0,0.0,0.0,1.865479500161742,538480.796380091,811272.0020511444,7024560.0,11.0,118846542.0,540211.5545454548,812713.0703977762,7024560.0,11.0,0.0,0.0,0.0,0.0,0.0,0,0,0,0,0,0,1.8570764393502028,0.00840306081153938,0.0,0.0,0.0,0.0,0.0,0,0,0,0,0,0,0,0,0.0,0.0,0.0,0.0,0,0,0,0,0,0,221,0,1,0,-1,-1,0,0,24872127.0,25199527.814030524,42690884.0,7053370.0,6060116.5,1363929.0778425762,7024560.0,5095673.0,ARP_POISONING
53,192.168.1.2-192.168.1.4-48948-20000-6,192.168.1.2,48948,192.168.1.4,20000,6,18/05/2020 03:01:08 PM,97007948,2,3,36.0,496.0,18.0,18.0,18.0,0.0,292.0,18.0,165.33333333333334,138.16415357585822,5.484086726584506,0.051542168482937085,24251987.0,17351257.618215133,41451605.0,551927.0,31005838.0,31005838.0,0.0,31005838.0,31005838.0,24550505.0,12275252.5,16579285.918214345,23998578.0,551927.0,0,1,0,0,64,96,0.02061686739317484,0.03092530108976225,18.0,292.0,91.66666666666669,118.94480512685983,14147.866666666665,0,0,0,1,1,0,0,0,1.0,110.0,18.0,165.33333333333334,0,0,0,0,0,0,2,36,3,496,-1,277,2,0,551927.0,0.0,551927.0,551927.0,32152007.0,8782785.173172744,41451605.0,23998578.0,MITM_DOS
54,8.0.6.4-8.6.0.1-0-0-0,8.6.0.1,0,8.0.6.4,0,0,18/05/2020 03:02:53 PM,119975245,228,1,0.0,0.0,0.0,0.0,0.0,0.0,0.0,0.0,0.0,0.0,0.0,1.9087270878254927,526207.2149122811,744903.6165470914,5356721.0,14.0,118978704.0,524135.2599118944,745891.0717694856,5356721.0,14.0,0.0,0.0,0.0,0.0,0.0,0,0,0,0,0,0,1.9003920350402288,0.00833505278526416,0.0,0.0,0.0,0.0,0.0,0,0,0,0,0,0,0,0,0.0,0.0,0.0,0.0,0,0,0,0,0,0,228,0,1,0,-1,-1,0,0,97237882.0,0.0,97237882.0,97237882.0,5356721.0,0.0,5356721.0,5356721.0,ARP_POISONING
55,8.0.6.4-8.6.0.1-0-0-0,8.6.0.1,0,8.0.6.4,0,0,18/05/2020 03:04:53 PM,119947216,239,1,0.0,0.0,0.0,0.0,0.0,0.0,0.0,0.0,0.0,0.0,0.0,2.0008801204689903,501871.19665271963,652379.8270677896,4658792.0,7.0,119475947.0,501999.7773109239,653751.6722208499,4658792.0,7.0,0.0,0.0,0.0,0.0,0.0,0,0,0,0,0,0,1.9925431199670365,0.008337000501954126,0.0,0.0,0.0,0.0,0.0,0,0,0,0,0,0,0,0,0.0,0.0,0.0,0.0,0,0,0,0,0,0,239,0,1,0,-1,-1,0,0,0.0,0.0,0.0,0.0,0.0,0.0,0.0,0.0,ARP_POISONING
56,8.0.6.4-8.6.0.1-0-0-0,8.6.0.1,0,8.0.6.4,0,0,18/05/2020 03:06:53 PM,119657081,236,1,0.0,0.0,0.0,0.0,0.0,0.0,0.0,0.0,0.0,0.0,0.0,1.980660049696516,507021.529661017,643657.3870541485,4482371.0,12.0,119589307.0,508890.6680851062,644389.0835444508,4482371.0,12.0,0.0,0.0,0.0,0.0,0.0,0,0,0,0,0,0,1.972302834296952,0.008357215399563358,0.0,0.0,0.0,0.0,0.0,0,0,0,0,0,0,0,0,0.0,0.0,0.0,0.0,0,0,0,0,0,0,236,0,1,0,-1,-1,0,0,0.0,0.0,0.0,0.0,0.0,0.0,0.0,0.0,ARP_POISONING
57,192.168.1.2-192.168.1.4-48948-20000-6,192.168.1.2,48948,192.168.1.4,20000,6,18/05/2020 03:06:49 PM,67003164,1,2,27.0,35.0,27.0,27.0,27.0,0.0,18.0,17.0,17.5,0.7071067811865476,0.9253294366815276,0.04477400500071907,33501582.0,40303847.67655257,62000706.0,5002458.0,0.0,0.0,0.0,0.0,0.0,62000706.0,62000706.0,0.0,62000706.0,62000706.0,0,1,0,0,32,64,0.014924668333573025,0.02984933666714605,17.0,27.0,20.0,4.690415759823429,22.0,0,0,0,1,1,0,0,0,2.0,26.66666666666667,27.0,17.5,0,0,0,0,0,0,1,27,2,35,-1,285,1,0,0.0,0.0,0.0,0.0,33501582.0,40303847.67655257,62000706.0,5002458.0,MITM_DOS
58,8.0.6.4-8.6.0.1-0-0-0,8.6.0.1,0,8.0.6.4,0,0,18/05/2020 03:08:53 PM,119716555,231,1,0.0,0.0,0.0,0.0,0.0,0.0,0.0,0.0,0.0,0.0,0.0,1.937910759293065,518253.48484848475,547238.7541481709,4224629.0,8.0,119551670.0,519789.8695652169,547932.7813679486,4224629.0,8.0,0.0,0.0,0.0,0.0,0.0,0,0,0,0,0,0,1.9295576956754223,0.008353063617642523,0.0,0.0,0.0,0.0,0.0,0,0,0,0,0,0,0,0,0.0,0.0,0.0,0.0,0,0,0,0,0,0,231,0,1,0,-1,-1,0,0,0.0,0.0,0.0,0.0,0.0,0.0,0.0,0.0,ARP_POISONING
59,192.168.1.2-192.168.1.4-48948-20000-6,192.168.1.2,48948,192.168.1.4,20000,6,18/05/2020 03:09:05 PM,110520296,4,5,72.0,86.0,18.0,18.0,18.0,0.0,18.0,17.0,17.2,0.44721359549995776,1.4296016724385174,0.08143300665789023,13815037.0,12075438.439262567,40991246.0,1385280.0,49626955.0,16542318.333333336,5619697.592515217,20002763.0,10058151.0,110520296.0,27630074.0,16772917.160669755,49664117.0,10385550.0,0,1,0,0,128,160,0.036192447403506765,0.045240559254383465,17.0,18.0,17.6,0.5163977794943225,0.266666666666667,0,0,0,1,1,0,0,0,1.0,19.555555555555557,18.0,17.2,0,0,0,0,0,0,4,72,5,86,-1,285,4,0,1385280.0,0.0,1385280.0,1385280.0,15590716.57142857,11861305.224982407,40991246.0,8672871.0,MITM_DOS
60,8.0.6.4-8.6.0.1-0-0-0,8.6.0.1,0,8.0.6.4,0,0,18/05/2020 03:10:53 PM,119223976,235,1,0.0,0.0,0.0,0.0,0.0,0.0,0.0,0.0,0.0,0.0,0.0,1.9794676198351249,507336.0680851061,666210.7592840006,4791009.0,14.0,118734611.0,507412.86752136727,667637.8229526584,4791009.0,14.0,0.0,0.0,0.0,0.0,0.0,0,0,0,0,0,0,1.9710800451748065,0.008387574660318323,0.0,0.0,0.0,0.0,0.0,0,0,0,0,0,0,0,0,0.0,0.0,0.0,0.0,0,0,0,0,0,0,235,0,1,0,-1,-1,0,0,0.0,0.0,0.0,0.0,0.0,0.0,0.0,0.0,ARP_POISONING
61,192.168.1.2-192.168.1.4-48948-20000-6,192.168.1.2,48948,192.168.1.4,20000,6,18/05/2020 03:11:37 PM,88364882,3,1,72.0,18.0,27.0,18.0,24.0,5.196152422706632,18.0,18.0,18.0,0.0,1.018504160962949,0.045266851598353294,29454960.666666664,28854909.21780369,61999907.0,6999799.0,26364975.0,13182487.5,8743641.928628167,19365176.0,6999799.0,0.0,0.0,0.0,0.0,0.0,0,1,0,0,96,32,0.033950138698764974,0.011316712899588324,18.0,27.0,21.6,4.929503017546495,24.3,0,0,0,1,1,0,0,0,0.0,27.0,24.0,18.0,0,0,0,0,0,0,3,72,1,18,-1,1167,3,0,0.0,0.0,0.0,0.0,29454960.666666664,28854909.21780369,61999907.0,6999799.0,MITM_DOS
62,8.0.6.4-8.6.0.1-0-0-0,8.6.0.1,0,8.0.6.4,0,0,18/05/2020 03:12:54 PM,119700266,206,1,0.0,0.0,0.0,0.0,0.0,0.0,0.0,0.0,0.0,0.0,0.0,1.7293194653385315,581069.2524271845,878286.934528338,8390558.0,14.0,119700249.0,583903.6536585364,879491.9960681581,8390558.0,14.0,0.0,0.0,0.0,0.0,0.0,0,0,0,0,0,0,1.7209652650228864,0.00835420031564508,0.0,0.0,0.0,0.0,0.0,0,0,0,0,0,0,0,0,0.0,0.0,0.0,0.0,0,0,0,0,0,0,206,0,1,0,-1,-1,0,0,43265956.5,36056067.03024084,68761446.0,17770467.0,6974778.5,2002214.5702297997,8390558.0,5558999.0,ARP_POISONING
63,8.0.6.4-8.6.0.1-0-0-0,8.6.0.1,0,8.0.6.4,0,0,18/05/2020 03:14:54 PM,119711243,228,1,0.0,0.0,0.0,0.0,0.0,0.0,0.0,0.0,0.0,0.0,0.0,1.9129364482498945,525049.311403509,768232.2677261425,8089910.0,10.0,119331878.0,525691.0925110132,769868.7627583,8089910.0,10.0,0.0,0.0,0.0,0.0,0.0,0,0,0,0,0,0,1.9045830139780608,0.008353434271833599,0.0,0.0,0.0,0.0,0.0,0,0,0,0,0,0,0,0,0.0,0.0,0.0,0.0,0,0,0,0,0,0,228,0,1,0,-1,-1,0,0,109453580.0,0.0,109453580.0,109453580.0,8089910.0,0.0,8089910.0,8089910.0,ARP_POISONING
64,8.0.6.4-8.6.0.1-0-0-0,8.6.0.1,0,8.0.6.4,0,0,18/05/2020 03:16:54 PM,119274785,242,1,0.0,0.0,0.0,0.0,0.0,0.0,0.0,0.0,0.0,0.0,0.0,2.0373124126780024,492871.0123966945,685685.5888705364,5832150.0,13.0,119176847.0,494509.7385892114,686637.5799374578,5832150.0,13.0,0.0,0.0,0.0,0.0,0.0,0,0,0,0,0,0,2.028928410979739,0.008384001698263385,0.0,0.0,0.0,0.0,0.0,0,0,0,0,0,0,0,0,0.0,0.0,0.0,0.0,0,0,0,0,0,0,242,0,1,0,-1,-1,0,0,90004412.0,0.0,90004412.0,90004412.0,5832150.0,0.0,5832150.0,5832150.0,ARP_POISONING
65,192.168.1.2-192.168.1.4-48948-20000-6,192.168.1.2,48948,192.168.1.4,20000,6,18/05/2020 03:14:21 PM,24001025,2,3,45.0,505.0,27.0,18.0,22.5,6.363961030678928,292.0,27.0,168.33333333333334,133.38040835644992,22.915687975826035,0.20832443614387305,6000256.25,3913729.1994448095,8703684.0,207650.0,7943285.0,7943285.0,0.0,7943285.0,7943285.0,7354056.0,3677028.0,4906441.420598844,7146406.0,207650.0,0,1,0,0,64,96,0.08332977445754923,0.12499466168632382,18.0,292.0,96.16666666666666,115.65710815452145,13376.56666666667,0,0,0,1,1,0,0,0,1.0,115.4,22.5,168.33333333333334,0,0,0,0,0,0,2,45,3,505,-1,285,2,0,207650.0,0.0,207650.0,207650.0,7931125.0,778710.210232921,8703684.0,7146406.0,MITM_DOS
66,8.0.6.4-8.6.0.1-0-0-0,8.6.0.1,0,8.0.6.4,0,0,18/05/2020 03:18:54 PM,119492717,233,1,0.0,0.0,0.0,0.0,0.0,0.0,0.0,0.0,0.0,0.0,0.0,1.9582783442776683,512844.2789699571,703752.4940835909,6686276.0,13.0,117251800.0,505395.6896551722,696008.9374902772,6686276.0,13.0,0.0,0.0,0.0,0.0,0.0,0,0,0,0,0,0,1.9499096334046868,0.008368710872981489,0.0,0.0,0.0,0.0,0.0,0,0,0,0,0,0,0,0,0.0,0.0,0.0,0.0,0,0,0,0,0,0,233,0,1,0,-1,-1,0,0,59695816.0,0.0,59695816.0,59695816.0,6686276.0,0.0,6686276.0,6686276.0,ARP_POISONING
67,192.168.1.2-192.168.1.4-48948-20000-6,192.168.1.2,48948,192.168.1.4,20000,6,18/05/2020 03:19:14 PM,81005996,1,3,18.0,52.0,18.0,18.0,18.0,0.0,18.0,17.0,17.333333333333332,0.5773502691896257,0.8641335636438567,0.049379060779648966,27001998.66666667,35386717.28196856,67563069.0,2441342.0,0.0,0.0,0.0,0.0,0.0,70004411.0,35002205.5,46048014.76427908,67563069.0,2441342.0,0,1,0,0,32,96,0.012344765194912241,0.03703429558473672,17.0,18.0,17.6,0.5477225575051664,0.3000000000000003,0,0,0,1,1,0,0,0,3.0,22.0,18.0,17.333333333333332,0,0,0,0,0,0,1,18,3,52,-1,294,1,0,2441342.0,0.0,2441342.0,2441342.0,39282327.0,39995008.89037441,67563069.0,11001585.0,MITM_DOS
68,8.0.6.4-8.6.0.1-0-0-0,8.6.0.1,0,8.0.6.4,0,0,18/05/2020 03:20:55 PM,119669863,240,1,0.0,0.0,0.0,0.0,0.0,0.0,0.0,0.0,0.0,0.0,0.0,2.0138737854157984,498624.42916666646,700741.5018766704,5359178.0,11.0,119656918.0,500656.5606694559,701503.0875059565,5359178.0,11.0,0.0,0.0,0.0,0.0,0.0,0,0,0,0,0,0,2.005517462654737,0.008356322761061404,0.0,0.0,0.0,0.0,0.0,0,0,0,0,0,0,0,0,0.0,0.0,0.0,0.0,0,0,0,0,0,0,240,0,1,0,-1,-1,0,0,61821628.0,0.0,61821628.0,61821628.0,5359178.0,0.0,5359178.0,5359178.0,ARP_POISONING
69,192.168.1.2-192.168.1.4-48948-20000-6,192.168.1.2,48948,192.168.1.4,20000,6,18/05/2020 03:21:41 PM,73215138,1,1,18.0,17.0,18.0,18.0,18.0,0.0,17.0,17.0,17.0,0.0,0.4780432155983917,0.027316755177050955,73215138.0,0.0,73215138.0,73215138.0,0.0,0.0,0.0,0.0,0.0,0.0,0.0,0.0,0.0,0.0,0,1,0,0,32,32,0.013658377588525478,0.013658377588525478,17.0,18.0,17.333333333333332,0.5773502691896257,0.3333333333333333,0,0,0,1,1,0,0,0,1.0,26.0,18.0,17.0,0,0,0,0,0,0,1,18,1,17,-1,294,1,0,0.0,0.0,0.0,0.0,73215138.0,0.0,73215138.0,73215138.0,MITM_DOS
70,8.0.6.4-8.6.0.1-0-0-0,8.6.0.1,0,8.0.6.4,0,0,18/05/2020 03:22:57 PM,118164190,230,1,0.0,0.0,0.0,0.0,0.0,0.0,0.0,0.0,0.0,0.0,0.0,1.9549069815483016,513757.3478260871,701431.2415006513,5828872.0,6.0,117164666.0,511636.096069869,702228.0501492461,5828872.0,6.0,0.0,0.0,0.0,0.0,0.0,0,0,0,0,0,0,1.9464441807623782,0.008462800785923383,0.0,0.0,0.0,0.0,0.0,0,0,0,0,0,0,0,0,0.0,0.0,0.0,0.0,0,0,0,0,0,0,230,0,1,0,-1,-1,0,0,70612389.0,0.0,70612389.0,70612389.0,5828872.0,0.0,5828872.0,5828872.0,ARP_POISONING
71,8.0.6.4-8.6.0.1-0-0-0,8.6.0.1,0,8.0.6.4,0,0,18/05/2020 03:25:00 PM,119796833,221,1,0.0,0.0,0.0,0.0,0.0,0.0,0.0,0.0,0.0,0.0,0.0,1.8531374698361185,542067.1176470589,781289.865819987,6270205.0,6.0,119779997.0,544454.531818182,782263.2143648479,6270205.0,6.0,0.0,0.0,0.0,0.0,0.0,0,0,0,0,0,0,1.8447900037557756,0.008347466080342874,0.0,0.0,0.0,0.0,0.0,0,0,0,0,0,0,0,0,0.0,0.0,0.0,0.0,0,0,0,0,0,0,221,0,1,0,-1,-1,0,0,30911510.5,15011212.99132287,41526041.0,20296980.0,5648096.0,879794.9850743638,6270205.0,5025987.0,ARP_POISONING
72,192.168.1.2-192.168.1.4-48948-20000-6,192.168.1.2,48948,192.168.1.4,20000,6,18/05/2020 03:23:56 PM,61999812,1,1,27.0,27.0,27.0,27.0,27.0,0.0,27.0,27.0,27.0,0.0,0.8709703829424515,0.032258162331201906,61999812.0,0.0,61999812.0,61999812.0,0.0,0.0,0.0,0.0,0.0,0.0,0.0,0.0,0.0,0.0,0,1,0,0,32,32,0.016129081165600953,0.016129081165600953,27.0,27.0,27.0,0.0,0.0,0,0,0,1,1,0,0,0,1.0,40.5,27.0,27.0,0,0,0,0,0,0,1,27,1,27,-1,1361,1,0,0.0,0.0,0.0,0.0,61999812.0,0.0,61999812.0,61999812.0,MITM_DOS
73,8.0.6.4-8.6.0.1-0-0-0,8.6.0.1,0,8.0.6.4,0,0,18/05/2020 03:27:03 PM,119781806,218,1,0.0,0.0,0.0,0.0,0.0,0.0,0.0,0.0,0.0,0.0,0.0,1.8283244118059128,549457.8256880739,772203.2085109497,6789136.0,12.0,119571480.0,551020.6451612897,773643.0209922813,6789136.0,12.0,0.0,0.0,0.0,0.0,0.0,0,0,0,0,0,0,1.819975898509996,0.008348513295917412,0.0,0.0,0.0,0.0,0.0,0,0,0,0,0,0,0,0,0.0,0.0,0.0,0.0,0,0,0,0,0,0,218,0,1,0,-1,-1,0,0,47677916.0,0.0,47677916.0,47677916.0,6789136.0,0.0,6789136.0,6789136.0,ARP_POISONING
74,192.168.1.2-192.168.1.4-48948-20000-6,192.168.1.2,48948,192.168.1.4,20000,6,18/05/2020 03:27:09 PM,117361961,2,2,54.0,495.0,27.0,27.0,27.0,0.0,292.0,203.0,247.5,62.93250352560272,4.677835947202689,0.03408259342224181,39120653.66666666,33875469.31703124,62000215.0,204671.0,62000215.0,62000215.0,0.0,62000215.0,62000215.0,204671.0,204671.0,0.0,204671.0,204671.0,0,1,0,0,64,64,0.017041296711120906,0.017041296711120906,27.0,292.0,168.2,133.92049880432793,17934.699999999993,0,0,0,1,1,0,0,0,1.0,210.25,27.0,247.5,0,0,0,0,0,0,2,54,2,495,-1,319,2,0,204671.0,0.0,204671.0,204671.0,58578645.0,4838830.698608912,62000215.0,55157075.0,MITM_DOS
75,8.0.6.4-8.6.0.1-0-0-0,8.6.0.1,0,8.0.6.4,0,0,18/05/2020 03:29:03 PM,119650017,236,1,0.0,0.0,0.0,0.0,0.0,0.0,0.0,0.0,0.0,0.0,0.0,1.980776985597921,506991.5974576269,744894.1259287986,6009724.0,7.0,118652433.0,504903.970212766,745791.9004353429,6009724.0,7.0,0.0,0.0,0.0,0.0,0.0,0,0,0,0,0,0,1.9724192767979296,0.008357708799991228,0.0,0.0,0.0,0.0,0.0,0,0,0,0,0,0,0,0,0.0,0.0,0.0,0.0,0,0,0,0,0,0,236,0,1,0,-1,-1,0,0,25189839.0,0.0,25189839.0,25189839.0,6009724.0,0.0,6009724.0,6009724.0,ARP_POISONING
76,8.0.6.4-8.6.0.1-0-0-0,8.6.0.1,0,8.0.6.4,0,0,18/05/2020 03:31:04 PM,117125252,224,1,0.0,0.0,0.0,0.0,0.0,0.0,0.0,0.0,0.0,0.0,0.0,1.921020413258108,522880.5892857141,813276.3423443013,6287494.0,7.0,116127234.0,520749.928251121,814479.1551177859,6287494.0,7.0,0.0,0.0,0.0,0.0,0.0,0,0,0,0,0,0,1.9124825447547384,0.00853786850336937,0.0,0.0,0.0,0.0,0.0,0,0,0,0,0,0,0,0,0.0,0.0,0.0,0.0,0,0,0,0,0,0,224,0,1,0,-1,-1,0,0,13644271.0,1626707.6354010268,14794527.0,12494015.0,5915895.5,525519.6384574985,6287494.0,5544297.0,ARP_POISONING
77,192.168.1.2-192.168.1.4-48948-20000-6,192.168.1.2,48948,192.168.1.4,20000,6,18/05/2020 03:32:39 PM,110055529,3,4,54.0,529.0,18.0,18.0,18.0,0.0,292.0,17.0,132.25,137.95017216372005,5.297325861747481,0.06360425562990116,18342588.166666668,18686882.503620893,47434860.0,204450.0,60006030.0,30003015.0,29701284.952688497,51004995.0,9001035.0,110055529.0,36685176.333333336,47136662.25407302,89907426.0,204450.0,0,1,0,0,96,128,0.02725896669852907,0.03634528893137209,17.0,292.0,109.375,129.60592744381495,16797.696428571428,0,0,0,1,1,0,0,0,1.0,125.0,18.0,132.25,0,0,0,0,0,0,3,54,4,529,-1,336,3,0,204450.0,0.0,204450.0,204450.0,26860222.5,17058371.460137073,47434860.0,9001035.0,MITM_DOS
78,8.0.6.4-8.6.0.1-0-0-0,8.6.0.1,0,8.0.6.4,0,0,18/05/2020 03:33:04 PM,119384297,232,1,0.0,0.0,0.0,0.0,0.0,0.0,0.0,0.0,0.0,0.0,0.0,1.951680462632368,514587.4870689658,624219.1806348275,5097059.0,11.0,118388155.0,512502.83549783524,624764.8448810709,5097059.0,11.0,0.0,0.0,0.0,0.0,0.0,0,0,0,0,0,0,1.943304151633945,0.00837631099842218,0.0,0.0,0.0,0.0,0.0,0,0,0,0,0,0,0,0,0.0,0.0,0.0,0.0,0,0,0,0,0,0,232,0,1,0,-1,-1,0,0,99072291.0,0.0,99072291.0,99072291.0,5097059.0,0.0,5097059.0,5097059.0,ARP_POISONING
79,8.0.6.4-8.6.0.1-0-0-0,8.6.0.1,0,8.0.6.4,0,0,18/05/2020 03:35:04 PM,119924293,235,1,0.0,0.0,0.0,0.0,0.0,0.0,0.0,0.0,0.0,0.0,0.0,1.967908203553053,510316.1404255313,722309.2389593091,7465177.0,13.0,119480142.0,510598.8974358975,723844.5653047756,7465177.0,13.0,0.0,0.0,0.0,0.0,0.0,0,0,0,0,0,0,1.959569609470201,0.008338594082851921,0.0,0.0,0.0,0.0,0.0,0,0,0,0,0,0,0,0,0.0,0.0,0.0,0.0,0,0,0,0,0,0,235,0,1,0,-1,-1,0,0,32963999.0,0.0,32963999.0,32963999.0,7465177.0,0.0,7465177.0,7465177.0,ARP_POISONING
80,192.168.1.2-192.168.1.4-48948-20000-6,192.168.1.2,48948,192.168.1.4,20000,6,18/05/2020 03:34:45 PM,82999824,2,1,36.0,18.0,18.0,18.0,18.0,0.0,18.0,18.0,18.0,0.0,0.6506037892321314,0.03614465495734063,41499912.0,707048.7984304902,41999871.0,40999953.0,41999871.0,41999871.0,0.0,41999871.0,41999871.0,0.0,0.0,0.0,0.0,0.0,0,1,0,0,64,32,0.024096436638227088,0.012048218319113544,18.0,18.0,18.0,0.0,0.0,0,0,0,1,1,0,0,0,0.0,24.0,18.0,18.0,0,0,0,0,0,0,2,36,1,18,-1,1444,2,0,0.0,0.0,0.0,0.0,41499912.0,707048.7984304902,41999871.0,40999953.0,MITM_DOS
81,8.0.6.4-8.6.0.1-0-0-0,8.6.0.1,0,8.0.6.4,0,0,18/05/2020 03:37:04 PM,119805747,203,1,0.0,0.0,0.0,0.0,0.0,0.0,0.0,0.0,0.0,0.0,0.0,1.7027563794581575,590176.0935960592,739688.80400843,4981614.0,14.0,119032152.0,589268.0792079202,741413.1168134931,4981614.0,14.0,0.0,0.0,0.0,0.0,0.0,0,0,0,0,0,0,1.6944095344608134,0.00834684499734391,0.0,0.0,0.0,0.0,0.0,0,0,0,0,0,0,0,0,0.0,0.0,0.0,0.0,0,0,0,0,0,0,203,0,1,0,-1,-1,0,0,0.0,0.0,0.0,0.0,0.0,0.0,0.0,0.0,ARP_POISONING
82,8.0.6.4-8.6.0.1-0-0-0,8.6.0.1,0,8.0.6.4,0,0,18/05/2020 03:39:04 PM,119296056,234,1,0.0,0.0,0.0,0.0,0.0,0.0,0.0,0.0,0.0,0.0,0.0,1.969889096752704,509812.20512820507,645154.2125538475,4294631.0,11.0,118739860.0,509613.13304721046,646535.9336036643,4294631.0,11.0,0.0,0.0,0.0,0.0,0.0,0,0,0,0,0,0,1.961506589958012,0.008382506794692358,0.0,0.0,0.0,0.0,0.0,0,0,0,0,0,0,0,0,0.0,0.0,0.0,0.0,0,0,0,0,0,0,234,0,1,0,-1,-1,0,0,0.0,0.0,0.0,0.0,0.0,0.0,0.0,0.0,ARP_POISONING
83,8.0.6.4-8.6.0.1-0-0-0,8.6.0.1,0,8.0.6.4,0,0,18/05/2020 03:41:04 PM,119722218,227,1,0.0,0.0,0.0,0.0,0.0,0.0,0.0,0.0,0.0,0.0,0.0,1.904408419830645,527410.651982379,750353.6194513972,7045085.0,6.0,119673173.0,529527.3141592919,751339.7190474055,7045085.0,6.0,0.0,0.0,0.0,0.0,0.0,0,0,0,0,0,0,1.896055751322616,0.008352668508029145,0.0,0.0,0.0,0.0,0.0,0,0,0,0,0,0,0,0,0.0,0.0,0.0,0.0,0,0,0,0,0,0,227,0,1,0,-1,-1,0,0,96924190.0,0.0,96924190.0,96924190.0,7045085.0,0.0,7045085.0,7045085.0,ARP_POISONING
84,8.0.6.4-8.6.0.1-0-0-0,8.6.0.1,0,8.0.6.4,0,0,18/05/2020 03:43:05 PM,119968113,234,1,0.0,0.0,0.0,0.0,0.0,0.0,0.0,0.0,0.0,0.0,0.0,1.9588538497725638,512684.24358974345,582023.9060586245,4691484.0,12.0,119282221.0,511940.862660944,583165.5811798887,4691484.0,12.0,0.0,0.0,0.0,0.0,0.0,0,0,0,0,0,0,1.9505183014756595,0.00833554829690453,0.0,0.0,0.0,0.0,0.0,0,0,0,0,0,0,0,0,0.0,0.0,0.0,0.0,0,0,0,0,0,0,234,0,1,0,-1,-1,0,0,0.0,0.0,0.0,0.0,0.0,0.0,0.0,0.0,ARP_POISONING
85,8.0.6.4-8.6.0.1-0-0-0,8.6.0.1,0,8.0.6.4,0,0,18/05/2020 03:45:06 PM,119716570,232,1,0.0,0.0,0.0,0.0,0.0,0.0,0.0,0.0,0.0,0.0,0.0,1.9462635790517555,516019.6982758618,628535.938354184,5703065.0,4.0,119270854.0,516324.04329004354,629883.7068437783,5703065.0,4.0,0.0,0.0,0.0,0.0,0.0,0,0,0,0,0,0,1.9379105164807175,0.008353062571037576,0.0,0.0,0.0,0.0,0.0,0,0,0,0,0,0,0,0,0.0,0.0,0.0,0.0,0,0,0,0,0,0,232,0,1,0,-1,-1,0,0,95533813.0,0.0,95533813.0,95533813.0,5703065.0,0.0,5703065.0,5703065.0,ARP_POISONING
86,8.0.6.4-8.6.0.1-0-0-0,8.6.0.1,0,8.0.6.4,0,0,18/05/2020 03:47:06 PM,119596059,231,1,0.0,0.0,0.0,0.0,0.0,0.0,0.0,0.0,0.0,0.0,0.0,1.939863252517376,517731.85714285716,738082.0013800703,4926647.0,3.0,118931710.0,517094.3913043477,739628.0468639408,4926647.0,3.0,0.0,0.0,0.0,0.0,0.0,0,0,0,0,0,0,1.9315017729806632,0.008361479536712828,0.0,0.0,0.0,0.0,0.0,0,0,0,0,0,0,0,0,0.0,0.0,0.0,0.0,0,0,0,0,0,0,231,0,1,0,-1,-1,0,0,0.0,0.0,0.0,0.0,0.0,0.0,0.0,0.0,ARP_POISONING
87,192.168.1.2-192.168.1.4-48948-20000-6,192.168.1.2,48948,192.168.1.4,20000,6,18/05/2020 03:38:12 PM,115858688,3,2,117.0,35.0,81.0,18.0,39.0,36.37306695894642,18.0,17.0,17.5,0.7071067811865476,1.3119430456523036,0.04315602123856262,28964672.0,30175225.03465193,74005859.0,9842094.0,41852829.0,20926414.5,15675596.380790126,32010735.0,9842094.0,89185407.0,89185407.0,0.0,89185407.0,89185407.0,0,1,0,0,96,64,0.02589361274313757,0.017262408495425048,17.0,81.0,28.333333333333336,25.804392390960626,665.8666666666667,0,0,0,1,1,0,0,0,0.0,34.0,39.0,17.5,0,0,0,0,0,0,3,117,2,35,-1,344,3,0,0.0,0.0,0.0,0.0,28964672.0,30175225.03465193,74005859.0,9842094.0,MITM_DOS
88,8.0.6.4-8.6.0.1-0-0-0,8.6.0.1,0,8.0.6.4,0,0,18/05/2020 03:49:07 PM,119584936,210,1,0.0,0.0,0.0,0.0,0.0,0.0,0.0,0.0,0.0,0.0,0.0,1.7644362831786773,569452.0761904764,962322.8296391407,9022865.0,8.0,119136412.0,570030.6794258377,964596.7151930932,9022865.0,8.0,0.0,0.0,0.0,0.0,0.0,0,0,0,0,0,0,1.7560740259124277,0.008362257266249656,0.0,0.0,0.0,0.0,0.0,0,0,0,0,0,0,0,0,0.0,0.0,0.0,0.0,0,0,0,0,0,0,210,0,1,0,-1,-1,0,0,32728585.666666664,18885339.291875705,48771110.0,11915369.0,7133059.666666668,1799232.0707074818,9022865.0,5440686.0,ARP_POISONING
89,192.168.1.2-192.168.1.4-48948-20000-6,192.168.1.2,48948,192.168.1.4,20000,6,18/05/2020 03:49:49 PM,80461014,1,3,18.0,51.0,18.0,18.0,18.0,0.0,17.0,17.0,17.0,0.0,0.8575581709671221,0.04971351715751432,26820338.0,31775882.532501265,62000555.0,204103.0,0.0,0.0,0.0,0.0,0.0,80461014.0,40230507.0,56605883.3898247,80256911.0,204103.0,0,1,0,0,32,96,0.01242837928937858,0.03728513786813574,17.0,18.0,17.2,0.4472135954999579,0.2,0,0,0,1,1,0,0,0,3.0,21.5,18.0,17.0,0,0,0,0,0,0,1,18,3,51,-1,361,1,0,204103.0,0.0,204103.0,204103.0,40128455.5,30931819.75047379,62000555.0,18256356.0,MITM_DOS
90,8.0.6.4-8.6.0.1-0-0-0,8.6.0.1,0,8.0.6.4,0,0,18/05/2020 03:51:07 PM,119984010,229,1,0.0,0.0,0.0,0.0,0.0,0.0,0.0,0.0,0.0,0.0,0.0,1.91692209653603,523947.6419213975,696996.244844766,5831275.0,10.0,119737599.0,525164.9078947365,698285.7993560843,5831275.0,10.0,0.0,0.0,0.0,0.0,0.0,0,0,0,0,0,0,1.9085876526380476,0.008334443897982739,0.0,0.0,0.0,0.0,0.0,0,0,0,0,0,0,0,0,0.0,0.0,0.0,0.0,0,0,0,0,0,0,229,0,1,0,-1,-1,0,0,88266417.0,0.0,88266417.0,88266417.0,5831275.0,0.0,5831275.0,5831275.0,ARP_POISONING
91,192.168.1.2-192.168.1.4-48948-20000-6,192.168.1.2,48948,192.168.1.4,20000,6,18/05/2020 03:52:17 PM,109872296,1,5,18.0,86.0,18.0,18.0,18.0,0.0,18.0,17.0,17.2,0.44721359549995776,0.9465534423709504,0.05460885244447791,21974459.2,12050895.974135686,42000137.0,11201186.0,0.0,0.0,0.0,0.0,0.0,109872296.0,27468074.0,10461905.324975213,42000137.0,17360412.0,0,1,0,0,32,160,0.009101475407412985,0.04550737703706492,17.0,18.0,17.428571428571427,0.5345224838248491,0.2857142857142861,0,0,0,1,1,0,0,0,5.0,20.33333333333333,18.0,17.2,0,0,0,0,0,0,1,18,5,86,-1,361,1,0,0.0,0.0,0.0,0.0,21974459.2,12050895.974135686,42000137.0,11201186.0,MITM_DOS
92,8.0.6.4-8.6.0.1-0-0-0,8.6.0.1,0,8.0.6.4,0,0,18/05/2020 03:53:08 PM,119940102,217,1,0.0,0.0,0.0,0.0,0.0,0.0,0.0,0.0,0.0,0.0,0.0,1.8175739086831861,552719.3640553001,856711.2919687687,7035431.0,10.0,119800142.0,554630.2870370374,858237.6651319036,7035431.0,10.0,0.0,0.0,0.0,0.0,0.0,0,0,0,0,0,0,1.8092364136892265,0.008337494993959568,0.0,0.0,0.0,0.0,0.0,0,0,0,0,0,0,0,0,0.0,0.0,0.0,0.0,0,0,0,0,0,0,217,0,1,0,-1,-1,0,0,64477669.0,0.0,64477669.0,64477669.0,7035431.0,0.0,7035431.0,7035431.0,ARP_POISONING
93,8.0.6.4-8.6.0.1-0-0-0,8.6.0.1,0,8.0.6.4,0,0,18/05/2020 03:55:08 PM,119965995,222,1,0.0,0.0,0.0,0.0,0.0,0.0,0.0,0.0,0.0,0.0,0.0,1.8588600878107169,540387.3648648645,691302.9470274119,6128235.0,12.0,119620070.0,541267.2850678731,692747.6952718761,6128235.0,12.0,0.0,0.0,0.0,0.0,0.0,0,0,0,0,0,0,1.850524392349682,0.008335695461034603,0.0,0.0,0.0,0.0,0.0,0,0,0,0,0,0,0,0,0.0,0.0,0.0,0.0,0,0,0,0,0,0,222,0,1,0,-1,-1,0,0,1346006.0,0.0,1346006.0,1346006.0,6128235.0,0.0,6128235.0,6128235.0,ARP_POISONING
94,192.168.1.2-192.168.1.4-48948-20000-6,192.168.1.2,48948,192.168.1.4,20000,6,18/05/2020 03:54:26 PM,52823351,2,1,36.0,18.0,18.0,18.0,18.0,0.0,18.0,18.0,18.0,0.0,1.0222751676621198,0.05679306487011776,26411675.5,22045364.17235616,42000102.0,10823249.0,42000102.0,42000102.0,0.0,42000102.0,42000102.0,0.0,0.0,0.0,0.0,0.0,0,1,0,0,64,32,0.03786204324674517,0.018931021623372585,18.0,18.0,18.0,0.0,0.0,0,0,0,1,1,0,0,0,0.0,24.0,18.0,18.0,0,0,0,0,0,0,2,36,1,18,-1,1444,2,0,0.0,0.0,0.0,0.0,26411675.5,22045364.17235616,42000102.0,10823249.0,MITM_DOS
95,8.0.6.4-8.6.0.1-0-0-0,8.6.0.1,0,8.0.6.4,0,0,18/05/2020 03:57:09 PM,116920063,239,1,0.0,0.0,0.0,0.0,0.0,0.0,0.0,0.0,0.0,0.0,0.0,2.052684490941473,489205.2845188282,707146.9854272888,6395408.0,9.0,116403620.0,489090.8403361343,708635.0683166084,6395408.0,9.0,0.0,0.0,0.0,0.0,0.0,0,0,0,0,0,0,2.0441316388958843,0.008552852045589473,0.0,0.0,0.0,0.0,0.0,0,0,0,0,0,0,0,0,0.0,0.0,0.0,0.0,0,0,0,0,0,0,239,0,1,0,-1,-1,0,0,30300263.5,10991107.293524366,38072150.0,22528377.0,6189908.0,290620.88706767105,6395408.0,5984408.0,ARP_POISONING
96,8.0.6.4-8.6.0.1-0-0-0,8.6.0.1,0,8.0.6.4,0,0,18/05/2020 03:59:10 PM,119679734,217,1,0.0,0.0,0.0,0.0,0.0,0.0,0.0,0.0,0.0,0.0,0.0,1.8215281126878171,551519.5115207372,717000.7298667129,5087563.0,15.0,118679877.0,549443.8749999999,718012.4795919723,5087563.0,15.0,0.0,0.0,0.0,0.0,0.0,0,0,0,0,0,0,1.8131724791433776,0.00835563354443953,0.0,0.0,0.0,0.0,0.0,0,0,0,0,0,0,0,0,0.0,0.0,0.0,0.0,0,0,0,0,0,0,217,0,1,0,-1,-1,0,0,85935821.0,0.0,85935821.0,85935821.0,5087563.0,0.0,5087563.0,5087563.0,ARP_POISONING
97,8.0.6.4-8.6.0.1-0-0-0,8.6.0.1,0,8.0.6.4,0,0,18/05/2020 04:01:10 PM,119239718,206,1,0.0,0.0,0.0,0.0,0.0,0.0,0.0,0.0,0.0,0.0,0.0,1.7359987382727624,578833.582524272,881428.0761792781,6700000.0,8.0,119141595.0,581178.5121951218,882941.4356318453,6700000.0,8.0,0.0,0.0,0.0,0.0,0.0,0,0,0,0,0,0,1.7276122709381114,0.008386467334651027,0.0,0.0,0.0,0.0,0.0,0,0,0,0,0,0,0,0,0.0,0.0,0.0,0.0,0,0,0,0,0,0,206,0,1,0,-1,-1,0,0,4885002.333333333,2273970.3775626305,7510702.0,3557414.0,5755784.333333332,857611.5126176497,6700000.0,5025142.0,ARP_POISONING
98,192.168.1.2-192.168.1.4-48948-20000-6,192.168.1.2,48948,192.168.1.4,20000,6,18/05/2020 04:02:37 PM,114551247,3,3,72.0,52.0,36.0,18.0,24.0,10.392304845413264,18.0,17.0,17.333333333333332,0.5773502691896257,1.082484942307088,0.0523783036600204,22910249.4,16325738.945437536,50003912.0,6671858.0,68148743.0,34074371.5,22527772.21747149,50003912.0,18144831.0,114551247.0,57275623.5,58113335.34525827,98367957.0,16183290.0,0,1,0,0,96,96,0.0261891518300102,0.0261891518300102,17.0,36.0,20.285714285714285,6.945365018348224,48.23809523809523,0,0,0,1,1,0,0,0,1.0,23.66666666666667,24.0,17.333333333333332,0,0,0,0,0,0,3,72,3,52,-1,377,3,0,0.0,0.0,0.0,0.0,22910249.4,16325738.945437536,50003912.0,6671858.0,MITM_DOS
99,8.0.6.4-8.6.0.1-0-0-0,8.6.0.1,0,8.0.6.4,0,0,18/05/2020 04:03:11 PM,119362789,235,1,0.0,0.0,0.0,0.0,0.0,0.0,0.0,0.0,0.0,0.0,0.0,1.977165597228128,507926.7617021279,619754.0504289557,5159560.0,8.0,118760856.0,507525.0256410256,621051.905970276,5159560.0,8.0,0.0,0.0,0.0,0.0,0.0,0,0,0,0,0,0,1.96878777690089,0.00837782032723783,0.0,0.0,0.0,0.0,0.0,0,0,0,0,0,0,0,0,0.0,0.0,0.0,0.0,0,0,0,0,0,0,235,0,1,0,-1,-1,0,0,86773810.0,0.0,86773810.0,86773810.0,5159560.0,0.0,5159560.0,5159560.0,ARP_POISONING
100,192.168.1.2-192.168.1.4-48948-20000-6,192.168.1.2,48948,192.168.1.4,20000,6,18/05/2020 04:04:49 PM,103999315,1,2,18.0,34.0,18.0,18.0,18.0,0.0,17.0,17.0,17.0,0.0,0.5000032932909222,0.02884634384370705,51999657.5,14141682.36828421,61999337.0,41999978.0,0.0,0.0,0.0,0.0,0.0,41999978.0,41999978.0,0.0,41999978.0,41999978.0,0,1,0,0,32,64,0.00961544794790235,0.0192308958958047,17.0,18.0,17.25,0.5,0.25,0,0,0,1,1,0,0,0,2.0,23.0,18.0,17.0,0,0,0,0,0,0,1,18,2,34,-1,377,1,0,0.0,0.0,0.0,0.0,51999657.5,14141682.36828421,61999337.0,41999978.0,MITM_DOS
101,8.0.6.4-8.6.0.1-0-0-0,8.6.0.1,0,8.0.6.4,0,0,18/05/2020 04:05:11 PM,119652962,229,1,0.0,0.0,0.0,0.0,0.0,0.0,0.0,0.0,0.0,0.0,0.0,1.9222257113869023,522502.0174672489,709770.8924234917,6488680.0,14.0,118653017.0,520407.9692982457,710623.2435765051,6488680.0,14.0,0.0,0.0,0.0,0.0,0.0,0,0,0,0,0,0,1.913868208293916,0.00835750309298653,0.0,0.0,0.0,0.0,0.0,0,0,0,0,0,0,0,0,0.0,0.0,0.0,0.0,0,0,0,0,0,0,229,0,1,0,-1,-1,0,0,17708096.0,0.0,17708096.0,17708096.0,6488680.0,0.0,6488680.0,6488680.0,ARP_POISONING
102,8.0.6.4-8.6.0.1-0-0-0,8.6.0.1,0,8.0.6.4,0,0,18/05/2020 04:07:11 PM,119887377,225,1,0.0,0.0,0.0,0.0,0.0,0.0,0.0,0.0,0.0,0.0,0.0,1.8851025492033244,532832.7866666665,698819.5655973944,5716480.0,13.0,119353445.0,532827.8794642859,700384.6690825949,5716480.0,13.0,0.0,0.0,0.0,0.0,0.0,0,0,0,0,0,0,1.8767613874811857,0.008341161722138604,0.0,0.0,0.0,0.0,0.0,0,0,0,0,0,0,0,0,0.0,0.0,0.0,0.0,0,0,0,0,0,0,225,0,1,0,-1,-1,0,0,50921959.0,0.0,50921959.0,50921959.0,5716480.0,0.0,5716480.0,5716480.0,ARP_POISONING
103,8.0.6.4-8.6.0.1-0-0-0,8.6.0.1,0,8.0.6.4,0,0,18/05/2020 04:09:12 PM,119955772,232,1,0.0,0.0,0.0,0.0,0.0,0.0,0.0,0.0,0.0,0.0,0.0,1.942382564133721,517050.7413793105,682259.8495653715,6833785.0,14.0,118955817.0,514960.2467532468,682996.3651511875,6833785.0,14.0,0.0,0.0,0.0,0.0,0.0,0,0,0,0,0,0,1.9340461582790696,0.008336405854651162,0.0,0.0,0.0,0.0,0.0,0,0,0,0,0,0,0,0,0.0,0.0,0.0,0.0,0,0,0,0,0,0,232,0,1,0,-1,-1,0,0,46213899.0,0.0,46213899.0,46213899.0,6833785.0,0.0,6833785.0,6833785.0,ARP_POISONING
104,8.0.6.4-8.6.0.1-0-0-0,8.6.0.1,0,8.0.6.4,0,0,18/05/2020 04:11:13 PM,119747474,228,1,0.0,0.0,0.0,0.0,0.0,0.0,0.0,0.0,0.0,0.0,0.0,1.9123576669350035,525208.2192982456,746977.446030142,5377367.0,15.0,119659991.0,527136.5242290752,748059.2789555921,5377367.0,15.0,0.0,0.0,0.0,0.0,0.0,0,0,0,0,0,0,1.9040067600924928,0.008350906842510933,0.0,0.0,0.0,0.0,0.0,0,0,0,0,0,0,0,0,0.0,0.0,0.0,0.0,0,0,0,0,0,0,228,0,1,0,-1,-1,0,0,105905170.0,0.0,105905170.0,105905170.0,5377367.0,0.0,5377367.0,5377367.0,ARP_POISONING
105,8.0.6.4-8.6.0.1-0-0-0,8.6.0.1,0,8.0.6.4,0,0,18/05/2020 04:13:13 PM,119035013,233,1,0.0,0.0,0.0,0.0,0.0,0.0,0.0,0.0,0.0,0.0,0.0,1.9658081609988145,510879.8841201715,662618.458106119,4670214.0,7.0,118625199.0,511315.5129310344,664017.7100112272,4670214.0,7.0,0.0,0.0,0.0,0.0,0.0,0,0,0,0,0,0,1.9574072714218969,0.008400889576918013,0.0,0.0,0.0,0.0,0.0,0,0,0,0,0,0,0,0,0.0,0.0,0.0,0.0,0,0,0,0,0,0,233,0,1,0,-1,-1,0,0,0.0,0.0,0.0,0.0,0.0,0.0,0.0,0.0,ARP_POISONING
106,192.168.1.2-192.168.1.4-48948-20000-6,192.168.1.2,48948,192.168.1.4,20000,6,18/05/2020 04:07:07 PM,62004910,3,3,63.0,495.0,27.0,18.0,21.0,5.196152422706632,292.0,17.0,165.0,138.69751259485514,8.99928731450461,0.0967665302634904,12400982.0,12727175.643356107,30350047.0,247809.0,31407054.0,15703527.0,7498781.147456031,21005966.0,10401088.0,35400225.0,17700112.5,24681284.304351434,35152416.0,247809.0,0,1,0,0,96,96,0.048383265131745214,0.048383265131745214,17.0,292.0,121.42857142857142,131.38728647635222,17262.619047619046,0,0,0,1,1,0,0,0,1.0,141.66666666666666,21.0,165.0,0,0,0,0,0,0,3,63,3,495,-1,377,3,0,2525089.0,3220560.2613210017,4802369.0,247809.0,18984910.666666668,12498822.261965018,30350047.0,5598719.0,MITM_DOS
107,8.0.6.4-8.6.0.1-0-0-0,8.6.0.1,0,8.0.6.4,0,0,18/05/2020 04:15:13 PM,119551547,246,1,0.0,0.0,0.0,0.0,0.0,0.0,0.0,0.0,0.0,0.0,0.0,2.0660544024578793,485981.8983739839,698448.978095417,4714461.0,6.0,118551591.0,483884.0448979597,699101.7106754604,4714461.0,6.0,0.0,0.0,0.0,0.0,0.0,0,0,0,0,0,0,2.0576898097353773,0.008364592722501533,0.0,0.0,0.0,0.0,0.0,0,0,0,0,0,0,0,0,0.0,0.0,0.0,0.0,0,0,0,0,0,0,246,0,1,0,-1,-1,0,0,0.0,0.0,0.0,0.0,0.0,0.0,0.0,0.0,ARP_POISONING
108,192.168.1.2-192.168.1.4-48948-20000-6,192.168.1.2,48948,192.168.1.4,20000,6,18/05/2020 04:16:46 PM,94767233,0,3,0.0,505.0,0.0,0.0,0.0,0.0,292.0,27.0,168.33333333333334,133.38040835644992,5.328846100212718,0.03165651148641219,47383616.5,66711282.87137042,94555617.0,211616.0,0.0,0.0,0.0,0.0,0.0,94767233.0,47383616.5,66711282.87137042,94555617.0,211616.0,0,1,0,0,0,96,0.0,0.03165651148641219,27.0,292.0,133.0,129.82295636750843,16854.0,0,0,0,1,1,0,0,0,0.0,177.33333333333337,0.0,168.33333333333334,0,0,0,0,0,0,0,0,3,505,-1,394,0,0,0.0,0.0,0.0,0.0,94555617.0,0.0,94555617.0,94555617.0,MITM_DOS
109,8.0.6.4-8.6.0.1-0-0-0,8.6.0.1,0,8.0.6.4,0,0,18/05/2020 04:17:13 PM,119382671,232,1,0.0,0.0,0.0,0.0,0.0,0.0,0.0,0.0,0.0,0.0,0.0,1.9517070446513969,514580.4784482754,547207.5492988103,3109979.0,6.0,119036476.0,515309.4199134202,548282.9448525021,3109979.0,6.0,0.0,0.0,0.0,0.0,0.0,0,0,0,0,0,0,1.943330619567056,0.008376425084340758,0.0,0.0,0.0,0.0,0.0,0,0,0,0,0,0,0,0,0.0,0.0,0.0,0.0,0,0,0,0,0,0,232,0,1,0,-1,-1,0,0,0.0,0.0,0.0,0.0,0.0,0.0,0.0,0.0,ARP_POISONING
110,192.168.1.2-192.168.1.4-48948-20000-6,192.168.1.2,48948,192.168.1.4,20000,6,18/05/2020 04:18:50 PM,62000015,2,1,45.0,27.0,27.0,18.0,22.5,6.363961030678928,27.0,27.0,27.0,0.0,1.1612900416233771,0.048387085067640716,31000007.5,40691661.09780111,59773357.0,2226658.0,59773357.0,59773357.0,0.0,59773357.0,59773357.0,0.0,0.0,0.0,0.0,0.0,0,1,0,0,64,32,0.032258056711760484,0.016129028355880242,18.0,27.0,24.75,4.5,20.25,0,0,0,1,1,0,0,0,0.0,33.0,22.5,27.0,0,0,0,0,0,0,2,45,1,27,-1,1444,2,0,2226658.0,0.0,2226658.0,2226658.0,59773357.0,0.0,59773357.0,59773357.0,MITM_DOS
111,8.0.6.4-8.6.0.1-0-0-0,8.6.0.1,0,8.0.6.4,0,0,18/05/2020 04:19:13 PM,119248087,223,1,0.0,0.0,0.0,0.0,0.0,0.0,0.0,0.0,0.0,0.0,0.0,1.87843684234532,534744.7847533631,682047.5590385271,4255366.0,12.0,119110787.0,536535.0765765765,683063.5536850367,4255366.0,12.0,0.0,0.0,0.0,0.0,0.0,0,0,0,0,0,0,1.8700509635848501,0.00838587876047018,0.0,0.0,0.0,0.0,0.0,0,0,0,0,0,0,0,0,0.0,0.0,0.0,0.0,0,0,0,0,0,0,223,0,1,0,-1,-1,0,0,0.0,0.0,0.0,0.0,0.0,0.0,0.0,0.0,ARP_POISONING
112,8.0.6.4-8.6.0.1-0-0-0,8.6.0.1,0,8.0.6.4,0,0,18/05/2020 04:21:16 PM,119966154,230,1,0.0,0.0,0.0,0.0,0.0,0.0,0.0,0.0,0.0,0.0,0.0,1.9255430994311944,521591.9739130433,760034.6924082277,7375567.0,7.0,119530930.0,521969.12663755455,761678.0413223291,7375567.0,7.0,0.0,0.0,0.0,0.0,0.0,0,0,0,0,0,0,1.9172074150180725,0.008335684413122053,0.0,0.0,0.0,0.0,0.0,0,0,0,0,0,0,0,0,0.0,0.0,0.0,0.0,0,0,0,0,0,0,230,0,1,0,-1,-1,0,0,39462644.5,41866698.619864985,69066871.0,9858418.0,6198829.0,1664158.8389597912,7375567.0,5022091.0,ARP_POISONING
113,192.168.1.2-192.168.1.4-48948-20000-6,192.168.1.2,48948,192.168.1.4,20000,6,18/05/2020 04:20:54 PM,75595794,1,3,18.0,505.0,18.0,18.0,18.0,0.0,292.0,27.0,168.33333333333334,133.38040835644992,6.9183743211957,0.052912996720426014,25198598.0,32544963.070179064,62000573.0,210836.0,0.0,0.0,0.0,0.0,0.0,62211409.0,31105704.5,43691942.04043332,62000573.0,210836.0,0,1,0,0,32,96,0.013228249180106502,0.039684747540319504,18.0,292.0,110.0,123.63454209888107,15285.5,0,0,0,1,1,0,0,0,3.0,137.5,18.0,168.33333333333334,0,0,0,0,0,0,1,18,3,505,-1,394,1,0,210836.0,0.0,210836.0,210836.0,37692479.0,34376836.21024006,62000573.0,13384385.0,MITM_DOS
114,8.0.6.4-8.6.0.1-0-0-0,8.6.0.1,0,8.0.6.4,0,0,18/05/2020 04:23:17 PM,119608909,195,1,0.0,0.0,0.0,0.0,0.0,0.0,0.0,0.0,0.0,0.0,0.0,1.6386739218564397,613379.0205128206,894485.2884295796,7755844.0,12.0,118609629.0,611389.8402061855,896367.093400953,7755844.0,12.0,0.0,0.0,0.0,0.0,0.0,0,0,0,0,0,0,1.6303133406224783,0.008360581233961427,0.0,0.0,0.0,0.0,0.0,0,0,0,0,0,0,0,0,0.0,0.0,0.0,0.0,0,0,0,0,0,0,195,0,1,0,-1,-1,0,0,21599913.0,0.0,21599913.0,21599913.0,7755844.0,0.0,7755844.0,7755844.0,ARP_POISONING
115,8.0.6.4-8.6.0.1-0-0-0,8.6.0.1,0,8.0.6.4,0,0,18/05/2020 04:25:18 PM,119546724,218,1,0.0,0.0,0.0,0.0,0.0,0.0,0.0,0.0,0.0,0.0,0.0,1.8319197103217983,548379.4678899085,549444.9766008084,3587194.0,6.0,119546708.0,550906.4884792629,549444.1405865814,3587194.0,6.0,0.0,0.0,0.0,0.0,0.0,0,0,0,0,0,0,1.8235547801376808,0.008364930184117802,0.0,0.0,0.0,0.0,0.0,0,0,0,0,0,0,0,0,0.0,0.0,0.0,0.0,0,0,0,0,0,0,218,0,1,0,-1,-1,0,0,0.0,0.0,0.0,0.0,0.0,0.0,0.0,0.0,ARP_POISONING
116,192.168.1.2-192.168.1.4-48948-20000-6,192.168.1.2,48948,192.168.1.4,20000,6,18/05/2020 04:25:02 PM,115162195,6,4,108.0,512.0,18.0,18.0,18.0,0.0,292.0,17.0,128.0,135.27995663314897,5.3837112083527074,0.0868340517476243,12795799.444444442,9984471.13894676,29119590.0,207152.0,107828744.0,21565748.8,15444969.818282206,46257755.0,6145297.0,86042605.0,28680868.333333336,26989066.12655485,53887927.0,207152.0,0,1,0,0,192,128,0.052100431048574584,0.03473362069904972,17.0,292.0,82.90909090909092,114.90557388173521,13203.290909090909,0,0,0,1,1,0,0,0,0.0,91.2,18.0,128.0,0,0,0,0,0,0,6,108,4,512,-1,403,6,0,2228721.5,2858931.0041797967,4250291.0,207152.0,15814964.57142857,9148861.913676456,29119590.0,6145297.0,MITM_DOS
117,8.0.6.4-8.6.0.1-0-0-0,8.6.0.1,0,8.0.6.4,0,0,18/05/2020 04:27:18 PM,119241939,240,1,0.0,0.0,0.0,0.0,0.0,0.0,0.0,0.0,0.0,0.0,0.0,2.021100981928849,496841.4124999999,679480.3190358273,4662467.0,8.0,118864025.0,497339.01673640177,680862.4799062773,4662467.0,8.0,0.0,0.0,0.0,0.0,0.0,0,0,0,0,0,0,2.012714670800514,0.008386311128335476,0.0,0.0,0.0,0.0,0.0,0,0,0,0,0,0,0,0,0.0,0.0,0.0,0.0,0,0,0,0,0,0,240,0,1,0,-1,-1,0,0,0.0,0.0,0.0,0.0,0.0,0.0,0.0,0.0,ARP_POISONING
118,8.0.6.4-8.6.0.1-0-0-0,8.6.0.1,0,8.0.6.4,0,0,18/05/2020 04:29:18 PM,119744805,228,1,0.0,0.0,0.0,0.0,0.0,0.0,0.0,0.0,0.0,0.0,0.0,1.9124002916034648,525196.5131578945,607144.6731076683,3809219.0,11.0,119368407.0,525852.0132158591,608405.5687007435,3809219.0,11.0,0.0,0.0,0.0,0.0,0.0,0,0,0,0,0,0,1.9040491986270305,0.008351092976434342,0.0,0.0,0.0,0.0,0.0,0,0,0,0,0,0,0,0,0.0,0.0,0.0,0.0,0,0,0,0,0,0,228,0,1,0,-1,-1,0,0,0.0,0.0,0.0,0.0,0.0,0.0,0.0,0.0,ARP_POISONING
119,8.0.6.4-8.6.0.1-0-0-0,8.6.0.1,0,8.0.6.4,0,0,18/05/2020 04:31:18 PM,119422741,221,1,0.0,0.0,0.0,0.0,0.0,0.0,0.0,0.0,0.0,0.0,0.0,1.858942427054157,540374.3936651581,664045.3796109897,4985035.0,14.0,118426238.0,538301.0818181818,664842.4112306121,4985035.0,14.0,0.0,0.0,0.0,0.0,0.0,0,0,0,0,0,0,1.8505688125178767,0.008373614536279987,0.0,0.0,0.0,0.0,0.0,0,0,0,0,0,0,0,0,0.0,0.0,0.0,0.0,0,0,0,0,0,0,221,0,1,0,-1,-1,0,0,0.0,0.0,0.0,0.0,0.0,0.0,0.0,0.0,ARP_POISONING
120,8.0.6.4-8.6.0.1-0-0-0,8.6.0.1,0,8.0.6.4,0,0,18/05/2020 04:33:18 PM,119586108,228,1,0.0,0.0,0.0,0.0,0.0,0.0,0.0,0.0,0.0,0.0,0.0,1.9149381464944075,524500.4736842107,819015.2275379037,6780495.0,9.0,119284640.0,525482.9955947135,820690.5316858643,6780495.0,9.0,0.0,0.0,0.0,0.0,0.0,0,0,0,0,0,0,1.9065759711822048,0.008362175312202652,0.0,0.0,0.0,0.0,0.0,0,0,0,0,0,0,0,0,0.0,0.0,0.0,0.0,0,0,0,0,0,0,228,0,1,0,-1,-1,0,0,43595130.5,15896442.799117433,54835613.0,32354648.0,6555050.0,318827.3765692024,6780495.0,6329605.0,ARP_POISONING
121,8.0.6.4-8.6.0.1-0-0-0,8.6.0.1,0,8.0.6.4,0,0,18/05/2020 04:35:19 PM,119984036,233,1,0.0,0.0,0.0,0.0,0.0,0.0,0.0,0.0,0.0,0.0,0.0,1.9502594495154335,514952.9442060089,656158.704956342,5671784.0,10.0,118984032.0,512862.2068965522,656799.1926342979,5671784.0,10.0,0.0,0.0,0.0,0.0,0.0,0,0,0,0,0,0,1.9419250074234875,0.008334442091946299,0.0,0.0,0.0,0.0,0.0,0,0,0,0,0,0,0,0,0.0,0.0,0.0,0.0,0,0,0,0,0,0,233,0,1,0,-1,-1,0,0,13306812.0,0.0,13306812.0,13306812.0,5671784.0,0.0,5671784.0,5671784.0,ARP_POISONING
122,8.0.6.4-8.6.0.1-0-0-0,8.6.0.1,0,8.0.6.4,0,0,18/05/2020 04:37:20 PM,115820090,226,1,0.0,0.0,0.0,0.0,0.0,0.0,0.0,0.0,0.0,0.0,0.0,1.9599363115673631,512478.274336283,571760.6718724228,5048760.0,13.0,115662181.0,514054.13777777704,572543.4001969724,5048760.0,13.0,0.0,0.0,0.0,0.0,0.0,0,0,0,0,0,0,1.9513022308996653,0.008634080667697634,0.0,0.0,0.0,0.0,0.0,0,0,0,0,0,0,0,0,0.0,0.0,0.0,0.0,0,0,0,0,0,0,226,0,1,0,-1,-1,0,0,3188364.0,0.0,3188364.0,3188364.0,5048760.0,0.0,5048760.0,5048760.0,ARP_POISONING
123,8.0.6.4-8.6.0.1-0-0-0,8.6.0.1,0,8.0.6.4,0,0,18/05/2020 04:39:20 PM,119919457,232,1,0.0,0.0,0.0,0.0,0.0,0.0,0.0,0.0,0.0,0.0,0.0,1.9429707724577168,516894.2112068964,561767.6345612635,3270874.0,4.0,118921676.0,514812.4502164503,562090.0089826832,3270874.0,4.0,0.0,0.0,0.0,0.0,0.0,0,0,0,0,0,0,1.9346318421038216,0.008338930353895782,0.0,0.0,0.0,0.0,0.0,0,0,0,0,0,0,0,0,0.0,0.0,0.0,0.0,0,0,0,0,0,0,232,0,1,0,-1,-1,0,0,0.0,0.0,0.0,0.0,0.0,0.0,0.0,0.0,ARP_POISONING
124,192.168.1.2-192.168.1.4-48948-20000-6,192.168.1.2,48948,192.168.1.4,20000,6,18/05/2020 04:27:58 PM,83000086,2,1,36.0,18.0,18.0,18.0,18.0,0.0,18.0,18.0,18.0,0.0,0.6506017355210933,0.03614454086228296,41500043.0,46177186.9097459,74152245.0,8847841.0,74152245.0,74152245.0,0.0,74152245.0,74152245.0,0.0,0.0,0.0,0.0,0.0,0,1,0,0,64,32,0.02409636057485531,0.012048180287427657,18.0,18.0,18.0,0.0,0.0,0,0,0,1,1,0,0,0,0.0,24.0,18.0,18.0,0,0,0,0,0,0,2,36,1,18,-1,1444,2,0,0.0,0.0,0.0,0.0,41500043.0,46177186.9097459,74152245.0,8847841.0,MITM_DOS
125,8.0.6.4-8.6.0.1-0-0-0,8.6.0.1,0,8.0.6.4,0,0,18/05/2020 04:41:20 PM,119575667,222,1,0.0,0.0,0.0,0.0,0.0,0.0,0.0,0.0,0.0,0.0,0.0,1.8649279204940583,538629.1306306308,739152.2268072973,4590402.0,10.0,115443792.0,522370.0995475113,699911.132693728,4590402.0,10.0,0.0,0.0,0.0,0.0,0.0,0,0,0,0,0,0,1.856565015020991,0.008362905473067526,0.0,0.0,0.0,0.0,0.0,0,0,0,0,0,0,0,0,0.0,0.0,0.0,0.0,0,0,0,0,0,0,222,0,1,0,-1,-1,0,0,0.0,0.0,0.0,0.0,0.0,0.0,0.0,0.0,ARP_POISONING
126,8.0.6.4-8.6.0.1-0-0-0,8.6.0.1,0,8.0.6.4,0,0,18/05/2020 04:43:22 PM,119717961,214,1,0.0,0.0,0.0,0.0,0.0,0.0,0.0,0.0,0.0,0.0,0.0,1.7958875861576025,559429.7242990653,782237.9519739308,5205551.0,12.0,118718503.0,557363.863849765,783495.3117728729,5205551.0,12.0,0.0,0.0,0.0,0.0,0.0,0,0,0,0,0,0,1.7875346206405904,0.008352965517012105,0.0,0.0,0.0,0.0,0.0,0,0,0,0,0,0,0,0,0.0,0.0,0.0,0.0,0,0,0,0,0,0,214,0,1,0,-1,-1,0,0,79863299.0,0.0,79863299.0,79863299.0,5205551.0,0.0,5205551.0,5205551.0,ARP_POISONING
127,192.168.1.2-192.168.1.4-48948-20000-6,192.168.1.2,48948,192.168.1.4,20000,6,18/05/2020 04:43:21 PM,99135282,4,3,90.0,512.0,27.0,18.0,22.5,5.196152422706632,478.0,17.0,170.66666666666666,266.1584740964175,6.072510087780857,0.07061058241605647,16522546.999999998,13524876.585342273,30896494.0,269207.0,69357750.0,23119250.0,28584058.86913209,56114338.0,5885807.0,66829040.0,33414520.0,46874551.17370126,66559833.0,269207.0,0,1,0,0,128,96,0.04034890423774656,0.03026167817830992,17.0,478.0,77.375,161.9355581705266,26223.125,0,0,0,1,1,0,0,0,0.0,88.42857142857143,22.5,170.66666666666666,0,0,0,0,0,0,4,90,3,512,-1,415,4,0,269207.0,0.0,269207.0,269207.0,19773215.0,12222992.267208735,30896494.0,5885807.0,MITM_DOS
128,8.0.6.4-8.6.0.1-0-0-0,8.6.0.1,0,8.0.6.4,0,0,18/05/2020 04:45:23 PM,119994115,234,1,0.0,0.0,0.0,0.0,0.0,0.0,0.0,0.0,0.0,0.0,0.0,1.9584293779740785,512795.3632478633,575662.0422241979,3798330.0,13.0,118682856.0,509368.4806866958,574504.4375654828,3798330.0,13.0,0.0,0.0,0.0,0.0,0.0,0,0,0,0,0,0,1.9500956359401458,0.00833374203393225,0.0,0.0,0.0,0.0,0.0,0,0,0,0,0,0,0,0,0.0,0.0,0.0,0.0,0,0,0,0,0,0,234,0,1,0,-1,-1,0,0,0.0,0.0,0.0,0.0,0.0,0.0,0.0,0.0,ARP_POISONING
129,8.0.6.4-8.6.0.1-0-0-0,8.6.0.1,0,8.0.6.4,0,0,18/05/2020 04:47:23 PM,117930227,209,1,0.0,0.0,0.0,0.0,0.0,0.0,0.0,0.0,0.0,0.0,0.0,1.7807139470697364,564259.4593301439,541155.3541961879,3247216.0,9.0,117622290.0,565491.7788461541,542166.8786881518,3247216.0,9.0,0.0,0.0,0.0,0.0,0.0,0,0,0,0,0,0,1.7722343568455947,0.008479590224141602,0.0,0.0,0.0,0.0,0.0,0,0,0,0,0,0,0,0,0.0,0.0,0.0,0.0,0,0,0,0,0,0,209,0,1,0,-1,-1,0,0,0.0,0.0,0.0,0.0,0.0,0.0,0.0,0.0,ARP_POISONING
130,8.0.6.4-8.6.0.1-0-0-0,8.6.0.1,0,8.0.6.4,0,0,18/05/2020 04:49:23 PM,119927930,241,1,0.0,0.0,0.0,0.0,0.0,0.0,0.0,0.0,0.0,0.0,0.0,2.0178785709050433,497626.2655601659,543284.4054032954,2892643.0,15.0,118931734.0,495548.89166666655,543459.7803043079,2892643.0,15.0,0.0,0.0,0.0,0.0,0.0,0,0,0,0,0,0,2.009540229702956,0.008338341202086954,0.0,0.0,0.0,0.0,0.0,0,0,0,0,0,0,0,0,0.0,0.0,0.0,0.0,0,0,0,0,0,0,241,0,1,0,-1,-1,0,0,0.0,0.0,0.0,0.0,0.0,0.0,0.0,0.0,ARP_POISONING
131,8.0.6.4-8.6.0.1-0-0-0,8.6.0.1,0,8.0.6.4,0,0,18/05/2020 04:51:23 PM,119141040,235,1,0.0,0.0,0.0,0.0,0.0,0.0,0.0,0.0,0.0,0.0,0.0,1.980845559179272,506983.1489361702,659286.1574337763,4584678.0,10.0,119027651.0,508665.17521367536,660193.9146721098,4584678.0,10.0,0.0,0.0,0.0,0.0,0.0,0,0,0,0,0,0,1.9724521457929187,0.008393413386352846,0.0,0.0,0.0,0.0,0.0,0,0,0,0,0,0,0,0,0.0,0.0,0.0,0.0,0,0,0,0,0,0,235,0,1,0,-1,-1,0,0,0.0,0.0,0.0,0.0,0.0,0.0,0.0,0.0,ARP_POISONING
132,192.168.1.2-192.168.1.4-48948-20000-6,192.168.1.2,48948,192.168.1.4,20000,6,18/05/2020 04:47:01 PM,99711920,6,2,108.0,35.0,18.0,18.0,18.0,0.0,18.0,17.0,17.5,0.7071067811865476,1.4341314458692602,0.08023112983883972,14244560.0,7748011.690731738,29004824.0,9000746.0,90710858.0,18142171.6,8174236.334166102,29004824.0,9000746.0,60010664.0,60010664.0,0.0,60010664.0,60010664.0,0,1,0,0,192,64,0.060173347379129785,0.02005778245970993,17.0,18.0,17.88888888888889,0.33333333333333337,0.11111111111111112,0,0,0,1,1,0,0,0,0.0,20.125,18.0,17.5,0,0,0,0,0,0,6,108,2,35,-1,415,6,0,0.0,0.0,0.0,0.0,14244560.0,7748011.690731738,29004824.0,9000746.0,MITM_DOS
133,8.0.6.4-8.6.0.1-0-0-0,8.6.0.1,0,8.0.6.4,0,0,18/05/2020 04:53:23 PM,119064024,237,1,0.0,0.0,0.0,0.0,0.0,0.0,0.0,0.0,0.0,0.0,0.0,1.99892454499942,502379.8481012658,692860.3694411211,6174439.0,10.0,118063996.0,500271.1694915252,693570.450611172,6174439.0,10.0,0.0,0.0,0.0,0.0,0.0,0,0,0,0,0,0,1.990525702373372,0.008398842626047983,0.0,0.0,0.0,0.0,0.0,0,0,0,0,0,0,0,0,0.0,0.0,0.0,0.0,0,0,0,0,0,0,237,0,1,0,-1,-1,0,0,81211948.0,0.0,81211948.0,81211948.0,6174439.0,0.0,6174439.0,6174439.0,ARP_POISONING
134,192.168.1.2-192.168.1.4-48948-20000-6,192.168.1.2,48948,192.168.1.4,20000,6,18/05/2020 04:54:13 PM,88067377,5,2,90.0,34.0,18.0,18.0,18.0,0.0,17.0,17.0,17.0,0.0,1.4080128672391368,0.07948459734414481,14677896.166666668,17065947.711787686,49003917.0,2926347.0,79005916.0,19751479.0,19532625.387020625,49003917.0,9001019.0,20988827.0,20988827.0,0.0,20988827.0,20988827.0,0,1,0,0,160,64,0.056774712388674875,0.02270988495546995,17.0,18.0,17.625,0.5175491695067658,0.267857142857143,0,0,0,1,1,0,0,0,0.0,20.142857142857142,18.0,17.0,0,0,0,0,0,0,5,90,2,34,-1,427,5,0,2926347.0,0.0,2926347.0,2926347.0,17028206.0,17961863.538671706,49003917.0,6541852.0,MITM_DOS
135,8.0.6.4-8.6.0.1-0-0-0,8.6.0.1,0,8.0.6.4,0,0,18/05/2020 04:55:24 PM,119851913,221,1,0.0,0.0,0.0,0.0,0.0,0.0,0.0,0.0,0.0,0.0,0.0,1.8522858287627,542316.3484162899,764506.2722325559,5680092.0,11.0,119217585.0,541898.1136363635,766224.3916947872,5680092.0,11.0,0.0,0.0,0.0,0.0,0.0,0,0,0,0,0,0,1.8439421989034084,0.008343629859291442,0.0,0.0,0.0,0.0,0.0,0,0,0,0,0,0,0,0,0.0,0.0,0.0,0.0,0,0,0,0,0,0,221,0,1,0,-1,-1,0,0,6782214.0,0.0,6782214.0,6782214.0,5680092.0,0.0,5680092.0,5680092.0,ARP_POISONING
136,192.168.1.2-192.168.1.4-48948-20000-6,192.168.1.2,48948,192.168.1.4,20000,6,18/05/2020 04:56:22 PM,21951076,2,3,45.0,52.0,27.0,18.0,22.5,6.363961030678928,18.0,17.0,17.333333333333332,0.5773502691896257,4.418917778791345,0.22777926694800746,5487769.0,4743003.4566628765,10571764.0,1142432.0,1142432.0,1142432.0,0.0,1142432.0,1142432.0,21951076.0,10975538.0,13025178.43846018,20185730.0,1765346.0,0,1,0,0,64,96,0.09111170677920298,0.1366675601688045,17.0,27.0,19.166666666666668,3.8686776379877745,14.966666666666667,0,0,0,1,1,0,0,0,1.0,23.0,22.5,17.333333333333332,0,0,0,0,0,0,2,45,3,52,-1,427,2,0,1453889.0,440466.713496037,1765346.0,1142432.0,9521649.0,1485086.8750514227,10571764.0,8471534.0,MITM_DOS
137,8.0.6.4-8.6.0.1-0-0-0,8.6.0.1,0,8.0.6.4,0,0,18/05/2020 04:57:24 PM,119918725,229,1,0.0,0.0,0.0,0.0,0.0,0.0,0.0,0.0,0.0,0.0,0.0,1.9179656888446737,523662.5545851529,635940.6160850229,4897025.0,11.0,119843979.0,525631.4868421053,636639.9149585342,4897025.0,11.0,0.0,0.0,0.0,0.0,0.0,0,0,0,0,0,0,1.9096267075888276,0.008338981255846409,0.0,0.0,0.0,0.0,0.0,0,0,0,0,0,0,0,0,0.0,0.0,0.0,0.0,0,0,0,0,0,0,229,0,1,0,-1,-1,0,0,0.0,0.0,0.0,0.0,0.0,0.0,0.0,0.0,ARP_POISONING
138,8.0.6.4-8.6.0.1-0-0-0,8.6.0.1,0,8.0.6.4,0,0,18/05/2020 04:59:25 PM,119809128,235,1,0.0,0.0,0.0,0.0,0.0,0.0,0.0,0.0,0.0,0.0,0.0,1.9697998302767048,509826.0765957446,569609.0945409971,5117980.0,8.0,118885480.0,508057.6068376068,570183.2300963568,5117980.0,8.0,0.0,0.0,0.0,0.0,0.0,0,0,0,0,0,0,1.96145322082638,0.00834660945032502,0.0,0.0,0.0,0.0,0.0,0,0,0,0,0,0,0,0,0.0,0.0,0.0,0.0,0,0,0,0,0,0,235,0,1,0,-1,-1,0,0,65636082.0,0.0,65636082.0,65636082.0,5117980.0,0.0,5117980.0,5117980.0,ARP_POISONING
139,192.168.1.2-192.168.1.4-48948-20000-6,192.168.1.2,48948,192.168.1.4,20000,6,18/05/2020 04:59:08 PM,64001055,2,1,45.0,18.0,27.0,18.0,22.5,6.363961030678928,18.0,18.0,18.0,0.0,0.9843587734608438,0.04687422730765923,32000527.5,31021251.78773114,53935865.0,10065190.0,10065190.0,10065190.0,0.0,10065190.0,10065190.0,0.0,0.0,0.0,0.0,0.0,0,1,0,0,64,32,0.031249484871772818,0.015624742435886409,18.0,27.0,20.25,4.5,20.25,0,0,0,1,1,0,0,0,0.0,27.0,22.5,18.0,0,0,0,0,0,0,2,45,1,18,-1,1444,2,0,0.0,0.0,0.0,0.0,32000527.5,31021251.78773114,53935865.0,10065190.0,MITM_DOS
140,8.0.6.4-8.6.0.1-0-0-0,8.6.0.1,0,8.0.6.4,0,0,18/05/2020 05:01:26 PM,119495817,232,1,0.0,0.0,0.0,0.0,0.0,0.0,0.0,0.0,0.0,0.0,0.0,1.9498590482041729,515068.17672413756,705224.5979216035,4870547.0,7.0,118665172.0,513702.04329004313,706448.3137197611,4870547.0,7.0,0.0,0.0,0.0,0.0,0.0,0,0,0,0,0,0,1.9414905544350558,0.00836849376911662,0.0,0.0,0.0,0.0,0.0,0,0,0,0,0,0,0,0,0.0,0.0,0.0,0.0,0,0,0,0,0,0,232,0,1,0,-1,-1,0,0,0.0,0.0,0.0,0.0,0.0,0.0,0.0,0.0,ARP_POISONING
141,192.168.1.2-192.168.1.4-48948-20000-6,192.168.1.2,48948,192.168.1.4,20000,6,18/05/2020 05:02:39 PM,105185730,2,4,45.0,512.0,27.0,18.0,22.5,6.363961030678928,292.0,17.0,128.0,135.27995663314897,5.2953951073021015,0.0570419580678862,21037146.0,17406984.72570531,42963564.0,221224.0,17000010.0,17000010.0,0.0,17000010.0,17000010.0,105185730.0,35061910.0,35239835.027597785,70687772.0,221224.0,0,1,0,0,64,128,0.01901398602262873,0.038027972045257465,17.0,292.0,82.0,111.58852987650656,12452.0,0,0,0,1,1,0,0,0,2.0,95.66666666666669,22.5,128.0,0,0,0,0,0,0,2,45,4,512,-1,452,2,0,0.0,0.0,0.0,0.0,26241126.5,14948625.444904592,42963564.0,10724198.0,MITM_DOS
142,8.0.6.4-8.6.0.1-0-0-0,8.6.0.1,0,8.0.6.4,0,0,18/05/2020 05:03:26 PM,119940620,244,1,0.0,0.0,0.0,0.0,0.0,0.0,0.0,0.0,0.0,0.0,0.0,2.0426774515589465,491559.91803278687,599098.8350547585,3998169.0,12.0,119896117.0,493399.6584362141,599644.2998165786,3998169.0,12.0,0.0,0.0,0.0,0.0,0.0,0,0,0,0,0,0,2.0343399925729915,0.008337458985954884,0.0,0.0,0.0,0.0,0.0,0,0,0,0,0,0,0,0,0.0,0.0,0.0,0.0,0,0,0,0,0,0,244,0,1,0,-1,-1,0,0,0.0,0.0,0.0,0.0,0.0,0.0,0.0,0.0,ARP_POISONING
143,8.0.6.4-8.6.0.1-0-0-0,8.6.0.1,0,8.0.6.4,0,0,18/05/2020 05:05:27 PM,119809245,231,1,0.0,0.0,0.0,0.0,0.0,0.0,0.0,0.0,0.0,0.0,0.0,1.936411501466352,518654.7402597406,615080.6179170774,4617119.0,12.0,119563756.0,519842.4173913045,616156.6123618784,4617119.0,12.0,0.0,0.0,0.0,0.0,0.0,0,0,0,0,0,0,1.928064900166928,0.00834660129942393,0.0,0.0,0.0,0.0,0.0,0,0,0,0,0,0,0,0,0.0,0.0,0.0,0.0,0,0,0,0,0,0,231,0,1,0,-1,-1,0,0,0.0,0.0,0.0,0.0,0.0,0.0,0.0,0.0,ARP_POISONING
144,8.0.6.4-8.6.0.1-0-0-0,8.6.0.1,0,8.0.6.4,0,0,18/05/2020 05:07:28 PM,119416397,228,1,0.0,0.0,0.0,0.0,0.0,0.0,0.0,0.0,0.0,0.0,0.0,1.917659599125236,523756.1271929822,859576.3229292238,6533198.0,11.0,115718962.0,509775.16299559467,835091.0384187809,6533198.0,11.0,0.0,0.0,0.0,0.0,0.0,0,0,0,0,0,0,1.9092855397404092,0.008374059384826356,0.0,0.0,0.0,0.0,0.0,0,0,0,0,0,0,0,0,0.0,0.0,0.0,0.0,0,0,0,0,0,0,228,0,1,0,-1,-1,0,0,43234285.5,10995033.150373513,51008948.0,35459623.0,6309156.5,316842.52783441177,6533198.0,6085115.0,ARP_POISONING
145,192.168.1.2-192.168.1.4-48948-20000-6,192.168.1.2,48948,192.168.1.4,20000,6,18/05/2020 05:07:47 PM,62000077,1,2,18.0,35.0,18.0,18.0,18.0,0.0,18.0,17.0,17.5,0.7071067811865476,0.8548376480242114,0.04838703668061574,31000038.5,29715313.244120456,52011938.0,9988139.0,0.0,0.0,0.0,0.0,0.0,9988139.0,9988139.0,0.0,9988139.0,9988139.0,0,1,0,0,32,64,0.016129012226871912,0.032258024453743823,17.0,18.0,17.75,0.4999999999999998,0.24999999999999975,0,0,0,1,1,0,0,0,2.0,23.66666666666667,18.0,17.5,0,0,0,0,0,0,1,18,2,35,-1,465,1,0,0.0,0.0,0.0,0.0,31000038.5,29715313.244120456,52011938.0,9988139.0,MITM_DOS
146,8.0.6.4-8.6.0.1-0-0-0,8.6.0.1,0,8.0.6.4,0,0,18/05/2020 05:09:28 PM,119456358,205,1,0.0,0.0,0.0,0.0,0.0,0.0,0.0,0.0,0.0,0.0,0.0,1.7244791608329464,582713.9414634146,722031.3318633947,5278370.0,10.0,119346104.0,585029.9215686272,723043.830172457,5278370.0,10.0,0.0,0.0,0.0,0.0,0.0,0,0,0,0,0,0,1.7161079027706505,0.008371258062295855,0.0,0.0,0.0,0.0,0.0,0,0,0,0,0,0,0,0,0.0,0.0,0.0,0.0,0,0,0,0,0,0,205,0,1,0,-1,-1,0,0,13564076.0,16198998.941544753,25018498.0,2109654.0,5169587.5,153841.68684885118,5278370.0,5060805.0,ARP_POISONING
147,192.168.1.2-192.168.1.4-48948-20000-6,192.168.1.2,48948,192.168.1.4,20000,6,18/05/2020 05:09:51 PM,92941772,4,4,90.0,804.0,27.0,18.0,22.5,5.196152422706632,478.0,17.0,201.0,225.62653508249718,9.618925707592492,0.0860753978308053,13277396.0,11323873.677924147,28187729.0,1193901.0,44479873.0,14826624.333333332,16874983.571447894,34297430.0,4434818.0,92941772.0,30980590.666666664,28476809.963910993,57936006.0,1193901.0,0,1,0,0,128,128,0.04303769891540265,0.04303769891540265,17.0,478.0,101.22222222222223,167.5214745769761,28063.44444444444,0,0,0,1,1,0,0,0,1.0,113.875,22.5,201.0,0,0,0,0,0,0,4,90,4,804,-1,465,4,0,4434818.0,0.0,4434818.0,4434818.0,17462610.6,10695776.585878713,28187729.0,5747625.0,MITM_DOS
148,8.0.6.4-8.6.0.1-0-0-0,8.6.0.1,0,8.0.6.4,0,0,18/05/2020 05:11:29 PM,119317911,222,1,0.0,0.0,0.0,0.0,0.0,0.0,0.0,0.0,0.0,0.0,0.0,1.8689566229499277,537468.0675675676,699420.8198671704,4974122.0,9.0,119317901.0,539900.0045248865,700067.2291181593,4974122.0,9.0,0.0,0.0,0.0,0.0,0.0,0,0,0,0,0,0,1.8605756515465648,0.008380971403362903,0.0,0.0,0.0,0.0,0.0,0,0,0,0,0,0,0,0,0.0,0.0,0.0,0.0,0,0,0,0,0,0,222,0,1,0,-1,-1,0,0,0.0,0.0,0.0,0.0,0.0,0.0,0.0,0.0,ARP_POISONING
149,192.168.1.2-192.168.1.4-48948-20000-6,192.168.1.2,48948,192.168.1.4,20000,6,18/05/2020 05:11:55 PM,68002648,2,1,45.0,17.0,27.0,18.0,22.5,6.363961030678928,17.0,17.0,17.0,0.0,0.9117292020746016,0.04411592913264202,34001324.0,38215035.8601512,61023435.0,6979213.0,61023435.0,61023435.0,0.0,61023435.0,61023435.0,0.0,0.0,0.0,0.0,0.0,0,1,0,0,64,32,0.029410619421761344,0.014705309710880672,17.0,27.0,19.75,4.856267428111155,23.58333333333333,0,0,0,1,1,0,0,0,0.0,26.33333333333333,22.5,17.0,0,0,0,0,0,0,2,45,1,17,-1,465,2,0,0.0,0.0,0.0,0.0,34001324.0,38215035.8601512,61023435.0,6979213.0,MITM_DOS
150,8.0.6.4-8.6.0.1-0-0-0,8.6.0.1,0,8.0.6.4,0,0,18/05/2020 05:13:29 PM,118732689,230,1,0.0,0.0,0.0,0.0,0.0,0.0,0.0,0.0,0.0,0.0,0.0,1.9455467735595544,516229.0826086956,621450.3600378806,4489248.0,12.0,118582476.0,517827.4061135372,622337.7445241733,4489248.0,12.0,0.0,0.0,0.0,0.0,0.0,0,0,0,0,0,0,1.9371244931545348,0.008422280405019716,0.0,0.0,0.0,0.0,0.0,0,0,0,0,0,0,0,0,0.0,0.0,0.0,0.0,0,0,0,0,0,0,230,0,1,0,-1,-1,0,0,0.0,0.0,0.0,0.0,0.0,0.0,0.0,0.0,ARP_POISONING
151,192.168.1.2-192.168.1.4-48948-20000-6,192.168.1.2,48948,192.168.1.4,20000,6,18/05/2020 05:13:58 PM,62579503,1,2,27.0,34.0,27.0,27.0,27.0,0.0,17.0,17.0,17.0,0.0,0.9747600584172104,0.04793901926642018,31289751.5,5298571.0216397485,35036407.0,27543096.0,0.0,0.0,0.0,0.0,0.0,27543096.0,27543096.0,0.0,27543096.0,27543096.0,0,1,0,0,32,64,0.015979673088806733,0.031959346177613465,17.0,27.0,19.5,5.0,25.0,0,0,0,1,1,0,0,0,2.0,26.0,27.0,17.0,0,0,0,0,0,0,1,27,2,34,-1,465,1,0,0.0,0.0,0.0,0.0,31289751.5,5298571.0216397485,35036407.0,27543096.0,MITM_DOS
152,8.0.6.4-8.6.0.1-0-0-0,8.6.0.1,0,8.0.6.4,0,0,18/05/2020 05:15:29 PM,119892615,234,1,0.0,0.0,0.0,0.0,0.0,0.0,0.0,0.0,0.0,0.0,0.0,1.960087366515444,512361.6025641025,673678.7266386909,6259383.0,4.0,118894335.0,510276.1158798283,674371.6588927938,6259383.0,4.0,0.0,0.0,0.0,0.0,0.0,0,0,0,0,0,0,1.9517465692111229,0.008340797304321038,0.0,0.0,0.0,0.0,0.0,0,0,0,0,0,0,0,0,0.0,0.0,0.0,0.0,0,0,0,0,0,0,234,0,1,0,-1,-1,0,0,26603986.0,0.0,26603986.0,26603986.0,6259383.0,0.0,6259383.0,6259383.0,ARP_POISONING
153,192.168.1.2-192.168.1.4-48948-20000-6,192.168.1.2,48948,192.168.1.4,20000,6,18/05/2020 05:16:24 PM,62000853,2,5,45.0,1275.0,27.0,18.0,22.5,6.363961030678928,478.0,27.0,255.0,165.23619458217982,21.2900296710434,0.1129016724979574,10333475.5,9264532.780233568,21695686.0,774009.0,2386959.0,2386959.0,0.0,2386959.0,2386959.0,62000853.0,15500213.25,17129087.35905223,37947978.0,774009.0,0,1,0,0,64,160,0.03225762071370212,0.0806440517842553,18.0,478.0,168.375,172.92354834269557,29902.55357142857,0,0,0,1,1,0,0,0,2.0,192.42857142857144,22.5,255.0,0,0,0,0,0,0,2,45,5,1275,-1,465,2,0,3374619.5,1396762.8741201921,4362280.0,2386959.0,18417204.666666668,4067523.7223552037,21695686.0,13865333.0,MITM_DOS
154,8.0.6.4-8.6.0.1-0-0-0,8.6.0.1,0,8.0.6.4,0,0,18/05/2020 05:17:30 PM,117411307,247,1,0.0,0.0,0.0,0.0,0.0,0.0,0.0,0.0,0.0,0.0,0.0,2.112232683007268,475349.4210526318,559401.0805633393,3813271.0,11.0,117365263.0,477094.5650406505,559867.4100097325,3813271.0,11.0,0.0,0.0,0.0,0.0,0.0,0,0,0,0,0,0,2.103715615737077,0.008517067270190597,0.0,0.0,0.0,0.0,0.0,0,0,0,0,0,0,0,0,0.0,0.0,0.0,0.0,0,0,0,0,0,0,247,0,1,0,-1,-1,0,0,0.0,0.0,0.0,0.0,0.0,0.0,0.0,0.0,ARP_POISONING
155,8.0.6.4-8.6.0.1-0-0-0,8.6.0.1,0,8.0.6.4,0,0,18/05/2020 05:19:36 PM,119439924,237,1,0.0,0.0,0.0,0.0,0.0,0.0,0.0,0.0,0.0,0.0,0.0,1.992633551910164,503965.92405063275,694611.4343645558,5872261.0,10.0,119136682.0,504816.4491525424,695964.0787580875,5872261.0,10.0,0.0,0.0,0.0,0.0,0.0,0,0,0,0,0,0,1.984261142028188,0.008372409881975478,0.0,0.0,0.0,0.0,0.0,0,0,0,0,0,0,0,0,0.0,0.0,0.0,0.0,0,0,0,0,0,0,237,0,1,0,-1,-1,0,0,64568415.0,0.0,64568415.0,64568415.0,5872261.0,0.0,5872261.0,5872261.0,ARP_POISONING
156,192.168.1.2-192.168.1.4-48948-20000-6,192.168.1.2,48948,192.168.1.4,20000,6,18/05/2020 05:18:28 PM,67962962,1,1,18.0,27.0,18.0,18.0,18.0,0.0,27.0,27.0,27.0,0.0,0.6621253499810675,0.02942779333249189,67962962.0,0.0,67962962.0,67962962.0,0.0,0.0,0.0,0.0,0.0,0.0,0.0,0.0,0.0,0.0,0,1,0,0,32,32,0.014713896666245946,0.014713896666245946,18.0,27.0,24.0,5.196152422706632,27.0,0,0,0,1,1,0,0,0,1.0,36.0,18.0,27.0,0,0,0,0,0,0,1,18,1,27,-1,1444,1,0,0.0,0.0,0.0,0.0,67962962.0,0.0,67962962.0,67962962.0,MITM_DOS
157,8.0.6.4-8.6.0.1-0-0-0,8.6.0.1,0,8.0.6.4,0,0,18/05/2020 05:21:36 PM,119901888,237,1,0.0,0.0,0.0,0.0,0.0,0.0,0.0,0.0,0.0,0.0,0.0,1.984956233549884,505915.1392405064,728452.9212213958,5820909.0,4.0,118901810.0,503821.2288135592,729286.0738790521,5820909.0,4.0,0.0,0.0,0.0,0.0,0.0,0,0,0,0,0,0,1.9766160813080773,0.008340152241806235,0.0,0.0,0.0,0.0,0.0,0,0,0,0,0,0,0,0,0.0,0.0,0.0,0.0,0,0,0,0,0,0,237,0,1,0,-1,-1,0,0,43859140.0,0.0,43859140.0,43859140.0,5820909.0,0.0,5820909.0,5820909.0,ARP_POISONING
158,192.168.1.2-192.168.1.4-48948-20000-6,192.168.1.2,48948,192.168.1.4,20000,6,18/05/2020 05:22:43 PM,64865154,1,2,18.0,35.0,18.0,18.0,18.0,0.0,18.0,17.0,17.5,0.7071067811865476,0.8170796912006097,0.04624979384154395,32432577.0,41814753.84861224,62000073.0,2865081.0,0.0,0.0,0.0,0.0,0.0,64865154.0,64865154.0,0.0,64865154.0,64865154.0,0,1,0,0,32,64,0.015416597947181315,0.030833195894362637,17.0,18.0,17.75,0.5,0.25,0,0,0,1,1,0,0,0,2.0,23.66666666666667,18.0,17.5,0,0,0,0,0,0,1,18,2,35,-1,490,1,0,0.0,0.0,0.0,0.0,62000073.0,0.0,62000073.0,62000073.0,MITM_DOS
159,8.0.6.4-8.6.0.1-0-0-0,8.6.0.1,0,8.0.6.4,0,0,18/05/2020 05:23:36 PM,119920816,237,1,0.0,0.0,0.0,0.0,0.0,0.0,0.0,0.0,0.0,0.0,0.0,1.9846429330500883,505995.00421940954,580778.6267041367,5794740.0,9.0,114126076.0,483585.06779661006,468198.7023815755,2437158.0,9.0,0.0,0.0,0.0,0.0,0.0,0,0,0,0,0,0,1.976304097196937,0.008338835853151634,0.0,0.0,0.0,0.0,0.0,0,0,0,0,0,0,0,0,0.0,0.0,0.0,0.0,0,0,0,0,0,0,237,0,1,0,-1,-1,0,0,0.0,0.0,0.0,0.0,5794740.0,0.0,5794740.0,5794740.0,ARP_POISONING
160,192.168.1.2-192.168.1.4-48948-20000-6,192.168.1.2,48948,192.168.1.4,20000,6,18/05/2020 05:24:47 PM,118001666,5,5,108.0,529.0,27.0,18.0,21.6,4.929503017546495,292.0,17.0,105.8,127.23875195867019,5.398228869073764,0.08474456623349708,13111296.222222222,14360485.849273404,46282404.0,766328.0,79471687.0,19867921.75,21112114.982188504,51001019.0,5020774.0,118001666.0,29500416.5,24828989.50339807,57537572.0,766328.0,0,1,0,0,160,160,0.04237228311674854,0.04237228311674854,17.0,292.0,59.45454545454545,91.95799436303908,8456.27272727273,0,0,0,1,1,0,0,0,1.0,65.4,21.6,105.8,0,0,0,0,0,0,5,108,5,529,-1,502,5,0,3486428.5,1742574.859673036,4718615.0,2254242.0,18504801.5,14973895.410375027,46282404.0,5020774.0,MITM_DOS
161,8.0.6.4-8.6.0.1-0-0-0,8.6.0.1,0,8.0.6.4,0,0,18/05/2020 05:25:41 PM,119866666,224,1,0.0,0.0,0.0,0.0,0.0,0.0,0.0,0.0,0.0,0.0,0.0,1.8770856611628792,535119.0446428572,741260.6102731047,6431525.0,8.0,118869133.0,533045.4394618836,742276.8134921973,6431525.0,8.0,0.0,0.0,0.0,0.0,0.0,0,0,0,0,0,0,1.8687430582243776,0.008342602938501684,0.0,0.0,0.0,0.0,0.0,0,0,0,0,0,0,0,0,0.0,0.0,0.0,0.0,0,0,0,0,0,0,224,0,1,0,-1,-1,0,0,48509526.0,35061021.418007664,73301412.0,23717640.0,6282270.5,211077.73814521512,6431525.0,6133016.0,ARP_POISONING
162,8.0.6.4-8.6.0.1-0-0-0,8.6.0.1,0,8.0.6.4,0,0,18/05/2020 05:27:43 PM,119954253,227,1,0.0,0.0,0.0,0.0,0.0,0.0,0.0,0.0,0.0,0.0,0.0,1.90072460373706,528432.8325991193,644419.2162458182,4186106.0,11.0,118955710.0,526352.699115044,645085.431292871,4186106.0,11.0,0.0,0.0,0.0,0.0,0.0,0,0,0,0,0,0,1.8923880923171603,0.008336511419899386,0.0,0.0,0.0,0.0,0.0,0,0,0,0,0,0,0,0,0.0,0.0,0.0,0.0,0,0,0,0,0,0,227,0,1,0,-1,-1,0,0,0.0,0.0,0.0,0.0,0.0,0.0,0.0,0.0,ARP_POISONING
163,192.168.1.2-192.168.1.4-48948-20000-6,192.168.1.2,48948,192.168.1.4,20000,6,18/05/2020 05:26:52 PM,91011943,4,3,72.0,52.0,18.0,18.0,18.0,0.0,18.0,17.0,17.333333333333332,0.5773502691896257,1.3624585511815739,0.07691298272799209,15168657.166666664,17479076.121946346,48517680.0,2487406.0,40006857.0,13335619.0,5390848.194780855,19500133.0,9504817.0,56623258.0,28311629.0,36520966.40434722,54135852.0,2487406.0,0,1,0,0,128,96,0.043950275844566906,0.032962706883425175,17.0,18.0,17.75,0.4629100498862753,0.21428571428571389,0,0,0,1,1,0,0,0,0.0,20.285714285714285,18.0,17.333333333333332,0,0,0,0,0,0,4,72,3,52,-1,502,4,0,3187025.5,989411.3854006836,3886645.0,2487406.0,21159473.0,19113111.40994933,48517680.0,5618172.0,MITM_DOS
164,8.0.6.4-8.6.0.1-0-0-0,8.6.0.1,0,8.0.6.4,0,0,18/05/2020 05:29:43 PM,119990880,241,1,0.0,0.0,0.0,0.0,0.0,0.0,0.0,0.0,0.0,0.0,0.0,2.016819944982485,497887.4688796678,634340.6377314886,4501147.0,9.0,118991891.0,495799.5458333332,634835.9314834753,4501147.0,9.0,0.0,0.0,0.0,0.0,0.0,0,0,0,0,0,0,2.008485978267682,0.008333966714803659,0.0,0.0,0.0,0.0,0.0,0,0,0,0,0,0,0,0,0.0,0.0,0.0,0.0,0,0,0,0,0,0,241,0,1,0,-1,-1,0,0,0.0,0.0,0.0,0.0,0.0,0.0,0.0,0.0,ARP_POISONING
165,192.168.1.2-192.168.1.4-48948-20000-6,192.168.1.2,48948,192.168.1.4,20000,6,18/05/2020 05:29:46 PM,108901832,5,3,162.0,327.0,90.0,18.0,32.4,32.19937887599697,292.0,17.0,109.0,158.48343762046557,4.490282587716247,0.07346065583175865,15557404.57142857,13657882.277491154,34831378.0,275211.0,40898977.0,10224744.25,7374118.174279842,16143996.0,275211.0,80363408.0,40181704.0,7566503.592317392,45532030.0,34831378.0,0,1,0,0,160,96,0.04591290989484916,0.02754774593690949,17.0,292.0,56.33333333333334,91.53960891330047,8379.5,0,0,0,1,1,0,0,0,0.0,63.375,32.4,109.0,0,0,0,0,0,0,5,162,3,327,-1,515,5,0,3359535.0,0.0,3359535.0,3359535.0,21053417.2,12102295.787696265,34831378.0,9001018.0,MITM_DOS
166,8.0.6.4-8.6.0.1-0-0-0,8.6.0.1,0,8.0.6.4,0,0,18/05/2020 05:31:44 PM,119460705,236,1,0.0,0.0,0.0,0.0,0.0,0.0,0.0,0.0,0.0,0.0,0.0,1.9839159663422377,506189.4279661014,586117.4575750183,3400911.0,4.0,118858316.0,505780.0680851063,587334.700038912,3400911.0,4.0,0.0,0.0,0.0,0.0,0.0,0,0,0,0,0,0,1.975545012897756,0.008370953444482016,0.0,0.0,0.0,0.0,0.0,0,0,0,0,0,0,0,0,0.0,0.0,0.0,0.0,0,0,0,0,0,0,236,0,1,0,-1,-1,0,0,0.0,0.0,0.0,0.0,0.0,0.0,0.0,0.0,ARP_POISONING
167,8.0.6.4-8.6.0.1-0-0-0,8.6.0.1,0,8.0.6.4,0,0,18/05/2020 05:33:44 PM,119584840,239,1,0.0,0.0,0.0,0.0,0.0,0.0,0.0,0.0,0.0,0.0,0.0,2.006943355027276,500354.97907949827,710773.3313979865,6147398.0,14.0,118331226.0,497190.0252100842,710581.607123181,6147398.0,14.0,0.0,0.0,0.0,0.0,0.0,0,0,0,0,0,0,1.998581091047996,0.008362263979280317,0.0,0.0,0.0,0.0,0.0,0,0,0,0,0,0,0,0,0.0,0.0,0.0,0.0,0,0,0,0,0,0,239,0,1,0,-1,-1,0,0,32705778.5,31771630.67549918,55171714.0,10239843.0,5726398.5,595383.2026522919,6147398.0,5305399.0,ARP_POISONING
168,192.168.1.2-192.168.1.4-48948-20000-6,192.168.1.2,48948,192.168.1.4,20000,6,18/05/2020 05:31:53 PM,11001972,1,2,18.0,35.0,18.0,18.0,18.0,0.0,18.0,17.0,17.5,0.7071067811865476,4.817318204409173,0.2726783889288211,5500986.0,3789656.7693826836,8180678.0,2821294.0,0.0,0.0,0.0,0.0,0.0,2821294.0,2821294.0,0.0,2821294.0,2821294.0,0,1,0,0,32,64,0.09089279630960703,0.18178559261921406,17.0,18.0,17.75,0.4999999999999998,0.24999999999999975,0,0,0,1,1,0,0,0,2.0,23.66666666666667,18.0,17.5,0,0,0,0,0,0,1,18,2,35,-1,527,1,0,2821294.0,0.0,2821294.0,2821294.0,8180678.0,0.0,8180678.0,8180678.0,MITM_DOS
169,8.0.6.4-8.6.0.1-0-0-0,8.6.0.1,0,8.0.6.4,0,0,18/05/2020 05:35:44 PM,119747471,207,1,0.0,0.0,0.0,0.0,0.0,0.0,0.0,0.0,0.0,0.0,0.0,1.7369886667585654,578490.1980676331,781777.2031526186,6443164.0,11.0,119547076.0,580325.6116504852,783234.4529722973,6443164.0,11.0,0.0,0.0,0.0,0.0,0.0,0,0,0,0,0,0,1.7286377597068416,0.008350907051723873,0.0,0.0,0.0,0.0,0.0,0,0,0,0,0,0,0,0,0.0,0.0,0.0,0.0,0,0,0,0,0,0,207,0,1,0,-1,-1,0,0,30291162.5,5588398.534898928,34242757.0,26339568.0,5883227.0,791870.4994745038,6443164.0,5323290.0,ARP_POISONING
170,8.0.6.4-8.6.0.1-0-0-0,8.6.0.1,0,8.0.6.4,0,0,18/05/2020 05:37:44 PM,119039893,229,1,0.0,0.0,0.0,0.0,0.0,0.0,0.0,0.0,0.0,0.0,0.0,1.9321253926194304,519824.8602620087,729559.1034918196,5668765.0,7.0,118713159.0,520671.74999999977,731051.4758092995,5668765.0,7.0,0.0,0.0,0.0,0.0,0.0,0,0,0,0,0,0,1.9237248474341289,0.008400545185301872,0.0,0.0,0.0,0.0,0.0,0,0,0,0,0,0,0,0,0.0,0.0,0.0,0.0,0,0,0,0,0,0,229,0,1,0,-1,-1,0,0,10584710.0,0.0,10584710.0,10584710.0,5668765.0,0.0,5668765.0,5668765.0,ARP_POISONING
171,192.168.1.2-192.168.1.4-48948-20000-6,192.168.1.2,48948,192.168.1.4,20000,6,18/05/2020 05:37:35 PM,99746397,3,1,63.0,17.0,27.0,18.0,21.0,5.196152422706632,17.0,17.0,17.0,0.0,0.8020339822399799,0.040101699111999005,33248799.0,30580426.775776234,68224303.0,11554137.0,88192260.0,44096130.0,34122389.49188433,68224303.0,19967957.0,0.0,0.0,0.0,0.0,0.0,0,1,0,0,96,32,0.03007627433399925,0.010025424777999751,17.0,27.0,19.4,4.277849927241488,18.3,0,0,0,1,1,0,0,0,0.0,24.25,21.0,17.0,0,0,0,0,0,0,3,63,1,17,-1,539,3,0,0.0,0.0,0.0,0.0,33248799.0,30580426.775776234,68224303.0,11554137.0,MITM_DOS
172,8.0.6.4-8.6.0.1-0-0-0,8.6.0.1,0,8.0.6.4,0,0,18/05/2020 05:39:44 PM,119396756,239,1,0.0,0.0,0.0,0.0,0.0,0.0,0.0,0.0,0.0,0.0,0.0,2.010104864155606,499568.01673640177,530632.4034848978,3525618.0,7.0,119059468.0,500249.8655462184,531645.7708467299,3525618.0,7.0,0.0,0.0,0.0,0.0,0.0,0,0,0,0,0,0,2.001729427221624,0.00837543693398169,0.0,0.0,0.0,0.0,0.0,0,0,0,0,0,0,0,0,0.0,0.0,0.0,0.0,0,0,0,0,0,0,239,0,1,0,-1,-1,0,0,0.0,0.0,0.0,0.0,0.0,0.0,0.0,0.0,ARP_POISONING
173,8.0.6.4-8.6.0.1-0-0-0,8.6.0.1,0,8.0.6.4,0,0,18/05/2020 05:43:45 PM,73780138,133,1,0.0,0.0,0.0,0.0,0.0,0.0,0.0,0.0,0.0,0.0,0.0,1.816206958029816,554737.879699248,662435.6495585638,4523158.0,12.0,72780092.0,551364.3333333335,663811.3929273837,4523158.0,12.0,0.0,0.0,0.0,0.0,0.0,0,0,0,0,0,0,1.8026531747609364,0.013553783268879224,0.0,0.0,0.0,0.0,0.0,0,0,0,0,0,0,0,0,0.0,0.0,0.0,0.0,0,0,0,0,0,0,133,0,1,0,-1,-1,0,0,0.0,0.0,0.0,0.0,0.0,0.0,0.0,0.0,ARP_POISONING
174,192.168.1.2-192.168.1.4-48948-20000-6,192.168.1.2,48948,192.168.1.4,20000,6,18/05/2020 05:44:37 PM,6578112,0,2,0.0,34.0,0.0,0.0,0.0,0.0,17.0,17.0,17.0,0.0,5.168656295301752,0.30403860560598545,6578112.0,0.0,6578112.0,6578112.0,0.0,0.0,0.0,0.0,0.0,6578112.0,6578112.0,0.0,6578112.0,6578112.0,0,1,0,0,0,64,0.0,0.30403860560598545,17.0,17.0,17.0,0.0,0.0,0,0,0,1,1,0,0,0,0.0,25.5,0.0,17.0,0,0,0,0,0,0,0,0,2,34,-1,539,0,0,0.0,0.0,0.0,0.0,6578112.0,0.0,6578112.0,6578112.0,MITM_DOS
175,192.168.1.2-192.168.1.4-48948-20000-6,192.168.1.2,48948,192.168.1.4,20000,6,18/05/2020 05:40:11 PM,114255357,5,5,90.0,529.0,18.0,18.0,18.0,0.0,292.0,17.0,105.8,127.23875195867019,5.417689080434102,0.0875232484722795,12695039.666666664,12366201.698084652,31668259.0,393928.0,72379637.0,18094909.25,10052543.104096243,31006109.0,9001066.0,103507798.0,25876949.5,17292062.83821863,38904071.0,393928.0,0,1,0,0,160,160,0.04376162423613975,0.04376162423613975,17.0,292.0,82.81818181818181,114.96244446063088,13216.363636363638,0,0,0,1,1,0,0,0,1.0,91.1,18.0,105.8,0,0,0,0,0,0,5,90,5,529,-1,539,5,0,911012.6666666665,710451.9850632647,1721107.0,393928.0,18587053.166666668,10931507.269725002,31668259.0,7279959.0,MITM_DOS
176,8.0.6.4-8.6.0.1-0-0-0,8.6.0.1,0,8.0.6.4,0,0,18/05/2020 05:41:44 PM,119325499,232,1,0.0,0.0,0.0,0.0,0.0,0.0,0.0,0.0,0.0,0.0,0.0,1.952642159074483,514334.047413793,743861.1696413119,5514723.0,9.0,117817492.0,510032.4329004329,742579.0551854798,5514723.0,9.0,0.0,0.0,0.0,0.0,0.0,0,0,0,0,0,0,1.944261720623519,0.008380438450963444,0.0,0.0,0.0,0.0,0.0,0,0,0,0,0,0,0,0,0.0,0.0,0.0,0.0,0,0,0,0,0,0,232,0,1,0,-1,-1,0,0,18724572.0,0.0,18724572.0,18724572.0,5514723.0,0.0,5514723.0,5514723.0,ARP_POISONING
177,192.168.1.2-192.168.1.4-48948-20000-6,192.168.1.2,48948,192.168.1.4,20000,6,18/05/2020 05:42:26 PM,105175840,5,3,108.0,495.0,36.0,18.0,21.6,8.049844718999243,292.0,17.0,165.0,138.69751259485514,5.733255850393017,0.07606309585927719,15025120.0,15809721.019459905,49004101.0,207506.0,96096662.0,24024165.5,18949459.37798653,49004101.0,9213899.0,78299560.0,39149780.0,55072692.04044916,78092054.0,207506.0,0,1,0,0,160,96,0.04753943491204825,0.02852366094722895,17.0,292.0,99.44444444444444,121.96424794905177,14875.277777777776,0,0,0,1,1,0,0,0,0.0,111.875,21.6,165.0,0,0,0,0,0,0,5,108,3,495,-1,539,5,0,207506.0,0.0,207506.0,207506.0,17494722.333333332,15770405.026612887,49004101.0,8871672.0,MITM_DOS
