,Unnamed: 0,flow ID, source IP, destination IP, source port, destination port, protocol, date, duration, TotalFwdPkts, TotalBwdPkts, TotLenfwdDL, TotLenfwdTR, TotLenfwdAPP, TotLenbwdDL, TotLenbwdTR, TotLenbwdAPP, DLfwdPktLenMAX, DLfwdPktLenMIN, DLfwdPktLenMEAN, DLfwdPktLenSTD, TRfwdPktLenMAX, TRfwdPktLenMIN, TRfwdPktLenMEAN, TRfwdPktLenSTD, APPfwdPktLenMAX, APPfwdPktLenMIN, APPfwdPktLenMEAN, APPfwdPktLenSTD, DLbwdPktLenMAX, DLbwdPktLenMIN, DLbwdPktLenMEAN, DLbwdPktLenSTD, TRbwdPktLenMAX, TRbwdPktLenMIN, TRbwdPktLenMEAN, TRbwdPktLenSTD, APPbwdPktLenMAX, APPbwdPktLenMIN, APPbwdPktLenMEAN, APPbwdPktLenSTD, DLflowBytes/sec, TRflowBytes/sec, APPflowBytes/sec, FlowPkts/sec, FlowIAT_MEAN, FlowIAT_STD, FlowIAT_MAX, FlowIAT_MIN, TotalFwdIAT, fwdIAT_MEAN, fwdIAT_STD, fwdIAT_MAX, fwdIAT_MIN, TotalBwdIAT, bwdIAT_MEAN, bwdIAT_STD, bwdIAT_MAX, bwdIAT_MIN, DLfwdHdrLen, TRfwdHdrLen, APPfwdHdrLen, DLbwdHdrLen, TRbwdHdrLen, APPbwdHdrLen, fwdPkts/sec, bwdPkts/sec, DLpktLenMEAN, DLpktLenMIN, DLpktLenMAX, DLpktLenSTD, DLpktLenVAR, TRpktLenMEAN, TRpktLenMIN, TRpktLenMAX, TRpktLenSTD, TRpktLenVAR, APPpktLenMEAN, APPpktLenMIN, APPpktLenMAX, APPpktLenSTD, APPpktLenVAR, ActiveMEAN, ActiveSTD, ActiveMAX, ActiveMIN, IdleMEAN, IdleSTD, IdleMAX, IdleMIN, frameSrc, frameDst, TotPktsInFlow, firstPacketDIR, mostCommonREQ_FUNC_CODE, mostCommonRESP_FUNC_CODE, corruptConfigFragments, deviceTroubleFragments, deviceRestartFragments, pktsFromMASTER, pktsFromSLAVE, Label
0,0,192.168.1.2-192.168.1.3-40837-20000,192.168.1.2,192.168.1.3,40837,20000,6, 18/05/2020  18:35:03 ,119134181.0,16,17,137,121,89,1041,1024,956,17,8,8.5625,2.25,16,7,7.5625,2.25,14,5,5.5625,2.25,654,7,61.235294117647065,166.62627696876203,653,6,60.235294117647065,166.62627696876203,649,2,56.235294117647065,166.62627696876203,9.88801022604923,9.611011637373828,8.771621974721093,0.2769985886754029,3722943.15625,3946383.6518121487,14692855.0,7084.0,114108042.0,7607202.8,5962417.447569952,20969162.0,40211.0,117117817.0,7319863.5625,10099407.654470196,39118814.0,11604.0,160,16,32,170,17,68,0.13430234602443775,0.14269624265096514,35.69696969696969,7,654,120.82696430445606,14599.155303030298,34.69696969696969,6,653,120.82696430445606,14599.155303030298,31.66666666666667,2,649,120.60645366922395,14545.916666666668,4007196.444444445,5261248.083038975,14088503.0,0.0,9229934.777777778,2726011.9971459117,14692855.0,5026139.0,1,11,33,MASTER,1,129,0,0,0,16,17,REPLAY
1,1,192.168.1.2-192.168.1.3-40837-20000,192.168.1.2,192.168.1.3,40837,20000,6, 18/05/2020  18:37:08 ,118584908.0,7,8,74,67,53,56,48,16,26,8,10.571428571428571,6.803360514166089,25,7,9.571428571428571,6.803360514166089,23,5,7.571428571428571,6.803360514166089,7,7,7.0,0.0,6,6,6.0,0.0,2,2,2.0,0.0,1.0962609171143431,0.9697692728319188,0.5818615636991513,0.1264916442824242,8470350.57142857,11967288.37283972,43507306.0,15129.0,108556316.0,18092719.33333333,14059319.933789538,43507306.0,4010139.0,31090129.0,4441447.0,9448764.793690478,25814532.0,15129.0,70,7,14,80,8,32,0.05902943399846462,0.06746221028395957,8.666666666666666,7,26,4.820590756130958,23.23809523809524,7.666666666666668,6,25,4.820590756130957,23.23809523809524,4.6,2,23,5.30229061013122,28.114285714285717,1547622.666666667,2430733.3459451008,5275597.0,0.0,18216528.666666668,13052606.102912745,43507306.0,9036995.0,1,11,15,MASTER,1,129,0,0,0,7,8,REPLAY
2,2,192.168.1.2-192.168.1.3-40837-20000,192.168.1.2,192.168.1.3,40837,20000,6, 18/05/2020  18:39:15 ,105520119.0,7,2,74,67,53,14,12,4,17,8,10.571428571428571,4.3915503282684,16,7,9.571428571428571,4.3915503282684,14,5,7.571428571428571,4.3915503282684,7,7,7.0,0.0,6,6,6.0,0.0,2,2,2.0,0.0,0.8339641845930822,0.7486723929869715,0.540181346838701,0.08529179160611068,13190014.875,16854711.58693868,51043422.0,273158.0,105520119.0,17586686.5,20763863.182256714,57066917.0,273158.0,2011104.0,2011104.0,-1.0,2011104.0,2011104.0,70,7,14,20,2,8,0.06633806013808609,0.0189537314680246,9.777777777777779,7,17,4.116363011742823,16.944444444444443,8.777777777777779,6,16,4.116363011742823,16.944444444444443,6.333333333333332,2,14,4.527692569068709,20.5,1259330.6,2665874.1299762824,6023495.0,0.0,19844693.2,18648749.159358334,51043422.0,5295845.0,1,11,9,MASTER,1,129,0,0,0,7,2,REPLAY
3,3,192.168.1.2-192.168.1.3-40837-20000,192.168.1.2,192.168.1.3,40837,20000,6, 18/05/2020  18:41:37 ,113037058.0,4,1,41,37,29,7,6,2,17,8,10.25,4.5,16,7,9.25,4.5,14,5,7.25,4.5,7,7,7.0,-1.0,6,6,6.0,-1.0,2,2,2.0,-1.0,0.42463950185256943,0.38040622040959343,0.2742463449464511,0.04423328144297598,28259264.5,28626855.98832961,61999993.0,3103682.0,107103644.0,35701214.666666664,29949116.71428632,61999993.0,3103682.0,0.0,0.0,0.0,0.0,0.0,40,4,8,10,1,4,0.035386625154380784,0.008846656288595196,9.6,7,17,4.159326868617084,17.299999999999994,8.6,6,16,4.159326868617084,17.299999999999994,6.2,2,14,4.54972526643093,20.7,1034560.6666666664,1791911.638178996,3103682.0,0.0,36644458.66666666,28414370.279642664,61999993.0,5933414.0,1,11,5,MASTER,1,129,0,0,0,4,1,REPLAY
4,4,192.168.1.3-192.168.1.2-20000-40837,192.168.1.3,192.168.1.2,20000,40837,6, 18/05/2020  18:44:27 ,118722379.0,11,12,77,66,22,96,84,60,7,7,7.0,0.0,6,6,6.0,0.0,2,2,2.0,0.0,8,8,8.0,0.0,7,7,7.0,0.0,5,5,5.0,0.0,1.4571810425058949,1.2634517709588686,0.6906869681241815,0.1937292715470265,5396471.7727272725,6079655.449558407,30004694.0,115036.0,118722379.0,11872237.9,14169068.13831161,42939177.0,2007729.0,105134334.0,9557666.727272727,10638274.903421337,40048164.0,115036.0,110,11,44,120,12,24,0.09265312987031704,0.10107614167670947,7.521739130434782,7,8,0.5107539184552493,0.2608695652173914,6.521739130434782,6,7,0.5107539184552493,0.2608695652173914,3.565217391304348,2,5,1.5322617553657474,2.347826086956521,3049972.25,3754853.41493824,10043470.0,0.0,10212045.75,8127924.465199776,30004694.0,5658369.0,11,1,23,OUTSTATION,1,129,0,0,0,12,11,REPLAY
5,5,192.168.1.3-192.168.1.2-20000-40837,192.168.1.3,192.168.1.2,20000,40837,6, 18/05/2020  18:46:28 ,119446644.0,13,14,1030,1017,965,112,98,70,485,7,79.23076923076924,148.64227407109206,484,6,78.23076923076924,148.64227407109206,480,2,74.23076923076924,148.64227407109206,8,8,8.0,0.0,7,7,7.0,0.0,5,5,5.0,0.0,9.560754172381767,9.334711823297438,8.664956714899414,0.2260423490843325,4594101.692307692,4074532.894765796,16755985.0,959.0,93641131.0,7803427.583333332,11160837.363420099,37094805.0,7606.0,109442821.0,8418678.538461538,4839140.444258095,16755985.0,959.0,130,13,52,140,14,28,0.10883520511467863,0.11720714396965393,42.2962962962963,7,485,107.29822380593649,11512.908831908833,41.2962962962963,6,484,107.29822380593649,11512.908831908833,38.333333333333336,2,480,106.95829525135919,11440.07692307693,3213533.8,4127272.387012323,11309831.0,0.0,8731130.6,3457441.415970204,16755985.0,5033517.0,11,1,27,OUTSTATION,1,129,0,0,0,14,13,REPLAY
6,6,192.168.1.3-192.168.1.2-20000-40837,192.168.1.3,192.168.1.2,20000,40837,6, 18/05/2020  18:48:35 ,99883046.0,11,8,1477,1466,1422,118,110,94,688,7,134.27272727272728,215.72903880057083,687,6,133.27272727272728,215.72903880057083,683,2,129.27272727272728,215.72903880057083,62,8,14.75,19.091883092036785,61,7,13.75,19.091883092036785,59,5,11.75,19.091883092036785,15.96867600533528,15.778453532544455,15.177750986889208,0.1902224727908278,5549058.111111111,6375823.517253455,20864861.0,932.0,90847404.0,9084740.4,13170765.919315293,33326928.0,6322.0,92839722.0,13262817.42857143,15395095.530237995,38922391.0,932.0,110,11,44,80,8,16,0.11012880003679504,0.08009367275403276,83.94736842105263,7,688,172.2573893542292,29672.608187134512,82.94736842105263,6,687,172.2573893542292,29672.608187134512,79.78947368421052,2,683,171.90293738921662,29550.619883040938,1171335.5,2815131.022885486,8043062.0,0.0,11007792.5,6010814.43971295,20864861.0,5258930.0,11,1,19,OUTSTATION,1,129,0,0,0,8,11,REPLAY
7,7,192.168.1.2-192.168.1.3-40837-20000,192.168.1.2,192.168.1.3,40837,20000,6, 18/05/2020  18:50:48 ,119611988.0,13,9,104,91,65,63,54,18,8,8,8.0,0.0,7,7,7.0,0.0,5,5,5.0,0.0,7,7,7.0,0.0,6,6,6.0,0.0,2,2,2.0,0.0,1.3961811252564418,1.2122530728274494,0.6939103796184711,0.18392805242899232,5695808.952380952,3545698.166961487,11002441.0,944023.0,119611988.0,9967665.666666666,6655780.29126024,24031045.0,3073658.0,100246241.0,12530780.125,13253617.447413055,35969715.0,1958319.0,130,13,26,90,9,36,0.10868475825349548,0.07524329417549687,7.590909090909091,7,8,0.5032362797401964,0.2532467532467532,6.590909090909091,6,7,0.5032362797401964,0.2532467532467532,3.772727272727273,2,5,1.5097088392205893,2.279220779220779,2259257.1818181816,3337612.787351996,9233033.0,0.0,8614559.909090908,2117866.0906707705,11002441.0,5034676.0,1,11,22,MASTER,1,129,0,0,0,13,9,REPLAY
8,8,192.168.1.2-192.168.1.3-40837-20000,192.168.1.2,192.168.1.3,40837,20000,6, 18/05/2020  18:52:56 ,90367597.0,8,8,118,110,94,500,492,460,35,8,14.75,12.498571346929445,34,7,13.75,12.498571346929445,32,5,11.75,12.498571346929445,282,7,62.5,106.59938354150353,281,6,61.5,106.59938354150353,277,2,57.5,106.59938354150353,6.838734463637447,6.661679849692142,6.130516007856222,0.17705461394530608,6024506.466666668,4864447.633554721,16931586.0,247148.0,90367597.0,12909656.714285715,7087600.243287537,26967215.0,3978527.0,51033376.0,7290482.285714285,9156878.36024171,23971207.0,247148.0,80,8,16,80,8,32,0.08852730697265304,0.08852730697265304,38.625,7,282,77.35534887776022,5983.85,37.625,6,281,77.35534887776022,5983.85,34.625,2,277,77.03235251070379,5933.983333333334,888985.6666666665,1764060.2563481212,4022344.0,0.0,9151858.444444444,3678060.2682892894,16931586.0,5027872.0,1,11,16,MASTER,1,129,0,0,0,8,8,REPLAY
9,9,192.168.1.2-192.168.1.3-40837-20000,192.168.1.2,192.168.1.3,40837,20000,6, 18/05/2020  18:54:58 ,111166837.0,5,4,49,44,34,933,929,913,17,8,9.8,4.024922359499621,16,7,8.8,4.024922359499621,14,5,6.8,4.024922359499621,468,7,233.25,193.17586978364213,467,6,232.25,193.17586978364213,463,2,228.25,193.17586978364213,8.833569673301039,8.75261027710989,8.518727577002123,0.08095939619115006,13895854.625,17098185.0997447,42000021.0,379670.0,111166837.0,27791709.25,22598270.13513353,52026129.0,7166703.0,48002955.0,16000985.0,25856691.81790913,45846828.0,379670.0,50,5,10,40,4,16,0.0449774423284167,0.03598195386273336,109.11111111111113,7,468,166.9471806024621,27871.361111111117,108.11111111111113,6,467,166.9471806024621,27871.361111111117,105.22222222222223,2,463,166.20527802823966,27624.194444444438,431225.4,964249.308024538,2156127.0,0.0,21573545.2,17744704.268603444,42000021.0,6023719.0,1,11,9,MASTER,1,129,0,0,0,5,4,REPLAY
10,10,192.168.1.2-192.168.1.3-40837-20000,192.168.1.2,192.168.1.3,40837,20000,6, 18/05/2020  18:56:58 ,108979161.0,6,6,84,78,66,1391,1385,1361,17,8,14.0,4.6475800154489,16,7,13.0,4.6475800154489,14,5,11.0,4.6475800154489,282,176,231.8333333333333,55.30430965726511,281,175,230.8333333333333,55.30430965726511,277,171,226.8333333333333,55.30430965726511,13.534697702435055,13.424584907567787,13.094246522965982,0.11011279486726824,9907196.454545457,10875416.164211394,33722516.0,11455.0,108979161.0,21795832.2,12344389.547295187,42000003.0,10979432.0,49276550.0,9855310.0,10366126.175495597,26417206.0,2530807.0,60,6,12,60,6,24,0.05505639743363412,0.05505639743363412,122.91666666666669,8,282,119.75540096632828,14341.35606060606,121.91666666666669,7,281,119.75540096632828,14341.35606060606,118.91666666666669,5,277,118.76367544860088,14104.810606060602,3353726.6,4508775.483744206,10979432.0,0.0,18442105.6,11230662.167612126,33722516.0,5030548.0,1,11,12,MASTER,1,0,0,0,0,6,6,REPLAY
11,11,192.168.1.2-192.168.1.3-40837-20000,192.168.1.2,192.168.1.3,40837,20000,6, 18/05/2020  18:59:27 ,89787805.0,9,5,81,72,54,35,30,10,17,8,9.0,3.0,16,7,8.0,3.0,14,5,6.0,3.0,7,7,7.0,0.0,6,6,6.0,0.0,2,2,2.0,0.0,1.2919349125418536,1.1360117334419746,0.7127916758851606,0.15592317909987888,6906754.230769231,5287571.769990207,22000456.0,1538439.0,89787805.0,11223475.625,7899817.335935557,30007918.0,4968819.0,49322877.0,12330719.25,10738194.134015936,26515440.0,1594138.0,90,9,18,50,5,20,0.1002363294213507,0.05568684967852817,8.285714285714286,7,17,2.55489188175792,6.527472527472527,7.2857142857142865,6,16,2.55489188175792,6.527472527472526,4.571428571428571,2,14,3.0813155460785735,9.494505494505496,1842986.625,3925641.439022707,11002114.0,0.0,9380489.0,5308771.2944265315,22000456.0,5031099.0,1,11,14,MASTER,1,129,0,0,0,9,5,REPLAY
12,12,192.168.1.2-192.168.1.3-40837-20000,192.168.1.2,192.168.1.3,40837,20000,6, 18/05/2020  19:01:29 ,100622380.0,10,3,98,88,68,21,18,6,17,8,9.8,3.794733192202056,16,7,8.8,3.794733192202056,14,5,6.8,3.794733192202056,7,7,7.0,0.0,6,6,6.0,0.0,2,2,2.0,0.0,1.1826394883523923,1.053443577860114,0.735422875109891,0.12919591049227816,8385198.333333332,4461207.599452893,15902439.0,2067310.0,90581989.0,10064665.444444444,3224697.6862427006,15902439.0,6054529.0,92117187.0,46058593.5,61555904.50845485,89585191.0,2531996.0,100,10,20,30,3,12,0.09938146960944473,0.02981444088283342,9.153846153846152,7,17,3.508232077228117,12.307692307692307,8.153846153846152,6,16,3.508232077228117,12.307692307692307,5.6923076923076925,2,14,3.9026618135279456,15.230769230769232,783330.0,2349990.0,7049970.0,0.0,10396934.444444444,3022994.743874074,15902439.0,6054529.0,1,11,13,MASTER,1,129,0,0,0,10,3,REPLAY
13,13,192.168.1.2-192.168.1.3-40837-20000,192.168.1.2,192.168.1.3,40837,20000,6, 18/05/2020  19:03:41 ,70034157.0,2,2,16,14,10,14,12,4,8,8,8.0,0.0,7,7,7.0,0.0,5,5,5.0,0.0,7,7,7.0,0.0,6,6,6.0,0.0,2,2,2.0,0.0,0.4283624060756525,0.3712474185988989,0.19990245616863786,0.05711498747675368,23344719.0,27355923.57677925,54927736.0,7072240.0,61999976.0,61999976.0,-1.0,61999976.0,61999976.0,62961917.0,62961917.0,-1.0,62961917.0,62961917.0,20,2,4,20,2,8,0.02855749373837684,0.02855749373837684,7.5,7,8,0.5773502691896257,0.3333333333333333,6.5,6,7,0.5773502691896257,0.3333333333333333,3.5,2,5,1.7320508075688772,3.0,0.0,0.0,0.0,0.0,23344719.0,27355923.57677925,54927736.0,7072240.0,1,11,4,MASTER,1,129,0,0,0,2,2,REPLAY
14,14,192.168.1.2-192.168.1.3-40837-20000,192.168.1.2,192.168.1.3,40837,20000,6, 18/05/2020  19:05:45 ,62000121.0,3,1,24,21,15,7,6,2,8,8,8.0,0.0,7,7,7.0,0.0,5,5,5.0,0.0,7,7,7.0,-1.0,6,6,6.0,-1.0,2,2,2.0,-1.0,0.4999990241954528,0.4354830210734589,0.2741930132684741,0.0645160031219939,20666707.0,27106140.297786426,51928506.0,3706227.0,62000121.0,31000060.5,29597291.46548617,51928506.0,10071615.0,0.0,0.0,0.0,0.0,0.0,30,3,6,10,1,4,0.048387002341495434,0.016129000780498476,7.75,7,8,0.5,0.25,6.75,6,7,0.5,0.25,4.25,2,5,1.5,2.25,1853113.5,2620698.2443166743,3706227.0,0.0,29146947.0,32217989.709802844,51928506.0,6365388.0,1,11,4,MASTER,1,129,0,0,0,3,1,REPLAY
15,15,192.168.1.3-192.168.1.2-20000-40837,192.168.1.3,192.168.1.2,20000,40837,6, 18/05/2020  19:07:49 ,100059514.0,6,6,42,36,12,48,42,30,7,7,7.0,0.0,6,6,6.0,0.0,2,2,2.0,0.0,8,8,8.0,0.0,7,7,7.0,0.0,5,5,5.0,0.0,0.8994646925828563,0.7795360669051421,0.4197501898719996,0.11992862567771415,9096319.454545457,8756158.540181367,32969794.0,2008065.0,100059514.0,20011902.8,17550713.341878805,41997845.0,2008065.0,83000236.0,16600047.2,14395817.70871836,41999889.0,7000155.0,60,6,24,60,6,12,0.05996431283885709,0.05996431283885709,7.5,7,8,0.5222329678670935,0.2727272727272727,6.5,6,7,0.5222329678670935,0.2727272727272727,3.5,2,5,1.5666989036012806,2.4545454545454546,1711839.5714285714,3151808.5236857194,8031227.0,0.0,12582376.714285715,9388580.979814267,32969794.0,5077548.0,11,1,12,OUTSTATION,1,129,0,0,0,6,6,REPLAY
16,16,192.168.1.2-192.168.1.3-40837-20000,192.168.1.2,192.168.1.3,40837,20000,6, 18/05/2020  19:09:57 ,98645412.0,6,10,75,69,57,2324,2314,2274,17,8,12.5,4.929503017546495,16,7,11.5,4.929503017546495,14,5,9.5,4.929503017546495,654,7,232.4,182.1904985935814,653,6,231.4,182.1904985935814,649,2,227.4,182.1904985935814,24.31942805408932,24.1572309516027,23.630090368521145,0.16219710248663166,6576360.8,9035427.907587064,36754278.0,10004.0,98645412.0,19729082.4,18073483.636626914,50612194.0,6599736.0,78536417.0,8726268.555555556,12091251.53145791,36754278.0,10004.0,60,6,12,100,10,40,0.06082391343248686,0.10137318905414476,149.9375,7,654,178.92213157311386,32013.129166666666,148.9375,6,653,178.92213157311386,32013.129166666666,145.6875,2,649,178.3093636539222,31794.22916666667,1323323.0,2991952.106280828,8611041.0,0.0,11007353.5,10574750.117571492,36754278.0,5038578.0,1,11,16,MASTER,1,129,0,0,0,6,10,REPLAY
17,17,192.168.1.2-192.168.1.3-40837-20000,192.168.1.2,192.168.1.3,40837,20000,6, 18/05/2020  19:12:09 ,119004008.0,5,1,49,44,34,7,6,2,17,8,9.8,4.024922359499621,16,7,8.8,4.024922359499621,14,5,6.8,4.024922359499622,7,7,7.0,-1.0,6,6,6.0,-1.0,2,2,2.0,-1.0,0.4705723860998026,0.4201539161605381,0.3025108196355874,0.05041846993926457,23800801.6,21877154.64639052,58973021.0,9001094.0,119004008.0,29751002.0,27516086.35081691,68003109.0,9001094.0,0.0,0.0,0.0,0.0,0.0,50,5,10,10,1,4,0.042015391616053804,0.008403078323210763,9.333333333333334,7,17,3.7771241264574122,14.26666666666667,8.333333333333334,6,16,3.7771241264574122,14.26666666666667,6.0,2,14,4.09878030638384,16.8,0.0,0.0,0.0,0.0,23800801.6,21877154.64639052,58973021.0,9001094.0,1,11,6,MASTER,1,129,0,0,0,5,1,REPLAY
18,18,192.168.1.3-192.168.1.2-20000-40837,192.168.1.3,192.168.1.2,20000,40837,6, 18/05/2020  19:14:12 ,90356800.0,9,6,63,54,18,75,69,57,7,7,7.0,0.0,6,6,6.0,0.0,2,2,2.0,0.0,35,8,12.5,11.0227038425243,34,7,11.5,11.0227038425243,32,5,9.5,11.0227038425243,1.527278522479769,1.3612699874276202,0.8300426752607439,0.1660085350521488,6454057.142857143,11030146.893845178,41999444.0,196274.0,48357356.0,6044669.5,7288451.795337902,17277179.0,406872.0,88968617.0,17793723.4,21954908.52843936,56969213.0,5968567.0,90,9,36,60,6,12,0.09960512103128928,0.06640341402085953,9.2,7,35,7.153420760127883,51.17142857142858,8.2,6,34,7.153420760127883,51.17142857142858,5.0,2,32,7.606388292556647,57.85714285714285,4590299.0,8281039.441641249,16973013.0,0.0,17998901.0,16430393.574508576,41999444.0,5968567.0,11,1,15,OUTSTATION,1,129,0,0,0,6,9,REPLAY
19,19,192.168.1.2-192.168.1.3-40837-20000,192.168.1.2,192.168.1.3,40837,20000,6, 18/05/2020  19:16:35 ,114001054.0,7,4,101,94,80,933,929,913,35,8,14.428571428571427,10.014275524755364,34,7,13.428571428571427,10.014275524755364,32,5,11.428571428571427,10.014275524755364,468,7,233.25,193.17586978364213,467,6,232.25,193.17586978364213,463,2,228.25,193.17586978364213,9.07009158003048,8.973601244072709,8.710445782369696,0.09649033595777104,11400105.4,10280542.267352115,31950039.0,4834.0,114001054.0,19000175.666666668,16917426.961038448,51892080.0,7000219.0,46035997.0,15345332.333333336,26534266.83922611,45984455.0,4834.0,70,7,14,40,4,16,0.061402941064036126,0.035087394893734934,94.0,7,468,153.11303014440017,23443.6,93.0,6,467,153.11303014440017,23443.6,90.27272727272728,2,463,152.3870669768868,23221.818181818184,716733.7142857143,1873669.7427883525,4965594.0,0.0,15569131.142857146,9393133.436420163,31950039.0,7000219.0,1,11,11,MASTER,1,129,0,0,0,7,4,REPLAY
20,20,192.168.1.3-192.168.1.2-20000-40837,192.168.1.3,192.168.1.2,20000,40837,6, 18/05/2020  19:19:11 ,119110940.0,12,6,528,516,468,48,42,30,282,7,44.0,89.31965069345043,281,6,43.0,89.31965069345043,277,2,39.0,89.31965069345043,8,8,8.0,0.0,7,7,7.0,0.0,5,5,5.0,0.0,4.835827842513877,4.68470822243532,4.180976155506791,0.1511196200785587,7006525.882352943,8898809.75684429,33966441.0,10690.0,119110940.0,10828267.272727273,17880213.362022642,53026304.0,10690.0,69094131.0,13818826.2,10202671.42367974,31968192.0,8034080.0,120,12,48,60,6,12,0.1007464133857058,0.0503732066928529,32.0,7,282,73.9403575227239,5467.176470588235,31.0,6,281,73.9403575227239,5467.176470588235,27.66666666666667,2,277,73.71726591591448,5434.235294117648,2331714.285714286,3895690.260579492,8034080.0,0.0,14397164.857142854,10000822.892533883,33966441.0,6010116.0,11,1,18,OUTSTATION,1,129,0,0,0,6,12,REPLAY
21,21,192.168.1.3-192.168.1.2-20000-40837,192.168.1.3,192.168.1.2,20000,40837,6, 18/05/2020  19:21:12 ,97874678.0,3,10,21,18,6,80,70,50,7,7,7.0,0.0,6,6,6.0,0.0,2,2,2.0,0.0,8,8,8.0,0.0,7,7,7.0,0.0,5,5,5.0,0.0,1.0319318751679571,0.8991089605423784,0.5721602476178772,0.13282291462557866,8156223.166666668,5672783.400345912,20941139.0,177927.0,56056746.0,28028373.0,36800154.78897666,54050012.0,2006734.0,91855539.0,10206171.0,5334327.154349599,20941139.0,177927.0,30,3,12,100,10,20,0.030651441836671994,0.10217147278890663,7.769230769230767,7,8,0.4385290096535146,0.19230769230769232,6.769230769230767,6,7,0.4385290096535146,0.19230769230769232,4.3076923076923075,2,5,1.3155870289605436,1.7307692307692302,980172.0,2133564.5823302367,6019139.0,0.0,11254162.75,4073637.904891322,20941139.0,8218200.0,11,1,13,OUTSTATION,1,129,0,0,0,10,3,REPLAY
22,22,192.168.1.3-192.168.1.2-20000-40837,192.168.1.3,192.168.1.2,20000,40837,6, 18/05/2020  19:23:30 ,109477315.0,14,9,98,84,28,81,72,54,7,7,7.0,0.0,6,6,6.0,0.0,2,2,2.0,0.0,17,8,9.0,3.0,16,7,8.0,3.0,14,5,6.0,3.0,1.635041926265729,1.4249527402092388,0.7490136198535742,0.21008918605649032,4976241.590909091,7117254.588143652,30004045.0,10520.0,105766737.0,8135902.846153846,17665364.83776793,66041541.0,405201.0,99466764.0,12433345.5,11010301.71617772,30004045.0,10520.0,140,14,56,90,9,18,0.12788037412134193,0.08220881193514837,7.782608695652174,7,17,2.0661013294505457,4.2687747035573125,6.782608695652174,6,16,2.0661013294505457,4.2687747035573125,3.565217391304348,2,14,2.6938665512692777,7.2569169960474325,3051123.0,4761010.814508324,10054452.0,0.0,13465821.333333336,9350576.403754512,30004045.0,5722234.0,11,1,23,OUTSTATION,1,129,0,0,0,9,14,REPLAY
23,23,192.168.1.3-192.168.1.2-20000-40837,192.168.1.3,192.168.1.2,20000,40837,6, 18/05/2020  19:25:45 ,95107831.0,6,6,672,666,642,66,60,48,282,7,112.0,115.65984610053741,281,6,111.0,115.65984610053741,277,2,107.0,115.65984610053741,17,8,11.0,4.6475800154489,16,7,10.0,4.6475800154489,14,5,8.0,4.6475800154489,7.759613401340211,7.633440825708663,7.254923098814018,0.12617257563154816,8646166.454545455,7122732.188873935,21030784.0,4811.0,95107831.0,19021566.2,19350229.392447025,45684184.0,4811.0,72002967.0,14400593.4,10794611.155142287,31002931.0,2961748.0,60,6,24,60,6,12,0.06308628781577408,0.06308628781577408,61.5,7,282,94.1937075682582,8872.454545454546,60.5,6,281,94.1937075682582,8872.454545454546,57.5,2,277,93.61283905727691,8763.363636363636,1841399.166666667,4485443.077666527,10997176.0,0.0,14009906.0,4705521.737521568,21030784.0,9032487.0,11,1,12,OUTSTATION,1,129,0,0,0,6,6,REPLAY
24,24,192.168.1.2-192.168.1.3-40837-20000,192.168.1.2,192.168.1.3,40837,20000,6, 18/05/2020  19:27:53 ,117028966.0,4,7,32,28,20,1398,1391,1363,8,8,8.0,0.0,7,7,7.0,0.0,5,5,5.0,0.0,468,7,199.7142857142857,163.76885569374323,467,6,198.7142857142857,163.76885569374323,463,2,194.7142857142857,163.76885569374323,12.219197083224678,12.125203259507565,11.81758710916065,0.09399382371711293,11702896.6,16514434.672637874,49999421.0,8423.0,85036733.0,28345577.66666667,32645007.969384003,66001793.0,8033007.0,67029545.0,11171590.833333334,26224395.34966249,64684433.0,8423.0,40,4,8,70,7,28,0.03417957226076833,0.05981425145634457,130.0,7,468,159.52366595587,25447.8,129.0,6,467,159.52366595587,25447.8,125.72727272727272,2,463,158.91387032546336,25253.618181818183,1684.6,3766.880114896145,8423.0,0.0,22936770.8,17250320.666770607,49999421.0,8033007.0,1,11,11,MASTER,1,129,0,0,0,4,7,REPLAY
25,25,192.168.1.2-192.168.1.3-40837-20000,192.168.1.2,192.168.1.3,40837,20000,6, 18/05/2020  19:30:09 ,110007888.0,10,6,89,79,59,981,975,951,17,8,8.9,2.846049894151541,16,7,7.9,2.846049894151541,14,5,5.9,2.846049894151541,671,7,163.5,271.8703735238542,670,6,162.5,271.8703735238542,666,2,158.5,271.8703735238542,9.726575243404364,9.58113112761514,9.181159809194773,0.14544411578922414,7333859.2,7577381.706568073,21209040.0,17393.0,110007888.0,12223098.666666664,8121985.31252695,22974388.0,3523926.0,63724735.0,12744947.0,13445968.19897552,27268986.0,596864.0,100,10,20,60,6,24,0.09090257236826507,0.05454154342095905,66.875,7,671,174.97995123251502,30617.98333333333,65.875,6,670,174.97995123251502,30617.98333333333,63.125,2,666,174.54049195912486,30464.38333333333,1466212.625,1772865.8942760238,4687460.0,0.0,12284773.375,7269338.64675224,21209040.0,5119969.0,1,11,16,MASTER,1,129,0,0,0,10,6,REPLAY
26,26,192.168.1.2-192.168.1.3-40837-20000,192.168.1.2,192.168.1.3,40837,20000,6, 18/05/2020  19:32:43 ,75292046.0,4,3,32,28,20,465,462,450,8,8,8.0,0.0,7,7,7.0,0.0,5,5,5.0,0.0,282,7,155.0,138.69751259485514,281,6,154.0,138.69751259485514,277,2,150.0,138.69751259485514,6.600962869304946,6.507991561286567,6.2423592526626255,0.09297130801837952,12548674.333333336,15431971.373668699,38993155.0,9108.0,75292046.0,25097348.66666667,31960893.88938041,61999998.0,6265771.0,45066319.0,22533159.5,31853819.11089005,45057211.0,9108.0,40,4,8,30,3,12,0.0531264617247883,0.03984484629359122,71.0,7,282,112.18882891506323,12586.333333333336,70.0,6,281,112.18882891506323,12586.333333333336,67.14285714285714,2,277,111.44270362153006,12419.476190476189,52705.75,99432.2425184608,201715.0,0.0,18770305.75,15558553.744293233,38993155.0,6064056.0,1,11,7,MASTER,1,129,0,0,0,4,3,REPLAY
27,27,192.168.1.2-192.168.1.3-40837-20000,192.168.1.2,192.168.1.3,40837,20000,6, 18/05/2020  19:34:49 ,118026513.0,6,14,138,132,120,1003,989,933,89,8,23.0,32.5330601081423,88,7,22.0,32.5330601081423,86,5,20.0,32.5330601081423,282,7,71.64285714285714,109.5112267815898,281,6,70.64285714285714,109.5112267815898,277,2,66.64285714285714,109.5112267815898,9.667319409834636,9.497865958303793,8.921724223098924,0.16945345153084376,6211921.736842105,9322345.322043076,30949885.0,18840.0,100015043.0,20003008.6,17127409.932910092,44717210.0,6032777.0,78038279.0,6002944.538461537,12934167.997810954,47283813.0,45524.0,60,6,12,140,14,56,0.05083603545925313,0.11861741607159065,57.05,7,282,94.9057565776647,9007.102631578948,56.05,6,281,94.9057565776647,9007.102631578948,52.65,2,277,94.6835588462404,8964.97631578947,1270656.333333333,2532945.632443749,6332312.0,0.0,16904778.666666668,10426363.64922593,30949885.0,8996127.0,1,11,20,MASTER,1,129,0,0,0,6,14,REPLAY
28,28,192.168.1.2-192.168.1.3-40837-20000,192.168.1.2,192.168.1.3,40837,20000,6, 18/05/2020  19:36:49 ,109105299.0,6,7,75,69,57,49,42,14,35,8,12.5,11.0227038425243,34,7,11.5,11.0227038425243,32,5,9.5,11.0227038425243,7,7,7.0,0.0,6,6,6.0,0.0,2,2,2.0,0.0,1.1365167515832573,1.0173658018204963,0.6507474948581553,0.11915094976276085,9092108.25,11321674.380182905,42000590.0,325199.0,109105299.0,21821059.8,22113003.00414604,60048093.0,8057306.0,84981922.0,14163653.666666664,22436036.32271044,58964682.0,2007073.0,60,6,12,70,7,28,0.05499274604435117,0.06415820371840968,9.538461538461537,7,35,7.66610923280061,58.769230769230774,8.538461538461537,6,34,7.66610923280061,58.769230769230774,5.461538461538462,2,32,8.109823103448733,65.76923076923077,793913.75,1475725.9967729931,4019038.0,0.0,12844248.625,12363381.326108204,42000590.0,5035652.0,1,11,13,MASTER,1,129,0,0,0,6,7,REPLAY
29,29,192.168.1.3-192.168.1.2-20000-40837,192.168.1.3,192.168.1.2,20000,40837,6, 18/05/2020  19:38:58 ,103506632.0,15,6,566,551,491,48,42,30,282,7,37.73333333333333,82.83069364386496,281,6,36.73333333333333,82.83069364386496,277,2,32.73333333333333,82.83069364386496,8,8,8.0,0.0,7,7,7.0,0.0,5,5,5.0,0.0,5.931987044076557,5.729101493709117,5.033493892449327,0.20288555036743927,5175331.6,6479130.322616295,20692849.0,15912.0,82813783.0,5915270.214285715,12838070.029897975,49170750.0,87540.0,72118096.0,14423619.2,5482729.838600768,20708761.0,10025737.0,150,15,60,60,6,12,0.1449182502624566,0.05796730010498265,29.23809523809524,7,282,70.65472720342551,4992.090476190476,28.23809523809524,6,281,70.65472720342551,4992.090476190476,24.809523809523807,2,277,70.48022350107799,4967.461904761905,2175998.5714285714,3960596.939824428,10543951.0,0.0,12610663.142857146,5655913.066111531,20692849.0,6309712.0,11,1,21,OUTSTATION,1,129,0,0,0,6,15,REPLAY
30,30,192.168.1.3-192.168.1.2-20000-40837,192.168.1.3,192.168.1.2,20000,40837,6, 18/05/2020  19:41:24 ,115570815.0,15,10,105,90,30,80,70,50,7,7,7.0,0.0,6,6,6.0,0.0,2,2,2.0,0.0,8,8,8.0,0.0,7,7,7.0,0.0,5,5,5.0,0.0,1.6007501547860503,1.3844325663014492,0.6922162831507246,0.21631758848460145,4815450.625,4093881.037802349,12016236.0,264263.0,106804430.0,7628887.857142857,12221453.13755654,43922490.0,2005690.0,99540657.0,11060073.0,5797405.544780419,21268101.0,3884680.0,150,15,60,100,10,20,0.12979055309076085,0.08652703539384057,7.4,7,8,0.5,0.25,6.4,6,7,0.5,0.25,3.2,2,5,1.5,2.25,4109344.0,5622197.12300589,15330283.0,0.0,10337007.875,980447.4227881059,12016236.0,8766385.0,11,1,25,OUTSTATION,1,129,0,0,0,10,15,REPLAY
31,31,192.168.1.2-192.168.1.3-40837-20000,192.168.1.2,192.168.1.3,40837,20000,6, 18/05/2020  19:43:32 ,118034772.0,6,4,48,42,30,28,24,8,8,8,8.0,0.0,7,7,7.0,0.0,5,5,5.0,0.0,7,7,7.0,0.0,6,6,6.0,0.0,2,2,2.0,0.0,0.6438780599330509,0.5591572625734389,0.32193902996652546,0.08472079735961198,13114974.666666664,10777328.338092577,30004826.0,2007306.0,88029946.0,17605989.2,9539966.311376246,31966372.0,6999937.0,76034322.0,25344774.0,40420303.32343898,72018120.0,2007306.0,60,6,12,40,4,16,0.05083247841576718,0.03388831894384478,7.6,7,8,0.5163977794943222,0.26666666666666666,6.6,6,7,0.5163977794943222,0.26666666666666666,3.8,2,5,1.5491933384829668,2.4000000000000004,1004738.6666666664,2461097.0581776462,6028432.0,0.0,18667723.33333333,8651151.560729742,30004826.0,6999937.0,1,11,10,MASTER,1,129,0,0,0,6,4,REPLAY
32,32,192.168.1.3-192.168.1.2-20000-40837,192.168.1.3,192.168.1.2,20000,40837,6, 18/05/2020  19:45:32 ,117900438.0,6,9,947,941,917,90,81,63,468,7,157.83333333333334,189.84353206434682,467,6,156.83333333333334,189.84353206434682,463,2,152.83333333333334,189.84353206434682,17,8,10.0,3.9686269665968874,16,7,9.0,3.9686269665968874,14,5,7.0,3.9686269665968874,8.795556807006943,8.66833081654879,8.312098043265964,0.1272259904581525,8421459.857142856,8571828.424245676,30427676.0,204296.0,78626735.0,15725347.0,21172643.23332441,51662836.0,204296.0,109887118.0,13735889.75,9337202.115077524,30427676.0,851503.0,60,6,24,90,9,18,0.050890396183260994,0.0763355942748915,69.13333333333334,7,468,136.01621051848755,18500.409523809525,68.13333333333334,6,467,136.01621051848755,18500.409523809525,65.33333333333333,2,463,135.45988687571295,18349.380952380958,922339.0,1785637.350767647,4463065.0,0.0,12177709.666666664,8563992.892022388,30427676.0,5189433.0,11,1,15,OUTSTATION,1,129,0,0,0,9,6,REPLAY
33,33,192.168.1.2-192.168.1.3-40837-20000,192.168.1.2,192.168.1.3,40837,20000,6, 18/05/2020  19:47:39 ,73924297.0,4,4,86,82,74,950,946,930,62,8,21.5,27.0,61,7,20.5,27.0,59,5,18.5,27.0,485,7,237.5,200.12412814717442,484,6,236.5,200.12412814717442,480,2,232.5,200.12412814717442,14.014336855986604,13.90611803856586,13.581461586303625,0.10821881742074599,10560613.857142856,10503087.940784216,25814085.0,203291.0,73924297.0,24641432.33333333,17744426.671054896,41770448.0,6339764.0,4099692.0,1366564.0,2014492.013113728,3692699.0,203291.0,40,4,8,40,4,16,0.054109408710372994,0.054109408710372994,129.5,7,485,175.51882275943268,30806.857142857134,128.5,6,484,175.51882275943268,30806.857142857134,125.5,2,480,174.81745581360818,30561.142857142866,1024923.0,2049846.0,4099692.0,0.0,17456151.25,8366348.855927393,25814085.0,6339764.0,1,11,8,MASTER,1,129,0,0,0,4,4,REPLAY
34,34,192.168.1.2-192.168.1.3-40837-20000,192.168.1.2,192.168.1.3,40837,20000,6, 18/05/2020  19:49:55 ,96138196.0,4,6,32,28,20,486,480,456,8,8,8.0,0.0,7,7,7.0,0.0,5,5,5.0,0.0,282,7,81.0,119.44036168732912,281,6,80.0,119.44036168732912,277,2,76.0,119.44036168732912,5.388076972028892,5.284060042066944,4.951205866188711,0.1040169299619477,10682021.777777778,11539804.253784126,36641076.0,9260.0,96138196.0,32046065.33333333,38098091.89187688,76022148.0,9036887.0,60946515.0,12189303.0,15961913.096889906,36641076.0,9260.0,40,4,8,60,6,24,0.04160677198477908,0.06241015797716864,51.8,7,282,96.67793037825241,9346.62222222222,50.8,6,281,96.67793037825241,9346.62222222222,47.6,2,277,96.2799159857455,9269.822222222221,670384.6666666665,1637568.0987423598,4013048.0,0.0,15352648.0,11575938.787185322,36641076.0,5066961.0,1,11,10,MASTER,1,129,0,0,0,4,6,REPLAY
35,35,192.168.1.2-192.168.1.3-40837-20000,192.168.1.2,192.168.1.3,40837,20000,6, 18/05/2020  19:51:57 ,113616344.0,5,3,130,125,115,960,957,945,89,8,26.0,35.43303543305315,88,7,25.0,35.43303543305315,86,5,23.0,35.43303543305315,671,7,320.0,333.6270372736598,670,6,319.0,333.6270372736598,666,2,315.0,333.6270372736598,9.593690147255575,9.523277742505076,9.329643629441199,0.07041240475049962,16230906.285714285,18312557.06812204,51335946.0,12297.0,113616344.0,28404086.0,23444375.910206936,51335946.0,5075529.0,23231750.0,11615875.0,16409937.379654074,23219453.0,12297.0,50,5,10,30,3,12,0.04400775296906227,0.02640465178143736,136.25,7,671,235.94899569913107,55671.928571428565,135.25,6,670,235.94899569913107,55671.928571428565,132.5,2,666,235.28280855175117,55358.0,1271956.5,2535721.6260518427,5075529.0,0.0,27132129.5,17255556.76710573,51335946.0,11591470.0,1,11,8,MASTER,1,129,0,0,0,5,3,REPLAY
36,36,192.168.1.3-192.168.1.2-20000-40837,192.168.1.3,192.168.1.2,20000,40837,6, 18/05/2020  19:54:00 ,116812654.0,10,11,514,504,464,88,77,55,282,7,51.4,96.88045325153169,281,6,50.4,96.88045325153169,277,2,46.4,96.88045325153169,8,8,8.0,0.0,7,7,7.0,0.0,5,5,5.0,0.0,5.15355125823954,4.973776214347462,4.443011799047045,0.17977504389207696,5840632.7,6064598.486142414,21076970.0,10045.0,114490671.0,12721185.666666664,16737069.450415133,49990435.0,10045.0,106583359.0,10658335.9,8824749.18920747,30842063.0,2912698.0,100,10,40,110,11,22,0.08560716375813189,0.09416788013394507,28.66666666666667,7,282,68.67993399336761,4716.933333333333,27.66666666666667,6,281,68.67993399336761,4716.933333333333,24.714285714285715,2,277,68.35579189589049,4672.514285714287,3809857.4285714286,4897458.753172535,11001870.0,0.0,12157901.0,6281627.411908796,21076970.0,5167775.0,11,1,21,OUTSTATION,1,129,0,0,0,11,10,REPLAY
37,37,192.168.1.2-192.168.1.3-40837-20000,192.168.1.2,192.168.1.3,40837,20000,6, 18/05/2020  19:56:00 ,113346477.0,9,2,126,117,99,14,12,4,62,8,14.0,18.0,61,7,13.0,18.0,59,5,11.0,18.0,7,7,7.0,0.0,6,6,6.0,0.0,2,2,2.0,0.0,1.2351508728409797,1.1381033042606168,0.9087181421615778,0.09704756858036268,11334647.7,10629722.800791802,35942475.0,1977255.0,77404002.0,9675500.25,7140482.735832816,26260405.0,2850594.0,37919730.0,37919730.0,-1.0,37919730.0,37919730.0,90,9,18,20,2,8,0.07940255611120582,0.01764501246915685,12.727272727272727,7,62,16.346809530247235,267.2181818181818,11.727272727272727,6,61,16.346809530247235,267.2181818181818,9.363636363636363,2,59,16.506197183317106,272.45454545454555,603481.125,1141547.0544091142,2850594.0,0.0,13564828.5,10807335.107383924,35942475.0,5036532.0,1,11,11,MASTER,1,129,0,0,0,9,2,REPLAY
38,38,192.168.1.2-192.168.1.3-40837-20000,192.168.1.2,192.168.1.3,40837,20000,6, 18/05/2020  19:58:01 ,118735810.0,8,0,64,56,40,0,0,0,8,8,8.0,0.0,7,7,7.0,0.0,5,5,5.0,0.0,0,0,0.0,0.0,0,0,0.0,0.0,0,0,0.0,0.0,0.5390117774915588,0.4716353053051139,0.33688236093222423,0.06737647218644485,16962258.57142857,12928537.382766142,41977216.0,7000129.0,118735810.0,16962258.57142857,12928537.382766142,41977216.0,7000129.0,0.0,0.0,0.0,0.0,0.0,80,8,16,0,0,0,0.06737647218644485,0.0,8.0,8,8,0.0,0.0,7.0,7,7,0.0,0.0,5.0,5,5,0.0,0.0,0.0,0.0,0.0,0.0,16962258.57142857,12928537.382766142,41977216.0,7000129.0,1,11,8,MASTER,1,0,0,0,0,8,0,REPLAY
39,39,192.168.1.2-192.168.1.3-40837-20000,192.168.1.2,192.168.1.3,40837,20000,6, 18/05/2020  20:00:21 ,113009030.0,9,10,108,99,81,1402,1392,1352,26,8,12.0,6.5383484153110105,25,7,11.0,6.5383484153110105,23,5,9.0,6.5383484153110105,282,7,140.2,122.53598111031172,281,6,139.2,122.53598111031172,277,2,135.2,122.53598111031172,13.3617640997361,13.193635942189752,12.680402619153533,0.1681281575463483,6278279.444444444,6731194.105958607,20220488.0,7062.0,113009030.0,14126128.75,9549080.268351514,31444157.0,3435703.0,91171422.0,10130158.0,16671646.241293848,47656606.0,7062.0,90,9,18,100,10,40,0.07963965357458604,0.08848850397176226,79.47368421052632,7,282,108.86503796549226,11851.59649122807,78.47368421052632,6,281,108.86503796549226,11851.59649122807,75.42105263157895,2,277,108.24833372567896,11717.701754385964,2902802.2857142864,2740613.9686368764,6449942.0,0.0,13241344.857142854,5608300.7885398315,20220488.0,6828991.0,1,11,19,MASTER,1,129,0,0,0,9,10,REPLAY
40,40,192.168.1.3-192.168.1.2-20000-40837,192.168.1.3,192.168.1.2,20000,40837,6, 18/05/2020  20:02:54 ,117222294.0,7,7,937,930,902,74,67,53,282,7,133.85714285714286,126.30839055189293,281,6,132.85714285714286,126.30839055189293,277,2,128.85714285714286,126.30839055189293,17,8,10.571428571428571,4.3915503282684,16,7,9.571428571428571,4.3915503282684,14,5,7.571428571428571,4.3915503282684,8.624639268704296,8.50520806221383,8.146914442742435,0.11943120649046506,9017099.538461538,9425879.98004125,28738373.0,8211.0,95214884.0,15869147.333333336,17108650.086629458,35771726.0,8211.0,95010130.0,15835021.666666664,11771253.7156736,37803317.0,7486283.0,70,7,28,70,7,14,0.059715603245232514,0.059715603245232514,72.21428571428571,7,282,107.07163566900043,11464.335164835164,71.21428571428571,6,281,107.07163566900043,11464.335164835164,68.21428571428571,2,277,106.45488648785856,11332.642857142851,429134.875,1039531.113650688,2971938.0,0.0,14223651.875,8447536.516107393,28738373.0,6032847.0,11,1,14,OUTSTATION,1,129,0,0,0,7,7,REPLAY
41,41,192.168.1.2-192.168.1.3-40837-20000,192.168.1.2,192.168.1.3,40837,20000,6, 18/05/2020  20:05:00 ,82002907.0,4,1,41,37,29,7,6,2,17,8,10.25,4.5,16,7,9.25,4.5,14,5,7.25,4.5,7,7,7.0,-1.0,6,6,6.0,-1.0,2,2,2.0,-1.0,0.585345102460819,0.5243716542878171,0.3780353786726122,0.06097344817300196,20500726.75,15630949.100484533,35929010.0,6071086.0,82002907.0,27334302.33333333,17447963.57054285,42000096.0,8038241.0,0.0,0.0,0.0,0.0,0.0,40,4,8,10,1,4,0.04877875853840158,0.012194689634600395,9.6,7,17,4.159326868617084,17.3,8.6,6,16,4.159326868617084,17.3,6.2,2,14,4.54972526643093,20.7,0.0,0.0,0.0,0.0,20500726.75,15630949.100484533,35929010.0,6071086.0,1,11,5,MASTER,1,129,0,0,0,4,1,REPLAY
42,42,192.168.1.3-192.168.1.2-20000-40837,192.168.1.3,192.168.1.2,20000,40837,6, 18/05/2020  20:07:16 ,96050220.0,8,6,56,48,16,102,96,84,7,7,7.0,0.0,6,6,6.0,0.0,2,2,2.0,0.0,62,8,17.0,22.0454076850486,61,7,16.0,22.0454076850486,59,5,14.0,22.0454076850486,1.6449728069337062,1.4992157227750234,1.041122029704877,0.14575708415868285,7388478.461538463,8318618.33092531,29894839.0,1534136.0,96050220.0,13721460.0,19328236.354294684,55744401.0,2004894.0,83000038.0,16600007.6,12376439.801436773,29894839.0,1534136.0,80,8,32,60,6,12,0.08328976237639019,0.06246732178229264,11.285714285714285,7,62,14.604680869389215,213.2967032967033,10.285714285714286,6,61,14.604680869389215,213.2967032967033,7.142857142857142,2,59,14.996702934348564,224.90109890109886,2690523.5,3970677.0430897423,9873529.0,0.0,13317846.5,9330316.9987232,29894839.0,6185533.0,11,1,14,OUTSTATION,1,129,0,0,0,6,8,REPLAY
43,43,192.168.1.2-192.168.1.3-40837-20000,192.168.1.2,192.168.1.3,40837,20000,6, 18/05/2020  20:09:21 ,112817126.0,6,1,57,51,39,7,6,2,17,8,9.5,3.6742346141747673,16,7,8.5,3.6742346141747673,14,5,6.5,3.6742346141747673,7,7,7.0,-1.0,6,6,6.0,-1.0,2,2,2.0,-1.0,0.567289757053375,0.5052424398756621,0.3634200006123184,0.06204731717771289,18802854.33333333,12326641.399078416,32958163.0,1370902.0,112817126.0,22563425.2,9440687.378654303,32958163.0,9042008.0,0.0,0.0,0.0,0.0,0.0,60,6,12,10,1,4,0.05318341472375391,0.008863902453958985,9.142857142857142,7,17,3.4846602621858485,12.142857142857144,8.142857142857142,6,16,3.4846602621858485,12.142857142857144,5.857142857142858,2,14,3.7606990231680526,14.142857142857144,274180.4,613086.0124980834,1370902.0,0.0,22289244.8,9938346.018395653,32958163.0,7671106.0,1,11,7,MASTER,1,129,0,0,0,6,1,REPLAY
44,44,192.168.1.3-192.168.1.2-20000-40837,192.168.1.3,192.168.1.2,20000,40837,6, 18/05/2020  20:11:24 ,98968278.0,5,4,479,474,454,32,28,20,282,7,95.8,127.23875195867019,281,6,94.8,127.23875195867019,277,2,90.8,127.23875195867019,8,8,8.0,0.0,7,7,7.0,0.0,5,5,5.0,0.0,5.163270598686177,5.072332368963719,4.789413432049409,0.09093822972245713,12371034.75,11519754.978886954,33568539.0,507404.0,67535962.0,16883990.5,20295694.77671685,42628786.0,507404.0,93922945.0,31307648.33333333,18779428.877096884,52922978.0,18999953.0,50,5,20,40,4,8,0.05052123873469841,0.04041699098775872,56.77777777777778,7,282,101.17407990411598,10236.194444444445,55.77777777777778,6,281,101.17407990411598,10236.194444444445,52.66666666666666,2,277,100.69632565292541,10139.75,214387.33333333328,343046.2398725085,778920.0,0.0,16280325.666666664,10602972.14594877,33568539.0,5045333.0,11,1,9,OUTSTATION,1,129,0,0,0,4,5,REPLAY
45,45,192.168.1.2-192.168.1.3-40837-20000,192.168.1.2,192.168.1.3,40837,20000,6, 18/05/2020  20:13:45 ,86580418.0,4,4,50,46,38,933,929,913,17,8,12.5,5.196152422706632,16,7,11.5,5.196152422706632,14,5,9.5,5.196152422706632,468,7,233.25,193.17586978364213,467,6,232.25,193.17586978364213,463,2,228.25,193.17586978364213,11.353606539529526,11.261206893226134,10.984007954315953,0.09239964630339392,12368631.142857146,22226630.836427785,61999966.0,7879.0,77851347.0,25950449.0,31225821.11436205,61999966.0,7312382.0,16516027.0,5505342.333333333,4575909.490593136,8736950.0,269251.0,40,4,8,40,4,16,0.04619982315169696,0.04619982315169696,122.875,7,468,172.99581952009294,29927.55357142857,121.875,6,467,172.99581952009294,29927.55357142857,118.875,2,463,172.2684263418161,29676.410714285717,187926.0,231485.6312833837,474574.0,0.0,21457178.5,27037505.73484221,61999966.0,7035252.0,1,11,8,MASTER,1,129,0,0,0,4,4,REPLAY
46,46,192.168.1.2-192.168.1.3-40837-20000,192.168.1.2,192.168.1.3,40837,20000,6, 18/05/2020  20:15:49 ,119936323.0,6,5,84,78,66,1401,1396,1376,17,8,14.0,4.6475800154489,16,7,13.0,4.6475800154489,14,5,11.0,4.6475800154489,468,7,280.2,197.50746821322983,467,6,279.2,197.50746821322983,463,2,275.2,197.50746821322983,12.381570177034693,12.28985484238999,12.02304659615086,0.09171533464470144,11993632.3,16874679.47571667,55966230.0,10508.0,114890058.0,22978011.6,22617995.879982345,62000156.0,9032589.0,113902397.0,28475599.25,45749171.46643382,96721770.0,220976.0,60,6,12,50,5,20,0.050026546169837136,0.041688788474864284,135.0,7,468,186.92404874707802,34940.6,134.0,6,467,186.92404874707802,34940.6,131.0909090909091,2,463,186.14857213820068,34651.290909090916,298451.5714285714,692944.8384933819,1857677.0,0.0,16835308.85714286,18320171.711781137,55966230.0,5046265.0,1,11,11,MASTER,1,129,0,0,0,6,5,REPLAY
47,47,192.168.1.3-192.168.1.2-20000-40837,192.168.1.3,192.168.1.2,20000,40837,6, 18/05/2020  20:17:53 ,110073280.0,7,8,324,317,289,73,65,49,282,7,46.28571428571429,103.94023007753748,281,6,45.28571428571429,103.94023007753748,277,2,41.285714285714285,103.94023007753748,17,8,9.125,3.181980515339464,16,7,8.125,3.181980515339464,14,5,6.125,3.181980515339464,3.6066881989888917,3.470415345122813,3.0706816404489814,0.13627285386607904,7862377.142857143,4632712.80617372,16935468.0,12886.0,110073280.0,18345546.666666668,8570669.028737107,30493626.0,5038764.0,83126528.0,11875218.285714285,5056529.076462288,20051012.0,7034855.0,70,7,28,80,8,16,0.06359399847083687,0.07267885539524216,26.466666666666665,7,282,70.73478298411273,5003.409523809522,25.466666666666665,6,281,70.73478298411273,5003.409523809522,22.53333333333333,2,277,70.46160724279639,4964.838095238097,1006090.3,2320113.005885803,7034855.0,0.0,10001237.7,3501689.742703055,16935468.0,5025878.0,11,1,15,OUTSTATION,1,129,0,0,0,8,7,REPLAY
48,48,192.168.1.2-192.168.1.3-40837-20000,192.168.1.2,192.168.1.3,40837,20000,6, 18/05/2020  20:19:53 ,119120199.0,9,7,108,99,81,493,486,458,35,8,12.0,9.124143795447331,34,7,11.0,9.124143795447331,32,5,9.0,9.124143795447331,282,7,70.42857142857143,112.56384431787613,281,6,69.42857142857143,112.56384431787613,277,2,65.42857142857143,112.56384431787613,5.045324009238769,4.91100589917584,4.524841332744919,0.13431811006292896,7941346.6,9452054.60095984,33975027.0,5766.0,119120199.0,14890024.875,11436273.694704,33975027.0,5445311.0,93248171.0,15541361.833333336,35129087.7557913,87220486.0,5766.0,90,9,18,70,7,28,0.07555393691039754,0.05876417315253143,37.5625,7,282,77.51642299108838,6008.795833333334,36.5625,6,281,77.51642299108838,6008.795833333334,33.6875,2,277,77.12649242208109,5948.4958333333325,862008.8571428572,2280661.063935004,6034062.0,0.0,14720956.285714285,10274603.296191877,33975027.0,5445311.0,1,11,16,MASTER,1,129,0,0,0,9,7,REPLAY
49,49,192.168.1.2-192.168.1.3-40837-20000,192.168.1.2,192.168.1.3,40837,20000,6, 18/05/2020  20:21:59 ,118948447.0,8,11,73,65,49,965,954,910,17,8,9.125,3.181980515339464,16,7,8.125,3.181980515339464,14,5,6.125,3.181980515339464,282,7,87.72727272727273,116.91286576685295,281,6,86.72727272727273,116.91286576685295,277,2,82.72727272727273,116.91286576685295,8.726469543566214,8.566736478703247,8.062316273872831,0.15973306486296535,6608247.055555556,8606202.915249657,36819009.0,10275.0,111937166.0,15991023.714285715,11276389.90035868,36819009.0,3981833.0,115434884.0,11543488.4,19134748.196597207,56817656.0,10275.0,80,8,16,110,11,44,0.06725602731072226,0.09247703755224312,54.631578947368425,7,282,95.85070018078218,9187.3567251462,53.631578947368425,6,281,95.85070018078218,9187.3567251462,50.47368421052632,2,277,95.43314612919852,9107.48538011696,2192606.375,3598632.7448541955,10045455.0,0.0,12554016.875,10193361.408729233,36819009.0,6035820.0,1,11,19,MASTER,1,129,0,0,0,8,11,REPLAY
50,50,192.168.1.2-192.168.1.3-40837-20000,192.168.1.2,192.168.1.3,40837,20000,6, 18/05/2020  20:24:04 ,112287195.0,8,9,73,65,49,2457,2448,2412,17,8,9.125,3.181980515339464,16,7,8.125,3.181980515339464,14,5,6.125,3.181980515339464,963,7,273.0,282.12452924196435,962,6,272.0,282.12452924196435,958,2,268.0,282.12452924196435,22.53150949224441,22.3801119976325,21.91701377881957,0.151397494611919,7017949.6875,6627978.217196037,20286106.0,6313.0,112287195.0,16041027.857142854,6314698.753005995,25449942.0,9001032.0,36953353.0,4619169.125,8612407.07482441,22157274.0,6313.0,80,8,16,90,9,36,0.07124587981737365,0.08015161479454537,148.82352941176467,7,963,241.3152075849442,58233.02941176471,147.82352941176467,6,962,241.3152075849442,58233.02941176471,144.7647058823529,2,958,240.73780587284287,57954.69117647057,525766.6666666665,1396796.98122356,4239656.0,0.0,11950588.333333336,4260291.860461205,20286106.0,7031320.0,1,11,17,MASTER,1,129,0,0,0,8,9,REPLAY
51,51,192.168.1.3-192.168.1.2-20000-40837,192.168.1.3,192.168.1.2,20000,40837,6, 18/05/2020  20:26:05 ,96044841.0,5,4,35,30,10,32,28,20,7,7,7.0,0.0,6,6,6.0,0.0,2,2,2.0,0.0,8,8,8.0,0.0,7,7,7.0,0.0,5,5,5.0,0.0,0.6975908263516204,0.6038845959461789,0.31235410135147185,0.09370623040544156,12005605.125,18417739.051458225,56958385.0,2007114.0,81975790.0,20493947.5,30118037.083456203,65002653.0,2007114.0,39086456.0,13028818.666666664,5017815.718923559,18094798.0,8060595.0,50,5,20,40,4,8,0.05205901689191197,0.04164721351352958,7.444444444444445,7,8,0.5270462766947298,0.2777777777777777,6.4444444444444455,6,7,0.5270462766947298,0.2777777777777777,3.333333333333333,2,5,1.5811388300841898,2.5,1384521.4,3095883.966703177,6922607.0,0.0,17824446.8,21923168.33496449,56958385.0,6008456.0,11,1,9,OUTSTATION,1,129,0,0,0,4,5,REPLAY
52,52,192.168.1.2-192.168.1.3-40837-20000,192.168.1.2,192.168.1.3,40837,20000,6, 18/05/2020  20:28:14 ,81273950.0,6,4,66,60,48,1022,1018,1002,17,8,11.0,4.6475800154489,16,7,10.0,4.6475800154489,14,5,8.0,4.6475800154489,282,176,255.5,53.0,281,175,254.5,53.0,277,171,250.5,53.0,13.386823207190005,13.263782552712154,12.919268720174177,0.1230406544778493,9030438.888888888,13479519.57201279,39398655.0,6154.0,81273950.0,16254790.0,14968716.036674587,39398655.0,2514525.0,226869.0,75623.0,108512.21602658383,200665.0,6154.0,60,6,12,40,4,16,0.07382439268670958,0.04921626179113972,108.8,8,282,129.96050682162382,16889.73333333333,107.8,7,281,129.96050682162382,16889.73333333333,105.0,5,277,128.95735729302152,16630.0,3342149.333333333,5788772.451815784,10026448.0,0.0,23749167.33333333,15207237.728353905,39398655.0,9026581.0,1,11,10,MASTER,1,129,0,0,0,6,4,REPLAY
53,53,192.168.1.2-192.168.1.3-40837-20000,192.168.1.2,192.168.1.3,40837,20000,6, 18/05/2020  20:30:32 ,112201308.0,8,3,73,65,49,21,18,6,17,8,9.125,3.181980515339464,16,7,8.125,3.181980515339464,14,5,6.125,3.181980515339464,7,7,7.0,0.0,6,6,6.0,0.0,2,2,2.0,0.0,0.8377798946871458,0.7397418219046074,0.4901903639126917,0.09803807278253833,11220130.8,12968727.09295267,44491397.0,1005146.0,111196162.0,15885166.0,15511984.723790204,44491397.0,4972177.0,49559891.0,24779945.5,19457507.502491694,38538481.0,11021410.0,80,8,16,30,3,12,0.07130041656911879,0.026737656213419544,8.545454545454545,7,17,2.8412545244534626,8.072727272727272,7.545454545454546,6,16,2.8412545244534617,8.072727272727269,5.0,2,14,3.286335345030997,10.8,1833686.333333333,4491595.864981695,11002118.0,0.0,16699007.333333336,14526942.719163088,44491397.0,6533364.0,1,11,11,MASTER,1,129,0,0,0,8,3,REPLAY
54,54,192.168.1.2-192.168.1.3-40837-20000,192.168.1.2,192.168.1.3,40837,20000,6, 18/05/2020  20:32:33 ,119840793.0,7,3,56,49,35,21,18,6,8,8,8.0,0.0,7,7,7.0,0.0,5,5,5.0,0.0,7,7,7.0,0.0,6,6,6.0,0.0,2,2,2.0,0.0,0.6425191128366449,0.5590750722085092,0.34212056657535633,0.0834440406281357,13315643.666666664,14379713.253894025,48002827.0,83402.0,109788714.0,18298119.0,17664767.708542854,48002827.0,83402.0,90021710.0,45010855.0,34024269.94071332,69069647.0,20952063.0,70,7,14,30,3,12,0.05841082843969499,0.02503321218844071,7.7,7,8,0.48304589153964794,0.2333333333333333,6.7,6,7,0.48304589153964794,0.2333333333333333,4.1,2,5,1.4491376746189435,2.1,41495.57142857143,79350.97033193134,207067.0,0.0,17078617.714285713,14190151.56473787,48002827.0,9033100.0,1,11,10,MASTER,1,129,0,0,0,7,3,REPLAY
55,55,192.168.1.2-192.168.1.3-40837-20000,192.168.1.2,192.168.1.3,40837,20000,6, 18/05/2020  20:34:37 ,119608276.0,5,11,40,35,25,521,510,466,8,8,8.0,0.0,7,7,7.0,0.0,5,5,5.0,0.0,282,7,47.36363636363637,92.87870878438473,281,6,46.36363636363637,92.87870878438473,277,2,42.36363636363637,92.87870878438473,4.690310894540442,4.5565408868530115,4.105067110907944,0.13377000768742792,7973885.066666666,16388375.021347167,64914436.0,7359.0,116738856.0,29184714.0,42603277.73350634,92972921.0,4766032.0,49927808.0,4992780.8,5713290.314903095,18016056.0,7359.0,50,5,10,110,11,44,0.04180312740232122,0.09196688028510668,35.0625,7,282,78.14129829993868,6106.0625,34.0625,6,281,78.14129829993868,6106.0625,30.6875,2,277,77.91595365092654,6070.895833333332,2965180.6,4461061.127000705,10042429.0,0.0,20382590.6,25424426.937118463,64914436.0,5027791.0,1,11,16,MASTER,1,129,0,0,0,5,11,REPLAY
56,56,192.168.1.2-192.168.1.3-40837-20000,192.168.1.2,192.168.1.3,40837,20000,6, 18/05/2020  20:36:40 ,112338142.0,5,7,40,35,25,493,486,458,8,8,8.0,0.0,7,7,7.0,0.0,5,5,5.0,0.0,282,7,70.42857142857143,112.56384431787608,281,6,69.42857142857143,112.56384431787608,277,2,65.42857142857143,112.56384431787608,4.744604018820251,4.637783665676079,4.299519214052872,0.10682035314417074,10212558.363636363,9920001.584704325,33026829.0,8387.0,103938629.0,25984657.25,25176839.45749577,62938588.0,9956717.0,97401951.0,16233658.5,20523297.581624124,52473918.0,8387.0,50,5,10,70,7,28,0.04450848047673781,0.062311872667432926,44.41666666666666,7,282,89.13264714950851,7944.628787878785,43.41666666666666,6,281,89.13264714950851,7944.628787878785,40.25,2,277,88.76641973588477,7879.477272727273,506722.7142857143,1336967.6199732379,3538672.0,0.0,15540175.0,8481244.504860455,33026829.0,8389655.0,1,11,12,MASTER,1,129,0,0,0,5,7,REPLAY
57,57,192.168.1.2-192.168.1.3-40837-20000,192.168.1.2,192.168.1.3,40837,20000,6, 18/05/2020  20:39:06 ,98855146.0,5,1,67,62,52,7,6,2,17,8,13.4,4.9295030175464944,16,7,12.4,4.9295030175464944,14,5,10.4,4.9295030175464944,7,7,7.0,-1.0,6,6,6.0,-1.0,2,2,2.0,-1.0,0.7485700339767846,0.6878751663570453,0.5462538085776536,0.06069486761973929,19771029.2,24633904.24593169,62000119.0,949916.0,98855146.0,24713786.5,25520981.38720645,62000119.0,7458649.0,0.0,0.0,0.0,0.0,0.0,50,5,10,10,1,4,0.050579056349782735,0.010115811269956549,12.333333333333336,7,17,5.125101625008685,26.266666666666666,11.333333333333336,6,16,5.125101625008685,26.266666666666666,9.0,2,14,5.585696017507575,31.2,237479.0,474958.0,949916.0,0.0,24476307.5,25719798.31428121,62000119.0,7458649.0,1,11,6,MASTER,1,129,0,0,0,5,1,REPLAY
58,58,192.168.1.2-192.168.1.3-40837-20000,192.168.1.2,192.168.1.3,40837,20000,6, 18/05/2020  20:41:15 ,118996562.0,4,8,68,64,56,1422,1414,1382,35,8,17.0,12.727922061357855,34,7,16.0,12.727922061357855,32,5,14.0,12.727922061357855,282,7,177.75,114.25754117031276,281,6,176.75,114.25754117031276,277,2,172.75,114.25754117031276,12.521370155215072,12.420526905642872,12.084382740402198,0.10084324957220192,10817869.272727273,12593419.009709055,37604212.0,6485.0,79048052.0,26349350.66666667,17035499.29289216,44022938.0,10033154.0,108553044.0,15507577.714285715,28543967.86843941,77842922.0,6485.0,40,4,8,80,8,32,0.03361441652406731,0.06722883304813462,124.16666666666669,7,282,120.89727670692801,14616.151515151514,123.16666666666669,6,281,120.89727670692801,14616.151515151514,119.83333333333331,2,277,120.2549060298266,14461.242424242424,100638.0,171219.57486903574,388753.0,0.0,16898870.85714286,12069279.466915365,37604212.0,6029973.0,1,11,12,MASTER,1,129,0,0,0,4,8,REPLAY
59,59,192.168.1.3-192.168.1.2-20000-40837,192.168.1.3,192.168.1.2,20000,40837,6, 18/05/2020  20:43:16 ,119463559.0,25,10,1541,1516,1416,98,88,68,485,7,61.64,122.85115655404579,484,6,60.64,122.85115655404579,480,2,56.64,122.85115655404579,17,8,9.8,3.794733192202056,16,7,8.8,3.794733192202056,14,5,6.8,3.794733192202056,13.719664923091733,13.426688551945784,12.422198136588245,0.2929763711459492,3513634.088235294,3818039.379809647,15523336.0,7049.0,110940351.0,4622514.625,8623936.937559247,35565565.0,7049.0,111446080.0,12382897.777777778,6716436.162519557,21053687.0,1969473.0,250,25,100,100,10,20,0.20926883653282088,0.08370753461312834,46.828571428571436,7,485,105.93324360577436,11221.852100840337,45.828571428571436,6,484,105.93324360577436,11221.852100840337,42.4,2,480,105.73140220277372,11179.129411764705,4021846.111111112,6947907.031010534,20359910.0,0.0,9033052.333333334,3116636.2992601087,15523336.0,5114059.0,11,1,35,OUTSTATION,1,129,0,0,0,10,25,REPLAY
60,60,192.168.1.2-192.168.1.3-40837-20000,192.168.1.2,192.168.1.3,40837,20000,6, 18/05/2020  20:45:26 ,102012748.0,4,6,41,37,29,930,924,900,17,8,10.25,4.5,16,7,9.25,4.5,14,5,7.25,4.5,282,7,155.0,124.05482658889171,281,6,154.0,124.05482658889171,277,2,150.0,124.05482658889171,9.518418227494472,9.420391263256628,9.106704977695532,0.09802696423784213,11334749.777777778,10811386.064433526,32963092.0,9923.0,89023863.0,29674621.0,20195230.98261965,48023805.0,8036966.0,91958562.0,18391712.4,29180834.60718992,67993225.0,9923.0,40,4,8,60,6,24,0.03921078569513685,0.05881617854270527,97.1,7,282,118.92803613016476,14143.877777777781,96.1,6,281,118.92803613016476,14143.877777777781,92.9,2,277,118.28163189795973,13990.544444444444,378634.83333333326,805258.0115218766,2008209.0,0.0,16621836.0,9268898.995224126,32963092.0,8036966.0,1,11,10,MASTER,1,129,0,0,0,4,6,REPLAY
61,61,192.168.1.2-192.168.1.3-40837-20000,192.168.1.2,192.168.1.3,40837,20000,6, 18/05/2020  20:47:45 ,82999657.0,6,8,66,60,48,331,323,291,17,8,11.0,4.6475800154489,16,7,10.0,4.6475800154489,14,5,8.0,4.6475800154489,282,7,41.375,97.22718241315027,281,6,40.375,97.22718241315027,277,2,36.375,97.22718241315027,4.7831522966414175,4.614476900790084,4.084354228114461,0.16867539585133468,6384589.0,8995080.633870939,29493699.0,197717.0,82999657.0,16599931.4,18571885.949259333,49715194.0,6161185.0,52705179.0,7529311.285714285,16756591.292557672,45455985.0,415741.0,60,6,12,80,8,32,0.07228945536485773,0.09638594048647696,28.357142857142854,7,282,73.08752092037132,5341.785714285715,27.357142857142854,6,281,73.08752092037132,5341.785714285715,24.214285714285715,2,277,72.87521322985411,5310.796703296704,1806855.6,4040251.9471261688,9034278.0,0.0,14793075.8,9852580.858355094,29493699.0,6161185.0,1,11,14,MASTER,1,129,0,0,0,6,8,REPLAY
62,62,192.168.1.3-192.168.1.2-20000-40837,192.168.1.3,192.168.1.2,20000,40837,6, 18/05/2020  20:49:51 ,86018819.0,4,3,472,468,452,33,30,24,282,7,118.0,135.27995663314897,281,6,117.0,135.27995663314897,277,2,113.0,135.27995663314897,17,8,11.0,5.196152422706632,16,7,10.0,5.196152422706632,14,5,8.0,5.196152422706632,5.870808340207508,5.789430798858096,5.533672811759948,0.081377541349411,14336469.833333336,11423924.381148035,30970553.0,5107.0,86018819.0,28672939.66666667,28487266.76649861,56976140.0,5107.0,62000005.0,31000002.5,14181674.913614558,41027961.0,20972044.0,40,4,16,30,3,6,0.04650145219966343,0.034876089149747574,72.14285714285714,7,282,111.49204541345621,12430.476190476189,71.14285714285714,6,281,111.49204541345621,12430.476190476189,68.0,2,277,110.94743500114521,12309.333333333336,1021.4,2283.919832218285,5107.0,0.0,17202742.4,10075523.417398287,30970553.0,5033543.0,11,1,7,OUTSTATION,1,129,0,0,0,3,4,REPLAY
63,63,192.168.1.2-192.168.1.3-40837-20000,192.168.1.2,192.168.1.3,40837,20000,6, 18/05/2020  20:52:14 ,78389180.0,5,3,67,62,52,21,18,6,17,8,13.4,4.929503017546495,16,7,12.4,4.929503017546495,14,5,10.4,4.929503017546495,7,7,7.0,0.0,6,6,6.0,0.0,2,2,2.0,0.0,1.1226039103866121,1.0205490094423746,0.7398980318457216,0.10205490094423746,11198454.285714284,14880929.008195901,44031958.0,596159.0,70627782.0,17656945.5,17658597.538853165,44031958.0,7000116.0,8357557.0,4178778.5,1421657.275458646,5184042.0,3173515.0,50,5,10,30,3,12,0.06378431309014841,0.03827058785408905,11.0,7,17,4.9856938190329005,24.857142857142854,10.0,6,16,4.9856938190329005,24.857142857142854,7.25,2,14,5.725881092523166,32.785714285714285,634703.0,1419239.053523049,3173515.0,0.0,15043133.0,16340230.382586135,44031958.0,5184042.0,1,11,8,MASTER,1,129,0,0,0,5,3,REPLAY
64,64,192.168.1.2-192.168.1.3-40837-20000,192.168.1.2,192.168.1.3,40837,20000,6, 18/05/2020  20:54:18 ,104034945.0,6,10,75,69,57,1402,1392,1352,17,8,12.5,4.929503017546495,16,7,11.5,4.929503017546495,14,5,9.5,4.929503017546495,282,7,140.2,122.5359811103117,281,6,139.2,122.5359811103117,277,2,135.2,122.5359811103117,14.197152697105766,14.043358219682819,13.543526168058245,0.1537944774229467,6935663.0,7721069.385654332,24989923.0,9165.0,101212778.0,20242555.6,14425216.15260937,37000288.0,4204836.0,95977548.0,10664172.0,13361365.847543215,35023725.0,9165.0,60,6,12,100,10,40,0.05767292903360501,0.09612154838934167,92.3125,7,282,114.42885344177841,13093.9625,91.3125,6,281,114.42885344177841,13093.9625,88.0625,2,277,113.87388857854992,12967.2625,649883.0,931713.3528444608,1977789.0,0.0,13208394.42857143,7122173.362977971,24989923.0,5025759.0,1,11,16,MASTER,1,129,0,0,0,6,10,REPLAY
65,65,192.168.1.3-192.168.1.2-20000-40837,192.168.1.3,192.168.1.2,20000,40837,6, 18/05/2020  20:56:27 ,119048728.0,4,6,472,468,452,210,204,192,282,7,118.0,135.27995663314897,281,6,117.0,135.27995663314897,277,2,113.0,135.27995663314897,80,8,35.0,35.08845964131227,79,7,34.0,35.08845964131227,77,5,32.0,35.08845964131227,5.72874663557934,5.644747418048851,5.4095496089634825,0.08399921753048886,13227636.444444446,14430583.754045462,42661623.0,10769.0,119048728.0,39682909.333333336,34124750.376014724,60984888.0,323596.0,112687894.0,22537578.8,14972185.288302895,42661623.0,7871638.0,40,4,16,60,6,12,0.033599687012195546,0.050399530518293316,68.2,7,282,92.85089600477149,8621.28888888889,67.2,6,281,92.85089600477149,8621.28888888889,64.4,2,277,92.37868922117384,8533.822222222221,47766.428571428565,126378.09101773027,334365.0,0.0,16959194.714285713,14301878.927701233,42661623.0,6026469.0,11,1,10,OUTSTATION,1,129,0,0,0,6,4,REPLAY
66,66,192.168.1.3-192.168.1.2-20000-40837,192.168.1.3,192.168.1.2,20000,40837,6, 18/05/2020  20:59:00 ,114499940.0,12,8,2372,2360,2312,82,74,58,946,7,197.66666666666663,280.64352456236696,945,6,196.66666666666663,280.64352456236696,941,2,192.66666666666663,280.64352456236696,17,8,10.25,4.166190448976482,16,7,9.25,4.166190448976482,14,5,7.25,4.166190448976482,21.43232564139335,21.257653060778896,20.69870080281265,0.17467258061445273,6026312.631578947,8646179.71874978,31966955.0,4070.0,112488640.0,10226240.0,14679510.1181543,39670321.0,4070.0,89025647.0,12717949.57142857,12418994.58451974,39423174.0,2902755.0,120,12,48,80,8,16,0.10480354836867163,0.06986903224578109,122.7,7,946,233.40615154478547,54478.43157894736,121.7,6,945,233.40615154478547,54478.43157894736,118.5,2,941,233.00225885509983,54290.05263157895,567191.375,1014400.2335081606,2902755.0,0.0,12813273.75,9994793.591288857,31966955.0,6649873.0,11,1,20,OUTSTATION,1,129,0,0,0,8,12,REPLAY
67,67,192.168.1.2-192.168.1.3-40837-20000,192.168.1.2,192.168.1.3,40837,20000,6, 18/05/2020  21:01:02 ,113976993.0,8,11,82,74,58,1515,1504,1460,17,8,10.25,4.166190448976482,16,7,9.25,4.166190448976482,14,5,7.25,4.166190448976482,282,7,137.72727272727272,131.00999267925397,281,6,136.72727272727272,131.00999267925397,277,2,132.72727272727272,131.00999267925397,14.011599691878171,13.84489938245695,13.318477352705735,0.16670030942121802,6332055.166666668,6474568.3809892265,19818720.0,5688.0,113976993.0,16282427.57142857,9183043.10643915,29002914.0,3338770.0,88317992.0,8831799.2,9991349.473375963,24052362.0,5688.0,80,8,16,110,11,44,0.07018960396682865,0.0965107054543894,84.05263157894737,7,282,117.14733063976914,13723.497076023392,83.05263157894737,6,281,117.14733063976914,13723.497076023392,79.89473684210526,2,277,116.59040113760182,13593.321637426905,1231616.111111111,3136928.3427668717,9514877.0,0.0,11432494.222222222,5293714.411860537,19818720.0,6376756.0,1,11,19,MASTER,1,129,0,0,0,8,11,REPLAY
68,68,192.168.1.2-192.168.1.3-40837-20000,192.168.1.2,192.168.1.3,40837,20000,6, 18/05/2020  21:03:05 ,94001884.0,5,4,40,35,25,489,485,469,8,8,8.0,0.0,7,7,7.0,0.0,5,5,5.0,0.0,468,7,122.25,230.5,467,6,121.25,230.5,463,2,117.25,230.5,5.6275467840623286,5.531804022140663,5.255213821033629,0.09574276192166532,11750235.5,16360397.698504232,42004175.0,6045.0,94001884.0,23500471.0,16609574.22093898,42004175.0,8027959.0,32495887.0,10831962.333333334,18386572.661544465,32061548.0,6045.0,50,5,10,40,4,16,0.05319042328981406,0.04255233863185125,58.77777777777778,7,468,153.45909697520202,23549.694444444438,57.77777777777778,6,467,153.45909697520202,23549.694444444438,54.88888888888889,2,463,153.04855801709178,23423.861111111102,226590.5,262082.28489604808,471733.0,0.0,23273880.5,16442709.96080116,42004175.0,8027959.0,1,11,9,MASTER,1,129,0,0,0,5,4,REPLAY
69,69,192.168.1.2-192.168.1.3-40837-20000,192.168.1.2,192.168.1.3,40837,20000,6, 18/05/2020  21:05:31 ,109324205.0,10,7,98,88,68,49,42,14,17,8,9.8,3.794733192202056,16,7,8.8,3.794733192202056,14,5,6.8,3.794733192202056,7,7,7.0,0.0,6,6,6.0,0.0,2,2,2.0,0.0,1.3446244589658805,1.1891236711943158,0.7500626233687224,0.1555007877715644,6832762.8125,5581177.153902023,15977781.0,24728.0,94303725.0,10478191.666666666,4446422.729081154,15977781.0,3260513.0,90284999.0,15047499.833333336,17038881.144354653,46205999.0,2005876.0,100,10,20,70,7,28,0.09147105163033198,0.0640297361412324,8.647058823529411,7,17,3.1808249022578288,10.117647058823527,7.647058823529411,6,16,3.1808249022578288,10.117647058823527,4.823529411764706,2,14,3.7455856370807865,14.029411764705882,1777908.625,3553282.292124482,10292941.0,0.0,11385391.625,4191013.0096120792,15977781.0,5033545.0,1,11,17,MASTER,1,129,0,0,0,10,7,REPLAY
70,70,192.168.1.2-192.168.1.3-40837-20000,192.168.1.2,192.168.1.3,40837,20000,6, 18/05/2020  21:07:36 ,99040887.0,8,6,100,92,76,1886,1880,1856,17,8,12.5,4.810702354423639,16,7,11.5,4.810702354423639,14,5,9.5,4.810702354423639,946,7,314.3333333333333,355.4448855542399,945,6,313.3333333333333,355.4448855542399,941,2,309.3333333333333,355.4448855542399,20.05232445060796,19.910968689123308,19.50709508488146,0.14135576148464826,7618529.769230769,7568163.03232339,24243384.0,34238.0,93405856.0,13343693.714285715,10175135.067081776,30066225.0,3901216.0,65998703.0,13199740.6,18531625.47706776,40046369.0,34238.0,80,8,16,60,6,24,0.08077472084837044,0.06058104063627784,141.85714285714286,7,946,269.50406223365087,72632.43956043955,140.85714285714286,6,945,269.50406223365087,72632.43956043955,138.0,2,941,268.91462757365383,72315.07692307692,1117403.625,1883043.6597889632,4402775.0,0.0,11262707.25,7486132.174563496,24243384.0,5635031.0,1,11,14,MASTER,1,129,0,0,0,8,6,REPLAY
71,71,192.168.1.3-192.168.1.2-20000-40837,192.168.1.3,192.168.1.2,20000,40837,6, 18/05/2020  21:09:38 ,118709430.0,7,6,954,947,919,75,69,57,282,7,136.28571428571428,123.59707963879283,281,6,135.28571428571428,123.59707963879283,277,2,131.28571428571428,123.59707963879283,35,8,12.5,11.0227038425243,34,7,11.5,11.0227038425243,32,5,9.5,11.0227038425243,8.66822458839201,8.558713490579478,8.221756266540915,0.10951109781253268,9892452.5,10005341.086743988,27623102.0,4715.0,117535626.0,19589271.0,35808408.04268844,90338827.0,4715.0,91031210.0,18206242.0,11989594.126928505,34436415.0,8031224.0,70,7,28,60,6,12,0.05896751420674836,0.05054358360578432,79.15384615384616,7,282,108.69287476942095,11814.141025641024,78.15384615384616,6,281,108.69287476942095,11814.141025641024,75.07692307692308,2,277,108.08288604774694,11681.910256410256,575420.1428571428,1498254.6622438643,3972823.0,0.0,16215383.57142857,8344721.547010099,27623102.0,6857420.0,11,1,13,OUTSTATION,1,129,0,0,0,6,7,REPLAY
72,72,192.168.1.2-192.168.1.3-40837-20000,192.168.1.2,192.168.1.3,40837,20000,6, 18/05/2020  21:12:35 ,98095083.0,9,15,81,72,54,105,90,30,17,8,9.0,3.0,16,7,8.0,3.0,14,5,6.0,3.0,7,7,7.0,0.0,6,6,6.0,0.0,2,2,2.0,0.0,1.8961195027481648,1.651458921748402,0.8563120334991714,0.2446605809997633,4265003.608695652,4793286.967851543,16998073.0,10444.0,98095083.0,12261885.375,6802682.7470681835,21119212.0,2920732.0,67010503.0,4786464.5,8336684.970685565,31146086.0,10444.0,90,9,18,150,15,60,0.09174771787491122,0.15291286312485206,7.75,7,17,2.0269917740765293,4.108695652173913,6.75,6,16,2.0269917740765293,4.108695652173913,3.5,2,14,2.653955210788149,7.043478260869565,3402070.4285714286,4393644.04861359,9979255.0,0.0,10611512.857142856,3609029.14499525,16998073.0,5027663.0,1,11,24,MASTER,1,129,0,0,0,9,15,REPLAY
73,73,192.168.1.2-192.168.1.3-40837-20000,192.168.1.2,192.168.1.3,40837,20000,6, 18/05/2020  21:14:38 ,86014642.0,3,5,33,30,24,923,918,898,17,8,11.0,5.196152422706632,16,7,10.0,5.196152422706632,14,5,8.0,5.196152422706632,282,7,184.6,112.54243644066001,281,6,183.6,112.54243644066001,277,2,179.6,112.54243644066001,11.114386780799483,11.021379360039656,10.719105242570214,0.09300742075982832,12287806.0,15491291.558393896,43070136.0,13545.0,61999860.0,30999930.0,17069849.025837105,43070136.0,18929724.0,15986231.0,3996557.75,7190116.51754997,14751097.0,13545.0,30,3,6,50,5,20,0.03487778278493562,0.0581296379748927,119.5,7,282,123.76475381026009,15317.714285714286,118.5,6,281,123.76475381026009,15317.714285714286,115.25,2,277,123.01538811988407,15132.785714285714,305397.25,610794.5,1221589.0,0.0,21194877.0,15259230.162507825,43070136.0,8028551.0,1,11,8,MASTER,1,129,0,0,0,3,5,REPLAY
74,74,192.168.1.2-192.168.1.3-40837-20000,192.168.1.2,192.168.1.3,40837,20000,6, 18/05/2020  21:16:42 ,67036461.0,2,3,16,14,10,465,462,450,8,8,8.0,0.0,7,7,7.0,0.0,5,5,5.0,0.0,282,7,155.0,138.69751259485514,281,6,154.0,138.69751259485514,277,2,150.0,138.69751259485514,7.175199776730458,7.100613500465068,6.861937416415821,0.07458627626538937,16759115.25,17683367.488733348,39381490.0,596725.0,61999807.0,61999807.0,-1.0,61999807.0,61999807.0,45014869.0,22507434.5,30986422.53611701,44418144.0,596725.0,20,2,4,30,3,12,0.02983451050615575,0.04475176575923362,96.2,7,282,126.8905039788242,16101.2,95.2,6,281,126.8905039788242,16101.2,92.0,2,277,126.19825672330026,15926.0,198908.33333333328,344519.33938217943,596725.0,0.0,22146578.666666668,17172759.132325165,39381490.0,5036654.0,1,11,5,MASTER,1,129,0,0,0,2,3,REPLAY
75,75,192.168.1.2-192.168.1.3-40837-20000,192.168.1.2,192.168.1.3,40837,20000,6, 18/05/2020  21:18:46 ,62000075.0,2,0,16,14,10,0,0,0,8,8,8.0,0.0,7,7,7.0,0.0,5,5,5.0,0.0,0,0,0.0,0.0,0,0,0.0,0.0,0,0,0.0,0.0,0.25806420395459195,0.225806178460268,0.16129012747162,0.032258025494323994,62000075.0,-1.0,62000075.0,62000075.0,62000075.0,62000075.0,-1.0,62000075.0,62000075.0,0.0,0.0,0.0,0.0,0.0,20,2,4,0,0,0,0.032258025494323994,0.0,8.0,8,8,0.0,0.0,7.0,7,7,0.0,0.0,5.0,5,5,0.0,0.0,0.0,-1.0,0.0,0.0,62000075.0,-1.0,62000075.0,62000075.0,1,11,2,MASTER,1,0,0,0,0,2,0,REPLAY
76,76,192.168.1.3-192.168.1.2-20000-40837,192.168.1.3,192.168.1.2,20000,40837,6, 18/05/2020  21:20:50 ,118341644.0,8,6,56,48,16,66,60,48,7,7,7.0,0.0,6,6,6.0,0.0,2,2,2.0,0.0,26,8,11.0,7.3484692283495345,25,7,10.0,7.3484692283495345,23,5,8.0,7.3484692283495345,1.0309135134205163,0.9126119627001296,0.5408070890074841,0.11830155072038714,9103203.384615384,14547862.41766205,53548693.0,232180.0,118341644.0,16905949.14285714,41227223.95630677,110386933.0,466012.0,100605152.0,20121030.4,19288299.83140473,53548693.0,7323597.0,80,8,32,60,6,12,0.06760088612593551,0.05070066459445163,8.714285714285714,7,26,4.998900978116189,24.989010989011003,7.7142857142857135,6,25,4.998900978116189,24.989010989011003,4.571428571428571,2,23,5.5012486095191395,30.263736263736266,1004110.6666666664,2459558.7786191786,6024664.0,0.0,18397822.166666668,17735243.30811249,53548693.0,7323597.0,11,1,14,OUTSTATION,1,129,0,0,0,6,8,REPLAY
77,77,192.168.1.3-192.168.1.2-20000-40837,192.168.1.3,192.168.1.2,20000,40837,6, 18/05/2020  21:22:51 ,96227187.0,11,5,77,66,22,85,80,70,7,7,7.0,0.0,6,6,6.0,0.0,2,2,2.0,0.0,35,8,17.0,11.0227038425243,34,7,16.0,11.0227038425243,32,5,14.0,11.0227038425243,1.6835159069962211,1.5172427309965946,0.956070761997854,0.1662731759996268,6415145.8,11102213.35526041,45213745.0,471281.0,91217066.0,9121706.6,16510960.47663742,54221058.0,1481378.0,81822533.0,20455633.25,27293425.57997518,61257033.0,4017826.0,110,11,44,50,5,10,0.11431280849974346,0.05196036749988337,10.125,7,35,7.437517506982196,55.31666666666667,9.125,6,34,7.437517506982196,55.31666666666667,5.75,2,32,8.087026647662293,65.4,3989877.4,3760425.831758792,8033158.0,0.0,15255560.0,16827622.63721183,45213745.0,5010121.0,11,1,16,OUTSTATION,1,129,0,0,0,5,11,REPLAY
78,78,192.168.1.2-192.168.1.3-40837-20000,192.168.1.2,192.168.1.3,40837,20000,6, 18/05/2020  21:24:53 ,106200728.0,6,0,102,96,84,0,0,0,35,8,17.0,9.85900603509299,34,7,16.0,9.85900603509299,32,5,14.0,9.85900603509299,0,0,0.0,0.0,0,0,0.0,0.0,0,0,0.0,0.0,0.9604453935570008,0.9039486057007068,0.7909550299881184,0.056496787856294174,21240145.6,21798452.64847375,55949374.0,6050513.0,106200728.0,21240145.6,21798452.64847375,55949374.0,6050513.0,0.0,0.0,0.0,0.0,0.0,60,6,12,0,0,0,0.056496787856294174,0.0,17.0,8,35,9.85900603509299,97.2,16.0,7,34,9.85900603509299,97.2,14.0,5,32,9.85900603509299,97.2,0.0,0.0,0.0,0.0,21240145.6,21798452.64847375,55949374.0,6050513.0,1,11,6,MASTER,1,0,0,0,0,6,0,REPLAY
79,79,192.168.1.3-192.168.1.2-20000-40837,192.168.1.3,192.168.1.2,20000,40837,6, 18/05/2020  21:26:56 ,111627910.0,3,8,465,462,450,100,92,76,282,7,155.0,138.69751259485514,281,6,154.0,138.69751259485514,277,2,150.0,138.69751259485514,35,8,12.5,9.621404708847278,34,7,11.5,9.621404708847278,32,5,9.5,9.621404708847278,5.061458196252174,4.962916532254344,4.712083205714413,0.09854166399782993,11162791.0,11317550.228551066,38882398.0,739533.0,75661152.0,37830576.0,52454656.05316365,74921619.0,739533.0,72005979.0,10286568.42857143,6147559.595780938,23229272.0,6093434.0,30,3,12,80,8,16,0.02687499927213544,0.0716666647256945,51.36363636363637,7,282,91.33813303026588,8342.654545454545,50.36363636363637,6,281,91.33813303026588,8342.654545454545,47.81818181818182,2,277,90.65960311165958,8219.163636363635,82170.33333333331,246511.0,739533.0,0.0,12320930.777777778,11358183.126845054,38882398.0,5033188.0,11,1,11,OUTSTATION,1,129,0,0,0,8,3,REPLAY
80,80,192.168.1.2-192.168.1.3-40837-20000,192.168.1.2,192.168.1.3,40837,20000,6, 18/05/2020  21:29:36 ,95024732.0,6,5,57,51,39,479,474,454,17,8,9.5,3.6742346141747673,16,7,8.5,3.6742346141747673,14,5,6.5,3.6742346141747673,282,7,95.8,127.23875195867019,281,6,94.8,127.23875195867019,277,2,90.8,127.23875195867019,5.640636797586549,5.524877460322645,5.1881230246458365,0.11575933726390306,9502473.2,9051163.968485266,27191059.0,5285.0,84989986.0,16997997.2,13140351.45241105,34216041.0,4313685.0,44481865.0,11120466.25,13099175.264896065,26025541.0,8445.0,60,6,12,50,5,20,0.06314145668940166,0.05261788057450138,48.72727272727273,7,282,92.27035375362007,8513.818181818182,47.72727272727273,6,281,92.27035375362007,8513.818181818182,44.81818181818182,2,277,91.76471890854151,8420.763636363636,758868.0,1743907.2676487132,4313685.0,0.0,15078587.333333336,7175518.880272691,27191059.0,6990140.0,1,11,11,MASTER,1,129,0,0,0,6,5,REPLAY
81,81,192.168.1.3-192.168.1.2-20000-40837,192.168.1.3,192.168.1.2,20000,40837,6, 18/05/2020  21:31:45 ,79981988.0,6,4,1374,1368,1344,50,46,38,282,176,229.0,58.05859109554761,281,175,228.0,58.05859109554761,277,171,224.0,58.05859109554761,17,8,12.5,5.196152422706632,16,7,11.5,5.196152422706632,14,5,9.5,5.196152422706632,17.804008572530105,17.678980422442116,17.278890342160533,0.1250281500879923,8886887.555555556,13926527.238077184,42031980.0,6968.0,68864727.0,13772945.4,29712550.514904965,66913482.0,6968.0,61999910.0,20666636.666666668,18605471.93650022,42031980.0,8033282.0,60,6,24,40,4,8,0.07501689005279538,0.050011260035196924,142.4,8,282,119.92052924054886,14380.933333333334,141.4,7,281,119.92052924054886,14380.933333333334,138.2,5,277,118.95825598362929,14151.066666666668,487811.25,970982.7226830128,1944277.0,0.0,19507685.75,15693782.755699495,42031980.0,6906392.0,11,1,10,OUTSTATION,1,0,0,0,0,4,6,REPLAY
82,82,192.168.1.3-192.168.1.2-20000-40837,192.168.1.3,192.168.1.2,20000,40837,6, 18/05/2020  21:33:54 ,68090345.0,3,3,465,462,450,42,39,33,282,7,155.0,138.69751259485514,281,6,154.0,138.69751259485514,277,2,150.0,138.69751259485514,17,8,14.0,5.196152422706632,16,7,13.0,5.196152422706632,14,5,11.0,5.196152422706632,7.445989589272897,7.357871369281504,7.093516709307318,0.08811821999139527,13618069.0,16496720.386488415,41877791.0,4965.0,18133140.0,9066570.0,12815044.68786785,18128175.0,4965.0,54991128.0,27495564.0,27458582.65907037,46911714.0,8079414.0,30,3,12,30,3,6,0.044059109995697635,0.044059109995697635,84.5,7,282,116.91834757641762,13669.9,83.5,6,281,116.91834757641762,13669.9,80.5,2,277,116.19767639673351,13501.9,1241.25,2482.5,4965.0,0.0,17021345.0,16900901.192899056,41877791.0,5033923.0,11,1,6,OUTSTATION,1,129,0,0,0,3,3,REPLAY
83,83,192.168.1.2-192.168.1.3-40837-20000,192.168.1.2,192.168.1.3,40837,20000,6, 18/05/2020  21:36:11 ,68094079.0,4,1,60,56,48,7,6,2,27,8,15.0,9.055385138137416,26,7,14.0,9.055385138137416,24,5,12.0,9.055385138137416,7,7,7.0,-1.0,6,6,6.0,-1.0,2,2,2.0,-1.0,0.9839328321042422,0.9105050088128808,0.7342782329136136,0.07342782329136135,17023519.75,19634450.519247904,46374339.0,6089610.0,61999870.0,20666623.33333333,22330119.759549305,46374339.0,6089610.0,0.0,0.0,0.0,0.0,0.0,40,4,8,10,1,4,0.05874225863308909,0.014685564658272272,13.4,7,27,8.61974477580398,74.30000000000003,12.4,6,26,8.61974477580398,74.30000000000003,10.0,2,24,9.027735042633894,81.5,0.0,0.0,0.0,0.0,17023519.75,19634450.519247904,46374339.0,6089610.0,1,11,5,MASTER,1,129,0,0,0,4,1,REPLAY
84,84,192.168.1.2-192.168.1.3-40837-20000,192.168.1.2,192.168.1.3,40837,20000,6, 18/05/2020  21:38:17 ,106392616.0,8,7,73,65,49,49,42,14,17,8,9.125,3.181980515339464,16,7,8.125,3.181980515339464,14,5,6.125,3.181980515339464,7,7,7.0,0.0,6,6,6.0,0.0,2,2,2.0,0.0,1.14669612033978,1.0057088924291513,0.5921463572246405,0.14098722791062868,7599472.571428573,8748945.413527822,26489434.0,408935.0,87654163.0,12522023.285714285,11104745.768673046,32505724.0,4230669.0,101357036.0,16892839.333333332,17075505.68067969,34662603.0,408935.0,80,8,16,70,7,28,0.07519318821900196,0.06579403969162671,8.133333333333333,7,17,2.503331114069145,6.266666666666668,7.133333333333334,6,16,2.503331114069145,6.266666666666668,4.2,2,14,3.0983866769659336,9.600000000000003,2837384.0,3835018.2339411112,9043596.0,0.0,14826562.833333336,9326000.937403863,26489434.0,5035580.0,1,11,15,MASTER,1,129,0,0,0,8,7,REPLAY
85,85,192.168.1.2-192.168.1.3-40837-20000,192.168.1.2,192.168.1.3,40837,20000,6, 18/05/2020  21:40:18 ,119379646.0,11,10,88,77,55,70,60,20,8,8,8.0,0.0,7,7,7.0,0.0,5,5,5.0,0.0,7,7,7.0,0.0,6,6,6.0,0.0,2,2,2.0,0.0,1.323508699297031,1.1475993152132484,0.6282478002992236,0.1759093840837826,5968982.3,9083191.588791333,42000354.0,963204.0,119379646.0,11937964.6,13966887.407094978,50009951.0,976907.0,75367026.0,8374114.0,5865381.531476085,19812021.0,2010897.0,110,11,22,100,10,40,0.0921430107105528,0.08376637337322981,7.523809523809524,7,8,0.511766315719159,0.26190476190476186,6.523809523809524,6,7,0.511766315719159,0.26190476190476186,3.571428571428572,2,5,1.5352989471574767,2.3571428571428568,2451669.714285714,3209223.2348369337,9011885.0,0.0,13187098.57142857,12854794.881942455,42000354.0,6317890.0,1,11,21,MASTER,1,129,0,0,0,11,10,REPLAY
86,86,192.168.1.2-192.168.1.3-40837-20000,192.168.1.2,192.168.1.3,40837,20000,6, 18/05/2020  21:42:28 ,112000823.0,7,7,56,49,35,493,486,458,8,8,8.0,0.0,7,7,7.0,0.0,5,5,5.0,0.0,282,7,70.42857142857143,112.56384431787608,281,6,69.42857142857143,112.56384431787608,277,2,65.42857142857143,112.56384431787608,4.901749695178579,4.776750613698615,4.401753369258724,0.12499908147996378,8615447.923076924,9499648.975425096,30004582.0,44015.0,112000823.0,18666803.83333333,11874960.378633345,40034980.0,7000036.0,42999137.0,7166522.833333332,14508862.210540308,36722680.0,44015.0,70,7,14,70,7,28,0.06249954073998189,0.06249954073998189,39.214285714285715,7,282,83.04973354417366,6897.258241758241,38.214285714285715,6,281,83.04973354417366,6897.258241758241,35.214285714285715,2,277,82.65049543471834,6831.1043956043995,1469261.8571428568,3776296.8715759283,10030398.0,0.0,14530855.714285715,9501186.67261044,30004582.0,5027376.0,1,11,14,MASTER,1,129,0,0,0,7,7,REPLAY
87,87,192.168.1.3-192.168.1.2-20000-40837,192.168.1.3,192.168.1.2,20000,40837,6, 18/05/2020  21:44:29 ,115056331.0,7,3,493,486,458,42,39,33,282,7,70.42857142857143,112.56384431787608,281,6,69.42857142857143,112.56384431787608,277,2,65.42857142857143,112.56384431787608,17,8,14.0,5.196152422706632,16,7,13.0,5.196152422706632,14,5,11.0,5.196152422706632,4.649896232133458,4.562982283869282,4.26747485977108,0.08691394826417677,12784036.777777778,20317772.322507244,63748626.0,9511.0,115056331.0,19176055.166666668,24846347.95960262,63758137.0,204441.0,87022901.0,43511450.5,48453241.30891225,77773066.0,9249835.0,70,7,28,30,3,6,0.06083976378492375,0.02607418447925304,53.5,7,282,95.89606642378796,9196.055555555555,52.5,6,281,95.89606642378796,9196.055555555555,49.1,2,277,95.62594952324513,9144.322222222225,845386.8,1773161.4268416737,4012982.0,0.0,22165879.4,24024229.398360826,63748626.0,6061055.0,11,1,10,OUTSTATION,1,129,0,0,0,3,7,REPLAY
88,88,192.168.1.2-192.168.1.3-40837-20000,192.168.1.2,192.168.1.3,40837,20000,6, 18/05/2020  21:46:30 ,119053531.0,7,9,56,49,35,968,959,923,8,8,8.0,0.0,7,7,7.0,0.0,5,5,5.0,0.0,282,7,107.55555555555556,124.19954821889564,281,6,106.55555555555556,124.19954821889564,277,2,102.55555555555556,124.19954821889564,8.601172862315188,8.466779536341512,8.046800392673779,0.13439332597367482,7936902.066666666,9709782.126873676,31005899.0,7044.0,95512747.0,15918791.166666664,11815198.881938355,31171143.0,6897524.0,90155445.0,11269430.625,28631412.97967299,82072567.0,7044.0,70,7,14,90,9,36,0.058797080113482725,0.07559624586019208,64.0,7,282,104.06087961701392,10828.666666666666,63.0,6,281,104.06087961701392,10828.666666666666,59.875,2,277,103.5624610239315,10725.183333333332,1310083.0,3466153.8148534317,9170581.0,0.0,15565713.0,9542472.845807943,31005899.0,6897524.0,1,11,16,MASTER,1,129,0,0,0,7,9,REPLAY
89,89,192.168.1.2-192.168.1.3-40837-20000,192.168.1.2,192.168.1.3,40837,20000,6, 18/05/2020  21:48:41 ,67179687.0,5,2,103,98,88,475,473,465,35,8,20.6,13.649175799292793,34,7,19.6,13.649175799292793,32,5,17.6,13.649175799292793,468,7,237.5,325.97622612699837,467,6,236.5,325.97622612699837,463,2,232.5,325.97622612699837,8.603791202540139,8.499593039187575,8.231654904852414,0.1041981633525622,11196614.5,17291338.88670149,46002031.0,294337.0,67179687.0,16794921.75,19572866.757629268,46002031.0,4297719.0,2123826.0,2123826.0,-1.0,2123826.0,2123826.0,50,5,10,20,2,8,0.07442725953754444,0.029770903815017773,82.57142857142857,7,468,170.3984126910197,29035.619047619053,81.57142857142857,6,467,170.3984126910197,29035.619047619053,79.0,2,463,169.79399282660142,28830.0,2140515.0,2148908.104778099,4297719.0,0.0,20252714.0,22301521.6305121,46002031.0,7082467.0,1,11,7,MASTER,1,129,0,0,0,5,2,REPLAY
90,90,192.168.1.2-192.168.1.3-40837-20000,192.168.1.2,192.168.1.3,40837,20000,6, 18/05/2020  21:50:50 ,119006022.0,5,4,40,35,25,28,24,8,8,8,8.0,0.0,7,7,7.0,0.0,5,5,5.0,0.0,7,7,7.0,0.0,6,6,6.0,0.0,2,2,2.0,0.0,0.5713996557249851,0.4957732307025606,0.27729689174888983,0.07562642502242449,14875752.75,21957920.439019848,68002936.0,314892.0,119006022.0,29751505.5,26120864.216046777,68002936.0,9000918.0,34951202.0,11650400.666666664,18186968.845011454,32628136.0,314892.0,50,5,10,40,4,16,0.04201468056801362,0.03361174445441089,7.555555555555554,7,8,0.5270462766947298,0.2777777777777777,6.5555555555555545,6,7,0.5270462766947298,0.2777777777777777,3.6666666666666665,2,5,1.5811388300841898,2.5,387177.66666666674,948387.7231347244,2323066.0,0.0,19447159.33333333,23966944.287810564,68002936.0,6036251.0,1,11,9,MASTER,1,129,0,0,0,5,4,REPLAY
91,91,192.168.1.2-192.168.1.3-40837-20000,192.168.1.2,192.168.1.3,40837,20000,6, 18/05/2020  21:52:54 ,106070104.0,7,8,74,67,53,1439,1431,1399,17,8,10.571428571428571,4.3915503282684,16,7,9.571428571428571,4.3915503282684,14,5,7.571428571428571,4.3915503282684,671,7,179.875,233.4893313561518,670,6,178.875,233.4893313561518,666,2,174.875,233.4893313561518,14.26415118816137,14.122735280810131,13.689059831599677,0.1414159073512363,7576436.0,7256765.698437605,21999825.0,232639.0,106070104.0,17678350.666666668,15432036.908768805,45407263.0,4019829.0,27684170.0,3954881.4285714286,6002329.545055066,16767008.0,232639.0,70,7,14,80,8,32,0.06599409009724361,0.0754218172539927,100.86666666666666,7,671,186.84365758824242,34910.552380952366,99.86666666666666,6,670,186.84365758824242,34910.552380952366,96.8,2,666,186.36262654145162,34731.02857142857,1934088.8571428568,3088841.988538878,8635738.0,0.0,13218783.142857146,6044987.94726106,21999825.0,6014278.0,1,11,15,MASTER,1,129,0,0,0,7,8,REPLAY
92,92,192.168.1.2-192.168.1.3-40837-20000,192.168.1.2,192.168.1.3,40837,20000,6, 18/05/2020  21:55:22 ,107034076.0,7,8,56,49,35,500,492,460,8,8,8.0,0.0,7,7,7.0,0.0,5,5,5.0,0.0,282,7,62.5,106.59938354150353,281,6,61.5,106.59938354150353,277,2,57.5,106.59938354150353,5.1946073697128,5.054465084558679,4.624695410086036,0.14014228515412233,7645291.142857143,10804358.33235555,42130467.0,3954.0,107034076.0,17839012.666666668,23755136.46625045,66002094.0,4990642.0,87957967.0,12565423.857142854,14836048.08344116,42130467.0,3954.0,70,7,14,80,8,32,0.06539973307192375,0.07474255208219857,37.06666666666667,7,282,80.4598095472575,6473.780952380951,36.06666666666667,6,281,80.4598095472575,6473.780952380951,33.0,2,277,80.1043961697127,6416.7142857142835,2776513.0,4267975.65100224,11019882.0,0.0,15062499.666666664,13601218.281572599,42130467.0,5367080.0,1,11,15,MASTER,1,129,0,0,0,7,8,REPLAY
93,93,192.168.1.2-192.168.1.3-40837-20000,192.168.1.2,192.168.1.3,40837,20000,6, 18/05/2020  21:57:29 ,100098876.0,6,10,57,51,39,1487,1477,1437,17,8,9.5,3.6742346141747673,16,7,8.5,3.6742346141747673,14,5,6.5,3.6742346141747673,1149,7,148.7,361.93923676649246,1148,6,147.7,361.93923676649246,1144,2,143.7,361.93923676649246,15.424748625549002,15.264906670880102,14.74542031820617,0.15984195466890158,6673258.4,7117837.974261303,22691326.0,204872.0,90056788.0,18011357.6,15839406.20258076,38654055.0,2345517.0,95030309.0,10558923.222222222,11282522.208514092,28140873.0,204872.0,60,6,12,100,10,40,0.05994073300083809,0.09990122166806348,96.5,7,1149,288.87482871767605,83448.66666666669,95.5,6,1148,288.87482871767605,83448.66666666669,92.25,2,1144,288.63552564898635,83310.46666666666,3252148.166666666,3703116.724371535,10042372.0,0.0,13430997.833333336,6993188.00285928,22691326.0,5068567.0,1,11,16,MASTER,1,129,0,0,0,6,10,REPLAY
94,94,192.168.1.2-192.168.1.3-40837-20000,192.168.1.2,192.168.1.3,40837,20000,6, 18/05/2020  21:59:41 ,87985433.0,3,5,33,30,24,1029,1024,1004,17,8,11.0,5.196152422706632,16,7,10.0,5.196152422706632,14,5,8.0,5.196152422706632,282,7,205.8,120.23809712399807,281,6,204.8,120.23809712399807,277,2,200.8,120.23809712399807,12.070179844429472,11.979255702475205,11.683752241123823,0.090924141954271,12569347.57142857,22623708.519139804,62000066.0,6084.0,69025689.0,34512844.5,38872801.43725333,62000066.0,7025623.0,16951871.0,4237967.75,8320096.402223169,16717388.0,6084.0,30,3,6,50,5,20,0.03409655323285162,0.056827588721419374,132.75,7,282,135.76950004642848,18433.35714285714,131.75,6,281,135.76950004642848,18433.35714285714,128.5,2,277,135.00264547672495,18225.714285714286,669291.0,1159246.0170485815,2007873.0,0.0,28581025.66666667,29344620.79844493,62000066.0,7025623.0,1,11,8,MASTER,1,129,0,0,0,3,5,REPLAY
95,95,192.168.1.2-192.168.1.3-40837-20000,192.168.1.2,192.168.1.3,40837,20000,6, 18/05/2020  22:01:49 ,118104622.0,5,3,40,35,25,465,462,450,8,8,8.0,0.0,7,7,7.0,0.0,5,5,5.0,0.0,282,7,155.0,138.69751259485514,281,6,154.0,138.69751259485514,277,2,150.0,138.69751259485514,4.275869914726961,4.208133361622377,4.021857840584765,0.06773655310458553,16872088.85714286,16370611.344898775,42000092.0,9791.0,83000095.0,20750023.75,15478542.32497131,42000092.0,6999914.0,105064511.0,52532255.5,74277981.62515941,105054720.0,9791.0,50,5,10,30,3,12,0.04233534569036595,0.02540120741421957,63.125,7,282,106.22810698814942,11284.410714285714,62.125,6,281,106.22810698814942,11284.410714285714,59.375,2,277,105.48925131432655,11127.982142857143,0.0,0.0,0.0,0.0,19682471.83333333,15976575.922106706,42000092.0,5959837.0,1,11,8,MASTER,1,129,0,0,0,5,3,REPLAY
96,96,192.168.1.2-192.168.1.3-40837-20000,192.168.1.2,192.168.1.3,40837,20000,6, 18/05/2020  22:04:18 ,92010934.0,6,5,48,42,30,496,491,471,8,8,8.0,0.0,7,7,7.0,0.0,5,5,5.0,0.0,468,7,99.2,206.16546752548058,467,6,98.2,206.16546752548058,463,2,94.2,206.16546752548058,5.912340809408586,5.792789800394808,5.445005046900187,0.11955100901377655,9201093.4,10118022.894895175,29790299.0,46873.0,92010934.0,18402186.8,14873032.167988988,41915184.0,6587048.0,15407914.0,3851978.5,6346688.098306208,13293512.0,46873.0,60,6,12,50,5,20,0.06520964128024176,0.0543413677335348,49.45454545454545,7,468,138.816687495678,19270.072727272727,48.45454545454545,6,467,138.816687495678,19270.072727272727,45.54545454545455,2,463,138.4618096345441,19171.672727272733,899571.8333333335,1441776.5660798368,3283029.0,0.0,14435583.833333336,10033953.145042913,29790299.0,6587048.0,1,11,11,MASTER,1,129,0,0,0,6,5,REPLAY
97,97,192.168.1.2-192.168.1.3-40837-20000,192.168.1.2,192.168.1.3,40837,20000,6, 18/05/2020  22:06:32 ,105309044.0,7,11,65,58,44,965,954,910,17,8,9.285714285714286,3.4016802570830453,16,7,8.285714285714286,3.4016802570830453,14,5,6.285714285714287,3.4016802570830444,282,7,87.72727272727273,116.91286576685295,281,6,86.72727272727273,116.91286576685295,277,2,82.72727272727273,116.91286576685295,9.780736400949573,9.609810910447539,9.05905099660766,0.17092549050203135,6194649.647058822,8310757.36663641,29018395.0,18940.0,105309044.0,17551507.333333332,12048106.910824582,34103068.0,8034401.0,91058141.0,9105814.1,13579447.679661818,34330443.0,18940.0,70,7,14,110,11,44,0.0664710240841233,0.10445446641790804,57.22222222222222,7,282,97.94269366231492,9592.771241830063,56.22222222222222,6,281,97.94269366231492,9592.771241830063,53.0,2,277,97.54395690872788,9514.823529411764,2253955.4285714286,4433984.008796673,12065917.0,0.0,12790193.714285715,9729578.369539823,29018395.0,5029530.0,1,11,18,MASTER,1,129,0,0,0,7,11,REPLAY
98,98,192.168.1.2-192.168.1.3-40837-20000,192.168.1.2,192.168.1.3,40837,20000,6, 18/05/2020  22:09:01 ,62000001.0,3,3,33,30,24,943,940,928,17,8,11.0,5.196152422706632,16,7,10.0,5.196152422706632,14,5,8.0,5.196152422706632,654,7,314.3333333333333,324.70961386034344,653,6,313.3333333333333,324.70961386034344,649,2,309.3333333333333,324.70961386034344,15.741935229968787,15.645161037981277,15.354838462018735,0.09677419198751304,12400000.2,9902008.264933644,29085354.0,2849270.0,62000001.0,31000000.5,14115177.177698215,40980938.0,21019063.0,23851946.0,11925973.0,12836396.48423256,21002676.0,2849270.0,30,3,6,30,3,12,0.04838709599375652,0.04838709599375652,162.66666666666666,7,654,264.1754467520906,69788.66666666669,161.66666666666666,6,653,264.1754467520906,69788.66666666669,158.66666666666666,2,649,263.4878871346208,69425.86666666668,712317.5,1424635.0,2849270.0,0.0,14787682.75,9629442.8970695,29085354.0,9046314.0,1,11,6,MASTER,1,129,0,0,0,3,3,REPLAY
99,99,192.168.1.2-192.168.1.3-40837-20000,192.168.1.2,192.168.1.3,40837,20000,6, 18/05/2020  22:11:09 ,81319526.0,8,4,82,74,58,472,468,452,17,8,10.25,4.166190448976482,16,7,9.25,4.166190448976482,14,5,7.25,4.166190448976482,282,7,118.0,135.27995663314897,281,6,117.0,135.27995663314897,277,2,113.0,135.27995663314897,6.812631937869388,6.665065903114094,6.271556477099978,0.1475660347552936,7392684.181818183,8639482.600947326,25962061.0,10980.0,81319526.0,11617075.142857146,11851988.437022045,33998314.0,966122.0,49833196.0,16611065.333333336,15883266.76877664,31992287.0,269346.0,80,8,16,40,4,16,0.09837735650352906,0.04918867825176453,46.16666666666666,7,282,88.41208610646494,7816.696969696969,45.16666666666666,6,281,88.41208610646494,7816.696969696969,42.5,2,277,87.82472213552296,7713.181818181818,739214.0,1239588.3306052862,2967858.0,0.0,12767319.333333336,8513320.929835234,25962061.0,6030226.0,1,11,12,MASTER,1,129,0,0,0,8,4,REPLAY
100,100,192.168.1.2-192.168.1.3-40837-20000,192.168.1.2,192.168.1.3,40837,20000,6, 18/05/2020  22:13:11 ,71032607.0,3,1,24,21,15,7,6,2,8,8,8.0,0.0,7,7,7.0,0.0,5,5,5.0,0.0,7,7,7.0,-1.0,6,6,6.0,-1.0,2,2,2.0,-1.0,0.4364192912136816,0.38010712460546464,0.2393267080849221,0.05631216660821699,23677535.66666667,33204559.58566372,62000116.0,3478144.0,71032607.0,35516303.5,37453766.8208461,62000116.0,9032491.0,0.0,0.0,0.0,0.0,0.0,30,3,6,10,1,4,0.04223412495616274,0.014078041652054247,7.75,7,8,0.5,0.25,6.75,6,7,0.5,0.25,4.25,2,5,1.5,2.25,1739072.0,2459419.208343304,3478144.0,0.0,33777231.5,39913186.02918941,62000116.0,5554347.0,1,11,4,MASTER,1,129,0,0,0,3,1,REPLAY
101,101,192.168.1.2-192.168.1.3-40837-20000,192.168.1.2,192.168.1.3,40837,20000,6, 18/05/2020  22:15:15 ,79077014.0,4,1,32,28,20,7,6,2,8,8,8.0,0.0,7,7,7.0,0.0,5,5,5.0,0.0,7,7,7.0,-1.0,6,6,6.0,-1.0,2,2,2.0,-1.0,0.493190094405942,0.4299605951231289,0.2782097968443775,0.06322949928281307,19769253.5,29749217.974987537,64000979.0,425208.0,79077014.0,26359004.66666667,32729850.32810743,64000979.0,4613222.0,0.0,0.0,0.0,0.0,0.0,40,4,8,10,1,4,0.05058359942625047,0.012645899856562616,7.8,7,8,0.4472135954999579,0.2,6.8,6,7,0.4472135954999579,0.2,4.4,2,5,1.3416407864998738,1.7999999999999998,0.0,0.0,0.0,0.0,37019292.0,38157867.69110583,64000979.0,10037605.0,1,11,5,MASTER,1,129,0,0,0,4,1,REPLAY
102,102,192.168.1.2-192.168.1.3-40837-20000,192.168.1.2,192.168.1.3,40837,20000,6, 18/05/2020  22:17:42 ,62000156.0,2,0,16,14,10,0,0,0,8,8,8.0,0.0,7,7,7.0,0.0,5,5,5.0,0.0,0,0,0.0,0.0,0,0,0.0,0.0,0,0,0.0,0.0,0.2580638668070448,0.22580588345616426,0.16128991675440302,0.0322579833508806,62000156.0,-1.0,62000156.0,62000156.0,62000156.0,62000156.0,-1.0,62000156.0,62000156.0,0.0,0.0,0.0,0.0,0.0,20,2,4,0,0,0,0.0322579833508806,0.0,8.0,8,8,0.0,0.0,7.0,7,7,0.0,0.0,5.0,5,5,0.0,0.0,0.0,-1.0,0.0,0.0,62000156.0,-1.0,62000156.0,62000156.0,1,11,2,MASTER,1,0,0,0,0,2,0,REPLAY
103,103,192.168.1.2-192.168.1.3-40837-20000,192.168.1.2,192.168.1.3,40837,20000,6, 18/05/2020  22:19:46 ,115005795.0,4,5,32,28,20,496,491,471,8,8,8.0,0.0,7,7,7.0,0.0,5,5,5.0,0.0,468,7,99.2,206.16546752548058,467,6,98.2,206.16546752548058,463,2,94.2,206.16546752548058,4.591072997669378,4.512816071572741,4.269350079272092,0.07825692609663712,14375724.375,22507171.77554885,68980598.0,46406.0,115005795.0,38335265.0,30928222.169843696,74006080.0,18999976.0,98015181.0,24503795.25,36835507.1413402,78053502.0,46406.0,40,4,8,50,5,20,0.03478085604294984,0.04347607005368729,58.66666666666666,7,468,153.5008143300875,23562.5,57.66666666666666,6,467,153.5008143300875,23562.5,54.55555555555557,2,463,153.17401143071817,23462.277777777777,78983.0,193468.0483542437,473898.0,0.0,19088649.5,24547329.54297143,68980598.0,5025482.0,1,11,9,MASTER,1,129,0,0,0,4,5,REPLAY
104,104,192.168.1.3-192.168.1.2-20000-40837,192.168.1.3,192.168.1.2,20000,40837,6, 18/05/2020  22:21:50 ,111338014.0,7,5,1910,1903,1875,85,80,70,1132,7,272.85714285714283,420.12118433115165,1131,6,271.85714285714283,420.12118433115165,1127,2,267.85714285714283,420.12118433115165,35,8,17.0,11.0227038425243,34,7,16.0,11.0227038425243,32,5,14.0,11.0227038425243,17.918408352424894,17.810628452560685,17.46932543632402,0.1077798998642099,10121637.636363637,11671521.879571415,33821835.0,21697.0,109327629.0,18221271.5,28357886.44370028,65852464.0,21697.0,90818111.0,22704527.75,24922936.87002487,60003458.0,7891771.0,70,7,28,50,5,10,0.06287160825412244,0.044908291610087456,166.25,7,1132,337.157941138463,113675.47727272725,165.25,6,1131,337.157941138463,113675.47727272725,162.08333333333334,2,1127,336.7568473578885,113405.1742424242,48798.66666666666,119531.83346149538,292792.0,0.0,17790838.333333332,10787529.688996099,33821835.0,7070731.0,11,1,12,OUTSTATION,1,129,0,0,0,5,7,REPLAY
105,105,192.168.1.2-192.168.1.3-40837-20000,192.168.1.2,192.168.1.3,40837,20000,6, 18/05/2020  22:24:21 ,93819554.0,7,10,92,85,71,2341,2331,2291,35,8,13.142857142857142,10.205040771249138,34,7,12.142857142857142,10.205040771249138,32,5,10.142857142857142,10.205040771249138,485,7,234.1,162.5555973266446,484,6,233.1,162.5555973266446,480,2,229.1,162.5555973266446,25.93276024313652,25.75156134295842,25.175988365922088,0.18119890017810147,5863722.125,9250912.947970556,33807833.0,10631.0,84323414.0,14053902.333333336,11432493.229326868,33807833.0,5933966.0,85134222.0,9459358.0,22458345.38917896,69136771.0,10631.0,70,7,14,100,10,40,0.07461131183804179,0.10658758834005967,143.11764705882354,7,485,165.73242076949714,27467.235294117643,142.11764705882354,6,484,165.73242076949714,27467.235294117643,138.94117647058823,2,480,165.04789857350323,27240.80882352941,2484984.8,5306904.637149012,11971773.0,0.0,15583307.4,12046956.06130496,33807833.0,6018047.0,1,11,17,MASTER,1,129,0,0,0,7,10,REPLAY
106,106,192.168.1.2-192.168.1.3-40837-20000,192.168.1.2,192.168.1.3,40837,20000,6, 18/05/2020  22:26:47 ,113515711.0,9,5,108,99,81,479,474,454,17,8,12.0,4.743416490252568,16,7,11.0,4.743416490252568,14,5,9.0,4.743416490252568,282,7,95.8,127.23875195867019,281,6,94.8,127.23875195867019,277,2,90.8,127.23875195867019,5.171090370036971,5.047759424243927,4.713003999948518,0.12333094579304535,8731977.76923077,10719077.04946774,40225234.0,11241.0,113515711.0,14189463.875,11109523.200855888,40225234.0,7544755.0,100796067.0,25199016.75,26678539.961310204,61510301.0,812911.0,90,9,18,50,5,20,0.0792841794383863,0.04404676635465905,41.92857142857143,7,282,82.04638864758087,6731.6098901098885,40.92857142857143,6,281,82.04638864758087,6731.6098901098885,38.214285714285715,2,277,81.5458139956907,6649.719780219782,811524.625,1152395.4290821406,2986078.0,0.0,13377939.25,11487257.172067275,40225234.0,5032964.0,1,11,14,MASTER,1,129,0,0,0,9,5,REPLAY
107,107,192.168.1.3-192.168.1.2-20000-40837,192.168.1.3,192.168.1.2,20000,40837,6, 18/05/2020  22:29:11 ,108956775.0,14,5,2830,2816,2760,94,89,79,946,7,202.14285714285717,259.2399711413397,945,6,201.14285714285717,259.2399711413397,941,2,197.14285714285717,259.2399711413397,62,8,18.8,24.149534156997728,61,7,17.8,24.149534156997728,59,5,15.8,24.149534156997728,26.836330278681608,26.66194919957937,26.05620439848739,0.17438107910224032,6053154.166666668,9904920.124564916,35978797.0,4396.0,107969015.0,8305308.846153846,13423232.603406835,39406043.0,4396.0,108512187.0,27128046.75,27917102.297198106,68021968.0,7000052.0,140,14,56,50,5,10,0.12849132144375602,0.0458897576584843,153.89473684210526,7,946,235.684085809996,55546.98830409357,152.89473684210526,6,945,235.684085809996,55546.98830409357,149.42105263157896,2,941,235.3671637131781,55397.70175438597,1243909.166666667,2368722.1157302023,6021271.0,0.0,15921703.833333336,12389585.519720204,35978797.0,6036832.0,11,1,19,OUTSTATION,1,129,0,0,0,5,14,REPLAY
108,108,192.168.1.2-192.168.1.3-40837-20000,192.168.1.2,192.168.1.3,40837,20000,6, 18/05/2020  22:31:22 ,119004897.0,7,5,56,49,35,496,491,471,8,8,8.0,0.0,7,7,7.0,0.0,5,5,5.0,0.0,468,7,99.2,206.16546752548058,467,6,98.2,206.16546752548058,463,2,94.2,206.16546752548058,4.638464583520458,4.537628396922186,4.251925868227087,0.10083618659827084,10818627.0,9837843.575616488,30893231.0,5074.0,119004897.0,19834149.5,10117166.994093312,31943375.0,9000957.0,99592153.0,24898038.25,43919351.92551512,90465565.0,5074.0,70,7,14,50,5,20,0.058821108848991326,0.04201507774927951,46.0,7,468,132.8964053142693,17661.454545454544,45.0,6,467,132.8964053142693,17661.454545454544,42.16666666666666,2,463,132.53598710836192,17565.78787878788,8936.875,18569.56611107463,51511.0,0.0,14866675.25,8342271.090116917,30893231.0,8034550.0,1,11,12,MASTER,1,129,0,0,0,7,5,REPLAY
109,109,192.168.1.3-192.168.1.2-20000-40837,192.168.1.3,192.168.1.2,20000,40837,6, 18/05/2020  22:33:29 ,33954214.0,2,1,14,12,4,8,7,5,7,7,7.0,0.0,6,6,6.0,0.0,2,2,2.0,0.0,8,8,8.0,-1.0,7,7,7.0,-1.0,5,5,5.0,-1.0,0.6479313583875038,0.5595770822437534,0.2650628284312516,0.08835427614375052,16977107.0,11223549.55595635,24913355.0,9040859.0,33954214.0,33954214.0,-1.0,33954214.0,33954214.0,0.0,0.0,0.0,0.0,0.0,20,2,8,10,1,2,0.05890285076250035,0.029451425381250174,7.333333333333332,7,8,0.5773502691896258,0.33333333333333337,6.333333333333332,6,7,0.5773502691896258,0.33333333333333337,3.0,2,5,1.7320508075688772,3.0,0.0,0.0,0.0,0.0,16977107.0,11223549.55595635,24913355.0,9040859.0,11,1,3,OUTSTATION,1,129,0,0,0,1,2,REPLAY
