Unnamed: 0,Flow ID,Src IP,Src Port,Dst IP,Dst Port,Protocol,Timestamp,Flow Duration,Tot Fwd Pkts,Tot Bwd Pkts,TotLen Fwd Pkts,TotLen Bwd Pkts,Fwd Pkt Len Max,Fwd Pkt Len Min,Fwd Pkt Len Mean,Fwd Pkt Len Std,Bwd Pkt Len Max,Bwd Pkt Len Min,Bwd Pkt Len Mean,Bwd Pkt Len Std,Flow Byts/s,Flow Pkts/s,Flow IAT Mean,Flow IAT Std,Flow IAT Max,Flow IAT Min,Fwd IAT Tot,Fwd IAT Mean,Fwd IAT Std,Fwd IAT Max,Fwd IAT Min,Bwd IAT Tot,Bwd IAT Mean,Bwd IAT Std,Bwd IAT Max,Bwd IAT Min,Fwd PSH Flags,Bwd PSH Flags,Fwd URG Flags,Bwd URG Flags,Fwd Header Len,Bwd Header Len,Fwd Pkts/s,Bwd Pkts/s,Pkt Len Min,Pkt Len Max,Pkt Len Mean,Pkt Len Std,Pkt Len Var,FIN Flag Cnt,SYN Flag Cnt,RST Flag Cnt,PSH Flag Cnt,ACK Flag Cnt,URG Flag Cnt,CWE Flag Count,ECE Flag Cnt,Down/Up Ratio,Pkt Size Avg,Fwd Seg Size Avg,Bwd Seg Size Avg,Fwd Byts/b Avg,Fwd Pkts/b Avg,Fwd Blk Rate Avg,Bwd Byts/b Avg,Bwd Pkts/b Avg,Bwd Blk Rate Avg,Subflow Fwd Pkts,Subflow Fwd Byts,Subflow Bwd Pkts,Subflow Bwd Byts,Init Fwd Win Byts,Init Bwd Win Byts,Fwd Act Data Pkts,Fwd Seg Size Min,Active Mean,Active Std,Active Max,Active Min,Idle Mean,Idle Std,Idle Max,Idle Min,Label
0,86018064000,8601,0,8064,0,0,18-05-2020 13:45,106311180,65,0,0,0,0,0,0.0,0.0,0,0,0.0,0.0,0.0,0.611412647,1661112.188,8493230.94,57996328,2,106311180,1661112.188,8493230.94,57996328,2,0,0.0,0.0,0,0,0,0,0,0,0,0,0.611412647,0.0,0,0,0.0,0.0,0.0,0,0,0,0,0,0,0,0,0,0.0,0.0,0.0,0,0,0,0,0,0,1,0,0,0,0,0,0,0,0,0,0,0,1589800000000000.0,35323537.56,1589800000000000.0,1589800000000000.0,ARP_POISONING
1,192168121921681333391200006,19216812,33391,19216813,20000,6,18-05-2020 13:45,104626632,11,0,198,0,18,18,18.0,0.0,0,0,0.0,0.0,1.892443599,0.105135755,10462663.2,16841864.31,52287853,202832,104626632,10462663.2,16841864.31,52287853,202832,0,0.0,0.0,0,0,1,0,0,0,352,0,0.105135755,0.0,18,18,18.0,0.0,0.0,0,0,0,11,11,0,0,0,0,19.63636364,18.0,0.0,0,0,0,0,5,55,1,18,0,0,296,0,10,32,0,0,0,0,1589800000000000.0,26187447.51,1589800000000000.0,1589800000000000.0,MITM_DOS
2,86018064000,8601,0,8064,0,0,18-05-2020 13:47,68003037,60,0,0,0,0,0,0.0,0.0,0,0,0.0,0.0,0.0,0.882313535,1152593.847,7537414.056,57996472,2,68003037,1152593.847,7537414.056,57996472,2,0,0.0,0.0,0,0,0,0,0,0,0,0,0.882313535,0.0,0,0,0.0,0.0,0.0,0,0,0,0,0,0,0,0,0,0.0,0.0,0.0,0,0,0,0,0,0,1,0,0,0,0,0,0,0,0,0,0,0,1589800000000000.0,31732814.46,1589800000000000.0,1589800000000000.0,ARP_POISONING
3,86018064000,8601,0,8064,0,0,18-05-2020 13:49,115285958,71,0,0,0,0,0,0.0,0.0,0,0,0.0,0.0,0.0,0.615859912,1646942.257,3484690.69,10179072,2,115285958,1646942.257,3484690.69,10179072,2,0,0.0,0.0,0,0,0,0,0,0,0,0,0.615859912,0.0,0,0,0.0,0.0,0.0,0,0,0,0,0,0,0,0,0,0.0,0.0,0.0,0,0,0,0,0,0,1,0,0,0,0,0,0,0,0,0,0,0,1589800000000000.0,32575592.57,1589800000000000.0,1589800000000000.0,ARP_POISONING
4,86018064000,8601,0,8064,0,0,18-05-2020 13:51,110113630,72,0,0,0,0,0,0.0,0.0,0,0,0.0,0.0,0.0,0.653870007,1550896.197,3327595.334,10010436,2,110113630,1550896.197,3327595.334,10010436,2,0,0.0,0.0,0,0,0,0,0,0,0,0,0.653870007,0.0,0,0,0.0,0.0,0.0,0,0,0,0,0,0,0,0,0,0.0,0.0,0.0,0,0,0,0,0,0,1,0,0,0,0,0,0,0,0,0,0,0,1589800000000000.0,32154879.67,1589800000000000.0,1589800000000000.0,ARP_POISONING
5,86018064000,8601,0,8064,0,0,18-05-2020 13:53,111607762,81,0,0,0,0,0,0.0,0.0,0,0,0.0,0.0,0.0,0.725755974,1395097.025,2790966.049,10010270,4,111607762,1395097.025,2790966.049,10010270,4,0,0.0,0.0,0,0,0,0,0,0,0,0,0.725755974,0.0,0,0,0.0,0.0,0.0,0,0,0,0,0,0,0,0,0,0.0,0.0,0.0,0,0,0,0,0,0,1,0,0,0,0,0,0,0,0,0,0,0,1569930000000000.0,177745000000000.0,1589800000000000.0,6579634.0,ARP_POISONING
6,86018064000,8601,0,8064,0,0,18-05-2020 13:55,80462551,71,0,0,0,0,0,0.0,0.0,0,0,0.0,0.0,0.0,0.882398074,1149465.014,3553861.704,25403931,7,80462551,1149465.014,3553861.704,25403931,7,0,0.0,0.0,0,0,0,0,0,0,0,0,0.882398074,0.0,0,0,0.0,0.0,0.0,0,0,0,0,0,0,0,0,0,0.0,0.0,0.0,0,0,0,0,0,0,1,0,0,0,0,0,0,0,0,0,0,0,1589800000000000.0,30602582.63,1589800000000000.0,1589800000000000.0,ARP_POISONING
7,86018064000,8601,0,8064,0,0,18-05-2020 13:58,68011407,60,0,0,0,0,0,0.0,0.0,0,0,0.0,0.0,0.0,0.882204951,1152735.712,7536784.413,57992711,4,68011407,1152735.712,7536784.413,57992711,4,0,0.0,0.0,0,0,0,0,0,0,0,0,0.882204951,0.0,0,0,0.0,0.0,0.0,0,0,0,0,0,0,0,0,0,0.0,0.0,0.0,0,0,0,0,0,0,1,0,0,0,0,0,0,0,0,0,0,0,1589800000000000.0,31733259.65,1589800000000000.0,1589800000000000.0,ARP_POISONING
8,86018064000,8601,0,8064,0,0,18-05-2020 14:00,68011386,60,0,0,0,0,0,0.0,0.0,0,0,0.0,0.0,0.0,0.882205224,1152735.356,7536191.053,57988793,8,68011386,1152735.356,7536191.053,57988793,8,0,0.0,0.0,0,0,0,0,0,0,0,0,0.882205224,0.0,0,0,0.0,0.0,0.0,0,0,0,0,0,0,0,0,0,0.0,0.0,0.0,0,0,0,0,0,0,1,0,0,0,0,0,0,0,0,0,0,0,1589800000000000.0,31732831.15,1589800000000000.0,1589800000000000.0,ARP_POISONING
9,86018064000,8601,0,8064,0,0,18-05-2020 14:02,68011428,60,0,0,0,0,0,0.0,0.0,0,0,0.0,0.0,0.0,0.882204679,1152736.068,7536178.596,57988699,4,68011428,1152736.068,7536178.596,57988699,4,0,0.0,0.0,0,0,0,0,0,0,0,0,0.882204679,0.0,0,0,0.0,0.0,0.0,0,0,0,0,0,0,0,0,0,0.0,0.0,0.0,0,0,0,0,0,0,1,0,0,0,0,0,0,0,0,0,0,0,1589800000000000.0,31732807.9,1589800000000000.0,1589800000000000.0,ARP_POISONING
10,86018064000,8601,0,8064,0,0,18-05-2020 14:04,110113642,72,0,0,0,0,0,0.0,0.0,0,0,0.0,0.0,0.0,0.653869936,1550896.366,3322786.806,10010471,7,110113642,1550896.366,3322786.806,10010471,7,0,0.0,0.0,0,0,0,0,0,0,0,0,0.653869936,0.0,0,0,0.0,0.0,0.0,0,0,0,0,0,0,0,0,0,0.0,0.0,0.0,0,0,0,0,0,0,1,0,0,0,0,0,0,0,0,0,0,0,1589800000000000.0,31955130.36,1589800000000000.0,1589800000000000.0,ARP_POISONING
11,86018064000,8601,0,8064,0,0,18-05-2020 14:06,110113448,72,0,0,0,0,0,0.0,0.0,0,0,0.0,0.0,0.0,0.653871088,1550893.634,3330710.521,10010417,6,110113448,1550893.634,3330710.521,10010417,6,0,0.0,0.0,0,0,0,0,0,0,0,0,0.653871088,0.0,0,0,0.0,0.0,0.0,0,0,0,0,0,0,0,0,0,0.0,0.0,0.0,0,0,0,0,0,0,1,0,0,0,0,0,0,0,0,0,0,0,1567410000000000.0,188675000000000.0,1589800000000000.0,10010315.0,ARP_POISONING
12,86018064000,8601,0,8064,0,0,18-05-2020 14:08,118634956,104,0,0,0,0,0,0.0,0.0,0,0,0.0,0.0,0.0,0.876638754,1151795.689,2224441.936,10010463,10,118634956,1151795.689,2224441.936,10010463,10,0,0.0,0.0,0,0,0,0,0,0,0,0,0.876638754,0.0,0,0,0.0,0.0,0.0,0,0,0,0,0,0,0,0,0,0.0,0.0,0.0,0,0,0,0,0,0,1,0,0,0,0,0,0,0,0,0,0,0,1574370000000000.0,156648000000000.0,1589800000000000.0,10010463.0,ARP_POISONING
13,86018064000,8601,0,8064,0,0,18-05-2020 14:10,118635527,153,0,0,0,0,0,0.0,0.0,0,0,0.0,0.0,0.0,1.289664267,780496.8882,1156333.524,6319379,9,118635527,780496.8882,1156333.524,6319379,9,0,0.0,0.0,0,0,0,0,0,0,0,0,1.289664267,0.0,0,0,0.0,0.0,0.0,0,0,0,0,0,0,0,0,0,0.0,0.0,0.0,0,0,0,0,0,0,1,0,0,0,0,0,0,0,0,0,0,0,1589800000000000.0,32165982.06,1589800000000000.0,1589800000000000.0,ARP_POISONING
14,192168121921681354139200006,19216812,54139,19216813,20000,6,18-05-2020 14:11,117519806,21,19,306,289,18,0,14.57142857,7.242730345,17,0,15.21052632,5.36013005,5.062976363,0.340368159,3013328.359,4222836.428,17195083,194258,117519806,5875990.3,8512420.169,29912061,200794,61551707,3419539.278,9077157.361,36702958,194258,0,0,0,0,704,632,0.178693283,0.161674875,0,18,14.51219512,6.682521797,44.65609756,0,4,0,34,36,0,0,0,0,14.875,14.57142857,15.21052632,0,0,0,0,5,52,0,7,0,7,29200,227,17,32,0,0,0,0,1589800000000000.0,33356150.59,1589800000000000.0,1589800000000000.0,MITM_DOS
15,86018064000,8601,0,8064,0,0,18-05-2020 14:12,119202861,180,0,0,0,0,0,0.0,0.0,0,0,0.0,0.0,0.0,1.510030871,665937.7709,984086.2405,6844354,8,119202861,665937.7709,984086.2405,6844354,8,0,0.0,0.0,0,0,0,0,0,0,0,0,1.510030871,0.0,0,0,0.0,0.0,0.0,0,0,0,0,0,0,0,0,0,0.0,0.0,0.0,0,0,0,0,0,0,1,0,0,0,0,0,0,0,0,0,0,0,1589800000000000.0,33693470.31,1589800000000000.0,1589800000000000.0,ARP_POISONING
16,192168121921681354139200006,19216812,54139,19216813,20000,6,18-05-2020 14:13,64703949,3,0,54,0,18,18,18.0,0.0,0,0,0.0,0.0,0.834570391,0.046365022,32351974.5,15250847.24,43135952,21567997,64703949,32351974.5,15250847.24,43135952,21567997,0,0.0,0.0,0,0,1,0,0,0,96,0,0.046365022,0.0,18,18,18.0,0.0,0.0,0,0,0,3,3,0,0,0,0,24.0,18.0,0.0,0,0,0,0,0,0,1,18,0,0,262,0,2,32,0,0,0,0,794900000000000.0,1124160000000000.0,1589800000000000.0,21567997.0,MITM_DOS
17,86018064000,8601,0,8064,0,0,18-05-2020 14:14,119424024,215,0,0,0,0,0,0.0,0.0,0,0,0.0,0.0,0.0,1.800307784,558056.1869,816065.9547,7563665,11,119424024,558056.1869,816065.9547,7563665,11,0,0.0,0.0,0,0,0,0,0,0,0,0,1.800307784,0.0,0,0,0.0,0.0,0.0,0,0,0,0,0,0,0,0,0,0.0,0.0,0.0,0,0,0,0,0,0,1,0,0,0,0,0,0,0,0,0,0,0,1589800000000000.0,34209502.68,1589800000000000.0,1589800000000000.0,ARP_POISONING
18,86018064000,8601,0,8064,0,0,18-05-2020 14:16,119488721,209,0,0,0,0,0,0.0,0.0,0,0,0.0,0.0,0.0,1.749119065,574465.0048,718508.4795,5578452,12,119488721,574465.0048,718508.4795,5578452,12,0,0.0,0.0,0,0,0,0,0,0,0,0,1.749119065,0.0,0,0,0.0,0.0,0.0,0,0,0,0,0,0,0,0,0,0.0,0.0,0.0,0,0,0,0,0,0,1,0,0,0,0,0,0,0,0,0,0,0,1589800000000000.0,33990347.16,1589800000000000.0,1589800000000000.0,ARP_POISONING
19,86018064000,8601,0,8064,0,0,18-05-2020 14:18,119010145,209,0,0,0,0,0,0.0,0.0,0,0,0.0,0.0,0.0,1.756152805,572164.1587,889568.6233,8354286,6,119010145,572164.1587,889568.6233,8354286,6,0,0.0,0.0,0,0,0,0,0,0,0,0,1.756152805,0.0,0,0,0.0,0.0,0.0,0,0,0,0,0,0,0,0,0,0.0,0.0,0.0,0,0,0,0,0,0,1,0,0,0,0,0,0,0,0,0,0,0,1589800000000000.0,35437301.66,1589800000000000.0,1589800000000000.0,ARP_POISONING
20,86018064000,8601,0,8064,0,0,18-05-2020 14:20,119575937,203,0,0,0,0,0,0.0,0.0,0,0,0.0,0.0,0.0,1.697665978,591960.0842,705992.6166,4715980,9,119575937,591960.0842,705992.6166,4715980,9,0,0.0,0.0,0,0,0,0,0,0,0,0,1.697665978,0.0,0,0,0.0,0.0,0.0,0,0,0,0,0,0,0,0,0,0.0,0.0,0.0,0,0,0,0,0,0,1,0,0,0,0,0,0,0,0,0,0,0,1589800000000000.0,36143072.51,1589800000000000.0,1589800000000000.0,ARP_POISONING
21,86018064000,8601,0,8064,0,0,18-05-2020 14:22,119921365,216,0,0,0,0,0,0.0,0.0,0,0,0.0,0.0,0.0,1.801180298,557773.7907,660116.5174,6474522,8,119921365,557773.7907,660116.5174,6474522,8,0,0.0,0.0,0,0,0,0,0,0,0,0,1.801180298,0.0,0,0,0.0,0.0,0.0,0,0,0,0,0,0,0,0,0,0.0,0.0,0.0,0,0,0,0,0,0,1,0,0,0,0,0,0,0,0,0,0,0,1589800000000000.0,36421509.59,1589800000000000.0,1589800000000000.0,ARP_POISONING
22,86018064000,8601,0,8064,0,0,18-05-2020 14:24,119822612,196,0,0,0,0,0,0.0,0.0,0,0,0.0,0.0,0.0,1.635751356,614474.9333,760581.371,5292225,10,119822612,614474.9333,760581.371,5292225,10,0,0.0,0.0,0,0,0,0,0,0,0,0,1.635751356,0.0,0,0,0.0,0.0,0.0,0,0,0,0,0,0,0,0,0,0.0,0.0,0.0,0,0,0,0,0,0,1,0,0,0,0,0,0,0,0,0,0,0,1589800000000000.0,34342432.7,1589800000000000.0,1589800000000000.0,ARP_POISONING
23,86018064000,8601,0,8064,0,0,18-05-2020 14:26,119996680,187,0,0,0,0,0,0.0,0.0,0,0,0.0,0.0,0.0,1.558376448,645143.4409,847140.2,5563849,9,119996680,645143.4409,847140.2,5563849,9,0,0.0,0.0,0,0,0,0,0,0,0,0,1.558376448,0.0,0,0,0.0,0.0,0.0,0,0,0,0,0,0,0,0,0,0.0,0.0,0.0,0,0,0,0,0,0,1,0,0,0,0,0,0,0,0,0,0,0,1589800000000000.0,35414485.05,1589800000000000.0,1589800000000000.0,ARP_POISONING
24,192168121921681354139200006,19216812,54139,19216813,20000,6,18-05-2020 14:28,67903396,4,5,71,85,18,17,17.75,0.5,17,17,17.0,0.0,2.297381415,0.132541235,8487924.5,19072577.41,55280175,202599,67903396,22634465.33,31256850.23,58546786,1560677,3064012,766003.0,633308.9228,1635933,204042,1,0,0,0,128,160,0.058907216,0.07363402,17,18,17.3,0.483045892,0.233333333,0,0,0,9,9,0,0,0,1,19.22222222,17.75,17.0,0,0,0,0,5,52,0,7,0,9,227,227,3,32,0,0,0,0,1589800000000000.0,29327971.58,1589800000000000.0,1589800000000000.0,MITM_DOS
25,86018064000,8601,0,8064,0,0,18-05-2020 14:28,119432190,221,0,0,0,0,0,0.0,0.0,0,0,0.0,0.0,0.0,1.850422403,542873.5909,650829.1449,4590405,11,119432190,542873.5909,650829.1449,4590405,11,0,0.0,0.0,0,0,0,0,0,0,0,0,1.850422403,0.0,0,0,0.0,0.0,0.0,0,0,0,0,0,0,0,0,0,0.0,0.0,0.0,0,0,0,0,0,0,1,0,0,0,0,0,0,0,0,0,0,0,1589800000000000.0,34849729.41,1589800000000000.0,1589800000000000.0,ARP_POISONING
26,86018064000,8601,0,8064,0,0,18-05-2020 14:30,119915788,202,0,0,0,0,0,0.0,0.0,0,0,0.0,0.0,0.0,1.68451547,596595.9602,814061.4803,5915421,11,119915788,596595.9602,814061.4803,5915421,11,0,0.0,0.0,0,0,0,0,0,0,0,0,1.68451547,0.0,0,0,0.0,0.0,0.0,0,0,0,0,0,0,0,0,0,0.0,0.0,0.0,0,0,0,0,0,0,1,0,0,0,0,0,0,0,0,0,0,0,1589800000000000.0,34381609.91,1589800000000000.0,1589800000000000.0,ARP_POISONING
27,192168121921681354139200006,19216812,54139,19216813,20000,6,18-05-2020 14:30,114856419,12,12,216,204,18,18,18.0,0.0,17,17,17.0,0.0,3.656739464,0.208956541,4993757.348,8661642.55,34318802,206805,114856419,10441492.64,14135541.82,46258252,724708,49491026,4499184.182,12724560.45,42829268,206805,1,0,0,0,384,384,0.10447827,0.10447827,17,18,17.52,0.509901951,0.26,0,0,0,24,24,0,0,0,1,18.25,18.0,17.0,0,0,0,0,5,51,0,9,0,8,304,241,11,32,0,0,0,0,1589800000000000.0,37210801.96,1589800000000000.0,1589800000000000.0,MITM_DOS
28,86018064000,8601,0,8064,0,0,18-05-2020 14:32,116395053,198,0,0,0,0,0,0.0,0.0,0,0,0.0,0.0,0.0,1.701103225,590837.8325,893444.393,6463089,8,116395053,590837.8325,893444.393,6463089,8,0,0.0,0.0,0,0,0,0,0,0,0,0,1.701103225,0.0,0,0,0.0,0.0,0.0,0,0,0,0,0,0,0,0,0,0.0,0.0,0.0,0,0,0,0,0,0,1,0,0,0,0,0,0,0,0,0,0,0,1589800000000000.0,32083020.01,1589800000000000.0,1589800000000000.0,ARP_POISONING
29,192168121921681354139200006,19216812,54139,19216813,20000,6,18-05-2020 14:32,73701535,10,3,180,51,18,18,18.0,0.0,17,17,17.0,0.0,3.134263079,0.1763871,6141794.583,8082146.194,27264043,210836,73701535,8189059.444,8557720.254,27264043,406488,422804,211402.0,800.4448763,211968,210836,1,0,0,0,320,96,0.135682384,0.040704715,17,18,17.78571429,0.425815314,0.181318681,0,0,0,13,13,0,0,0,0,19.15384615,18.0,17.0,0,0,0,0,4,66,0,13,0,3,343,241,9,32,0,0,0,0,1589800000000000.0,18455023.47,1589800000000000.0,1589800000000000.0,MITM_DOS
30,86018064000,8601,0,8064,0,0,18-05-2020 14:34,119021806,197,0,0,0,0,0,0.0,0.0,0,0,0.0,0.0,0.0,1.655158887,607254.1122,1072528.516,9955603,9,119021806,607254.1122,1072528.516,9955603,9,0,0.0,0.0,0,0,0,0,0,0,0,0,1.655158887,0.0,0,0,0.0,0.0,0.0,0,0,0,0,0,0,0,0,0,0.0,0.0,0.0,0,0,0,0,0,0,1,0,0,0,0,0,0,0,0,0,0,0,1589800000000000.0,32862686.3,1589800000000000.0,1589800000000000.0,ARP_POISONING
31,192168121921681354139200006,19216812,54139,19216813,20000,6,18-05-2020 14:35,110592764,20,6,360,102,18,18,18.0,0.0,17,17,17.0,0.0,4.177488502,0.235096756,4423710.56,5996740.979,20836325,207227,110592764,5820671.789,7590417.753,27841262,304707,3331355,666271.0,615321.0168,1668102,207227,1,0,0,0,640,192,0.180843658,0.054253097,17,18,17.77777778,0.423659273,0.179487179,0,0,0,26,26,0,0,0,0,18.46153846,18.0,17.0,0,0,0,0,5,51,0,13,0,3,395,255,19,32,0,0,0,0,1589800000000000.0,36717219.02,1589800000000000.0,1589800000000000.0,MITM_DOS
32,86018064000,8601,0,8064,0,0,18-05-2020 14:36,118746821,205,0,0,0,0,0,0.0,0.0,0,0,0.0,0.0,0.0,1.726362005,582092.2598,699528.0003,4896412,6,118746821,582092.2598,699528.0003,4896412,6,0,0.0,0.0,0,0,0,0,0,0,0,0,1.726362005,0.0,0,0,0.0,0.0,0.0,0,0,0,0,0,0,0,0,0,0.0,0.0,0.0,0,0,0,0,0,0,1,0,0,0,0,0,0,0,0,0,0,0,1589800000000000.0,32684135.84,1589800000000000.0,1589800000000000.0,ARP_POISONING
33,192168121921681354139200006,19216812,54139,19216813,20000,6,18-05-2020 14:37,109432841,6,11,233,906,135,17,38.83333333,47.25850893,292,17,82.36363636,115.2451932,10.40821009,0.155346419,6839552.562,9217224.289,28093713,207593,109432841,21886568.2,13352240.91,33160400,2681763,84472125,8447212.5,16617743.98,52216468,207950,1,0,0,0,192,352,0.054828148,0.100518271,17,292,64.22222222,95.08482625,9041.124183,0,0,0,17,17,0,0,0,1,68.0,38.83333333,82.36363636,0,0,0,0,5,51,0,13,0,53,255,283,5,32,0,0,0,0,1589800000000000.0,36488950.77,1589800000000000.0,1589800000000000.0,MITM_DOS
34,86018064000,8601,0,8064,0,0,18-05-2020 14:38,119631210,201,0,0,0,0,0,0.0,0.0,0,0,0.0,0.0,0.0,1.680163563,598156.05,846564.3908,5017194,9,119631210,598156.05,846564.3908,5017194,9,0,0.0,0.0,0,0,0,0,0,0,0,0,1.680163563,0.0,0,0,0.0,0.0,0.0,0,0,0,0,0,0,0,0,0,0.0,0.0,0.0,0,0,0,0,0,0,1,0,0,0,0,0,0,0,0,0,0,0,1589800000000000.0,34340761.86,1589800000000000.0,1589800000000000.0,ARP_POISONING
35,192168121921681354139200006,19216812,54139,19216813,20000,6,18-05-2020 14:39,103888710,9,0,162,0,18,18,18.0,0.0,0,0,0.0,0.0,1.559360974,0.086631165,12986088.75,20286972.3,60382059,425756,103888710,12986088.75,20286972.3,60382059,425756,0,0.0,0.0,0,0,1,0,0,0,288,0,0.086631165,0.0,18,18,18.0,0.0,0.0,0,0,0,9,9,0,0,0,0,20.0,18.0,0.0,0,0,0,0,0,0,1,18,0,0,478,0,8,32,0,0,0,0,1589800000000000.0,28100995.96,1589800000000000.0,1589800000000000.0,MITM_DOS
36,86018064000,8601,0,8064,0,0,18-05-2020 14:40,119928590,207,0,0,0,0,0,0.0,0.0,0,0,0.0,0.0,0.0,1.72602713,582177.6214,722697.0515,4663807,10,119928590,582177.6214,722697.0515,4663807,10,0,0.0,0.0,0,0,0,0,0,0,0,0,1.72602713,0.0,0,0,0.0,0.0,0.0,0,0,0,0,0,0,0,0,0,0.0,0.0,0.0,0,0,0,0,0,0,1,0,0,0,0,0,0,0,0,0,0,0,1589800000000000.0,34829880.7,1589800000000000.0,1589800000000000.0,ARP_POISONING
37,192168121921681354139200006,19216812,54139,19216813,20000,6,18-05-2020 14:42,119619683,12,12,225,2103,27,18,18.75,2.598076211,478,0,175.25,185.925266,19.46168006,0.200635877,5200855.783,13445510.0,59247187,111610,119619683,10874516.64,18998946.33,59247187,296815,103540101,9412736.455,29484170.67,98299839,111610,1,0,0,0,384,396,0.100317938,0.100317938,0,478,94.2,148.8822241,22165.91667,0,0,0,23,24,0,0,0,1,98.125,18.75,175.25,0,0,0,0,5,430,0,9,0,87,499,297,11,32,0,0,0,0,1589800000000000.0,47817079.84,1589800000000000.0,1589800000000000.0,MITM_DOS
38,86018064000,8601,0,8064,0,0,18-05-2020 14:42,117607532,204,0,0,0,0,0,0.0,0.0,0,0,0.0,0.0,0.0,1.734582782,579347.4483,850102.1261,7781932,10,117607532,579347.4483,850102.1261,7781932,10,0,0.0,0.0,0,0,0,0,0,0,0,0,1.734582782,0.0,0,0,0.0,0.0,0.0,0,0,0,0,0,0,0,0,0,0.0,0.0,0.0,0,0,0,0,0,0,1,0,0,0,0,0,0,0,0,0,0,0,1589800000000000.0,33899178.1,1589800000000000.0,1589800000000000.0,ARP_POISONING
39,192168121921681354139200006,19216812,54139,19216813,20000,6,18-05-2020 14:44,82775908,4,12,72,170,18,18,18.0,0.0,17,0,14.16666667,6.617241025,2.92355597,0.193292957,5518393.867,11187739.09,41286529,176789,37899885,12633295.0,15982108.13,30794328,713687,63599394,5781763.091,17721777.2,59197689,176789,1,0,0,0,128,408,0.048323239,0.144969718,0,18,15.29411765,5.7745639,33.34558824,0,0,0,14,16,0,0,0,3,16.25,18.0,14.16666667,0,0,0,0,4,61,0,4,0,10,541,297,3,32,0,0,0,0,1483820000000000.0,410485000000000.0,1589800000000000.0,6391870.0,MITM_DOS
40,86018064000,8601,0,8064,0,0,18-05-2020 14:44,119477296,224,0,0,0,0,0,0.0,0.0,0,0,0.0,0.0,0.0,1.87483319,535772.6278,801462.9969,5671242,5,119477296,535772.6278,801462.9969,5671242,5,0,0.0,0.0,0,0,0,0,0,0,0,0,1.87483319,0.0,0,0,0.0,0.0,0.0,0,0,0,0,0,0,0,0,0,0.0,0.0,0.0,0,0,0,0,0,0,1,0,0,0,0,0,0,0,0,0,0,0,1589800000000000.0,35065155.77,1589800000000000.0,1589800000000000.0,ARP_POISONING
41,192168121921681354139200006,19216812,54139,19216813,20000,6,18-05-2020 14:46,118894288,7,28,125,1520,18,17,17.85714286,0.377964473,478,0,54.28571429,114.7812274,13.83582027,0.294379155,3496890.824,10405124.22,58669091,992,96832999,16138833.17,23600069.59,61999349,341790,118688048,4395853.63,13923156.02,63342171,992,1,0,0,0,224,992,0.058875831,0.235503324,0,478,46.16666667,101.9838923,10400.71429,0,0,0,27,35,0,0,0,4,47.48571429,17.85714286,54.28571429,0,0,0,0,4,243,0,3,0,43,297,297,6,32,0,0,0,0,1589800000000000.0,41362007.4,1589800000000000.0,1589800000000000.0,MITM_DOS
42,86018064000,8601,0,8064,0,0,18-05-2020 14:46,118928655,205,0,0,0,0,0,0.0,0.0,0,0,0.0,0.0,0.0,1.723722512,582983.6029,761016.941,6803647,11,118928655,582983.6029,761016.941,6803647,11,0,0.0,0.0,0,0,0,0,0,0,0,0,1.723722512,0.0,0,0,0.0,0.0,0.0,0,0,0,0,0,0,0,0,0,0.0,0.0,0.0,0,0,0,0,0,0,1,0,0,0,0,0,0,0,0,0,0,0,1589800000000000.0,37117349.84,1589800000000000.0,1589800000000000.0,ARP_POISONING
43,86018064000,8601,0,8064,0,0,18-05-2020 14:48,119343545,188,0,0,0,0,0,0.0,0.0,0,0,0.0,0.0,0.0,1.575284193,638200.7754,913180.5222,5940949,9,119343545,638200.7754,913180.5222,5940949,9,0,0.0,0.0,0,0,0,0,0,0,0,0,1.575284193,0.0,0,0,0.0,0.0,0.0,0,0,0,0,0,0,0,0,0,0.0,0.0,0.0,0,0,0,0,0,0,1,0,0,0,0,0,0,0,0,0,0,0,1589800000000000.0,34317300.86,1589800000000000.0,1589800000000000.0,ARP_POISONING
44,192168121921681354139200006,19216812,54139,19216813,20000,6,18-05-2020 14:48,118291056,12,8,287,119,45,17,23.91666667,10.44864788,17,0,14.875,6.01040764,3.432212153,0.16907449,6225845.053,8354820.99,33055047,364663,118291056,10753732.36,13121053.76,44384406,1617809,98897178,14128168.29,21793860.9,46151283,364663,1,0,0,0,384,268,0.101444694,0.067629796,0,45,20.14285714,9.634758504,92.82857143,0,0,0,19,20,0,0,0,0,21.15,23.91666667,14.875,0,0,0,0,0,0,0,14,0,5,297,297,11,32,0,0,0,0,1589800000000000.0,40053498.79,1589800000000000.0,1589800000000000.0,MITM_DOS
45,86018064000,8601,0,8064,0,0,18-05-2020 14:50,119948003,194,0,0,0,0,0,0.0,0.0,0,0,0.0,0.0,0.0,1.617367485,621492.2435,969108.0264,6989889,10,119948003,621492.2435,969108.0264,6989889,10,0,0.0,0.0,0,0,0,0,0,0,0,0,1.617367485,0.0,0,0,0.0,0.0,0.0,0,0,0,0,0,0,0,0,0,0.0,0.0,0.0,0,0,0,0,0,0,1,0,0,0,0,0,0,0,0,0,0,0,1589800000000000.0,34005073.71,1589800000000000.0,1589800000000000.0,ARP_POISONING
46,192168121921681354139200006,19216812,54139,19216813,20000,6,18-05-2020 14:50,113110974,7,14,144,1693,27,18,20.57142857,4.391550328,478,17,120.9285714,156.0919178,16.24068766,0.185658378,5655548.7,8391464.525,32636339,244212,113110974,18851829.0,15881728.15,45000188,1818794,82812756,6370212.0,13801641.54,38567428,244212,1,0,0,0,224,448,0.061886126,0.123772252,17,478,84.31818182,132.4610945,17545.94156,0,0,0,21,21,0,0,0,2,88.33333333,20.57142857,120.9285714,0,0,0,0,4,402,0,6,0,80,686,297,6,32,0,0,0,0,1589800000000000.0,34588850.7,1589800000000000.0,1589800000000000.0,MITM_DOS
47,86018064000,8601,0,8064,0,0,18-05-2020 14:52,119654555,211,0,0,0,0,0,0.0,0.0,0,0,0.0,0.0,0.0,1.763409675,569783.5952,784240.7661,6192679,12,119654555,569783.5952,784240.7661,6192679,12,0,0.0,0.0,0,0,0,0,0,0,0,0,1.763409675,0.0,0,0,0.0,0.0,0.0,0,0,0,0,0,0,0,0,0,0.0,0.0,0.0,0,0,0,0,0,0,1,0,0,0,0,0,0,0,0,0,0,0,1589800000000000.0,35242840.15,1589800000000000.0,1589800000000000.0,ARP_POISONING
48,192168121921681354139200006,19216812,54139,19216813,20000,6,18-05-2020 14:53,95596000,7,5,153,85,45,18,21.85714286,10.20504077,17,17,17.0,0.0,2.489643918,0.125528265,8690545.455,9746540.473,24547228,224533,95596000,15932666.67,9379335.901,26033314,2379827,1932464,483116.0,349759.006,975959,224533,1,0,0,0,224,160,0.073224821,0.052303444,17,45,19.69230769,7.619980483,58.06410256,0,0,0,12,12,0,0,0,0,21.33333333,21.85714286,17.0,0,0,0,0,5,43,0,12,0,7,717,297,6,32,0,0,0,0,1589800000000000.0,22185729.96,1589800000000000.0,1589800000000000.0,MITM_DOS
49,86018064000,8601,0,8064,0,0,18-05-2020 14:54,119009322,216,0,0,0,0,0,0.0,0.0,0,0,0.0,0.0,0.0,1.814983872,553531.7302,731514.2728,4926808,9,119009322,553531.7302,731514.2728,4926808,9,0,0.0,0.0,0,0,0,0,0,0,0,0,1.814983872,0.0,0,0,0.0,0.0,0.0,0,0,0,0,0,0,0,0,0,0.0,0.0,0.0,0,0,0,0,0,0,1,0,0,0,0,0,0,0,0,0,0,0,1589800000000000.0,32171037.42,1589800000000000.0,1589800000000000.0,ARP_POISONING
50,192168121921681354139200006,19216812,54139,19216813,20000,6,18-05-2020 14:55,91186944,4,7,346,715,292,18,86.5,137.0,292,0,102.1428571,117.1116683,11.63543763,0.120631304,9118694.4,13923591.04,41076243,420798,62445927,20815309.0,22367088.15,46003064,3274778,90672085,15112014.17,33671586.08,83823504,420798,1,0,0,0,128,236,0.043865929,0.076765376,0,292,112.75,125.8687087,15842.93182,0,0,0,10,11,0,0,0,1,123.0,86.5,102.1428571,0,0,0,0,0,0,0,31,0,65,297,297,3,32,0,0,0,0,1589800000000000.0,35360656.88,1589800000000000.0,1589800000000000.0,MITM_DOS
51,86018064000,8601,0,8064,0,0,18-05-2020 14:56,119758157,215,0,0,0,0,0,0.0,0.0,0,0,0.0,0.0,0.0,1.795284809,559617.5561,715189.3781,5037434,9,119758157,559617.5561,715189.3781,5037434,9,0,0.0,0.0,0,0,0,0,0,0,0,0,1.795284809,0.0,0,0,0.0,0.0,0.0,0,0,0,0,0,0,0,0,0,0.0,0.0,0.0,0,0,0,0,0,0,1,0,0,0,0,0,0,0,0,0,0,0,1589800000000000.0,34649717.7,1589800000000000.0,1589800000000000.0,ARP_POISONING
52,192168121921681354139200006,19216812,54139,19216813,20000,6,18-05-2020 14:57,67732459,4,5,54,68,18,0,13.5,9.0,17,0,13.6,7.602631123,1.801204353,0.132875731,8466557.375,15319000.48,44717771,6885,67732459,22577486.33,24694803.75,50449587,3426761,2626462,656615.5,678683.7279,1556132,6885,1,0,0,0,128,172,0.05905588,0.073819851,0,18,14.0,7.393691004,54.66666667,0,0,0,7,9,0,0,0,1,15.55555556,13.5,13.6,0,0,0,0,0,0,0,6,0,7,790,297,2,32,0,0,0,0,1589800000000000.0,23011859.34,1589800000000000.0,1589800000000000.0,MITM_DOS
53,86018064000,8601,0,8064,0,0,18-05-2020 14:58,119750684,209,0,0,0,0,0,0.0,0.0,0,0,0.0,0.0,0.0,1.745292745,575724.4423,905039.4279,7550832,11,119750684,575724.4423,905039.4279,7550832,11,0,0.0,0.0,0,0,0,0,0,0,0,0,1.745292745,0.0,0,0,0.0,0.0,0.0,0,0,0,0,0,0,0,0,0,0.0,0.0,0.0,0,0,0,0,0,0,1,0,0,0,0,0,0,0,0,0,0,0,1589800000000000.0,33387681.6,1589800000000000.0,1589800000000000.0,ARP_POISONING
54,192168121921681354139200006,19216812,54139,19216813,20000,6,18-05-2020 14:59,80034651,5,0,90,0,18,18,18.0,0.0,0,0,0.0,0.0,1.124512931,0.062472941,20008662.75,17990893.51,44223896,2690715,80034651,20008662.75,17990893.51,44223896,2690715,0,0.0,0.0,0,0,1,0,0,0,160,0,0.062472941,0.0,18,18,18.0,0.0,0.0,0,0,0,5,5,0,0,0,0,21.6,18.0,0.0,0,0,0,0,0,0,1,18,0,0,831,0,4,32,0,0,0,0,1589800000000000.0,24120120.43,1589800000000000.0,1589800000000000.0,MITM_DOS
55,86018064000,8601,0,8064,0,0,18-05-2020 15:00,119039448,207,0,0,0,0,0,0.0,0.0,0,0,0.0,0.0,0.0,1.738919354,577861.3981,729940.999,5110665,9,119039448,577861.3981,729940.999,5110665,9,0,0.0,0.0,0,0,0,0,0,0,0,0,1.738919354,0.0,0,0,0.0,0.0,0.0,0,0,0,0,0,0,0,0,0,0.0,0.0,0.0,0,0,0,0,0,0,1,0,0,0,0,0,0,0,0,0,0,0,1589800000000000.0,34273545.6,1589800000000000.0,1589800000000000.0,ARP_POISONING
56,86018064000,8601,0,8064,0,0,18-05-2020 15:02,119836866,193,0,0,0,0,0,0.0,0.0,0,0,0.0,0.0,0.0,1.610522758,624150.3437,924740.9464,7705697,16,119836866,624150.3437,924740.9464,7705697,16,0,0.0,0.0,0,0,0,0,0,0,0,0,1.610522758,0.0,0,0,0.0,0.0,0.0,0,0,0,0,0,0,0,0,0,0.0,0.0,0.0,0,0,0,0,0,0,1,0,0,0,0,0,0,0,0,0,0,0,1589800000000000.0,33921281.0,1589800000000000.0,1589800000000000.0,ARP_POISONING
57,86018064000,8601,0,8064,0,0,18-05-2020 15:04,119633032,216,0,0,0,0,0,0.0,0.0,0,0,0.0,0.0,0.0,1.805521405,556432.707,633726.5199,3702230,9,119633032,556432.707,633726.5199,3702230,9,0,0.0,0.0,0,0,0,0,0,0,0,0,1.805521405,0.0,0,0,0.0,0.0,0.0,0,0,0,0,0,0,0,0,0,0.0,0.0,0.0,0,0,0,0,0,0,1,0,0,0,0,0,0,0,0,0,0,0,1589800000000000.0,34599063.21,1589800000000000.0,1589800000000000.0,ARP_POISONING
58,86018064000,8601,0,8064,0,0,18-05-2020 15:06,119813969,209,0,0,0,0,0,0.0,0.0,0,0,0.0,0.0,0.0,1.744370892,576028.6971,740861.3339,4988556,16,119813969,576028.6971,740861.3339,4988556,16,0,0.0,0.0,0,0,0,0,0,0,0,0,1.744370892,0.0,0,0,0.0,0.0,0.0,0,0,0,0,0,0,0,0,0,0.0,0.0,0.0,0,0,0,0,0,0,1,0,0,0,0,0,0,0,0,0,0,0,1589800000000000.0,35077301.8,1589800000000000.0,1589800000000000.0,ARP_POISONING
59,192168121921681354139200006,19216812,54139,19216813,20000,6,18-05-2020 15:06,100011763,6,16,125,479,27,0,20.83333333,10.96205577,292,0,29.9375,70.28652668,6.039289598,0.219974124,4762464.905,9275632.68,42365839,461,100011763,20002352.6,22962281.19,60281444,3686450,95707552,6380503.467,15646281.11,59172796,461,1,0,0,0,204,548,0.059992943,0.159981181,0,292,27.0,58.45355577,3416.818182,0,0,0,17,22,0,0,0,2,28.22727273,20.83333333,29.9375,0,0,0,0,4,56,0,5,0,21,312,312,4,32,0,0,0,0,1589800000000000.0,34079500.37,1589800000000000.0,1589800000000000.0,MITM_DOS
60,86018064000,8601,0,8064,0,0,18-05-2020 15:08,119739935,202,0,0,0,0,0,0.0,0.0,0,0,0.0,0.0,0.0,1.686989391,595721.0697,684715.6495,5156276,8,119739935,595721.0697,684715.6495,5156276,8,0,0.0,0.0,0,0,0,0,0,0,0,0,1.686989391,0.0,0,0,0.0,0.0,0.0,0,0,0,0,0,0,0,0,0,0.0,0.0,0.0,0,0,0,0,0,0,1,0,0,0,0,0,0,0,0,0,0,0,1589800000000000.0,35446917.04,1589800000000000.0,1589800000000000.0,ARP_POISONING
61,192168121921681354139200006,19216812,54139,19216813,20000,6,18-05-2020 15:09,44152530,6,2,161,17,63,0,26.83333333,22.85096643,17,0,8.5,12.02081528,4.031479057,0.18119007,6307504.286,7582411.244,21344044,463174,44152530,8830506.0,8637938.233,21344044,633273,463174,463174.0,0.0,463174,463174,1,0,0,0,204,76,0.135892552,0.045297517,0,63,21.66666667,20.26079959,410.5,0,0,0,6,8,0,0,0,0,24.375,26.83333333,8.5,0,0,0,0,0,0,0,20,0,2,312,312,4,32,0,0,0,0,1589800000000000.0,13340970.94,1589800000000000.0,1589800000000000.0,MITM_DOS
62,86018064000,8601,0,8064,0,0,18-05-2020 15:10,119730918,210,0,0,0,0,0,0.0,0.0,0,0,0.0,0.0,0.0,1.753932932,572875.2057,779063.1884,5449911,15,119730918,572875.2057,779063.1884,5449911,15,0,0.0,0.0,0,0,0,0,0,0,0,0,1.753932932,0.0,0,0,0.0,0.0,0.0,0,0,0,0,0,0,0,0,0,0.0,0.0,0.0,0,0,0,0,0,0,1,0,0,0,0,0,0,0,0,0,0,0,1589800000000000.0,35977295.41,1589800000000000.0,1589800000000000.0,ARP_POISONING
63,192168121921681354139200006,19216812,54139,19216813,20000,6,18-05-2020 15:11,79642437,6,2,382,292,292,0,63.66666667,112.2936626,292,0,146.0,206.4751801,8.462824913,0.10044896,11377491.0,15255986.08,44997984,513,79642437,15928487.4,17090322.86,44997984,4481227,513,513.0,0.0,513,513,1,0,0,0,228,64,0.07533672,0.02511224,0,292,107.3333333,138.8407361,19276.75,0,0,0,6,8,0,0,0,0,120.75,63.66666667,146.0,0,0,0,0,0,0,0,47,0,36,312,312,4,32,0,0,0,0,1589800000000000.0,30259670.96,1589800000000000.0,1589800000000000.0,MITM_DOS
64,86018064000,8601,0,8064,0,0,18-05-2020 15:12,119700389,182,0,0,0,0,0,0.0,0.0,0,0,0.0,0.0,0.0,1.520462895,661328.116,750567.6215,5953494,10,119700389,661328.116,750567.6215,5953494,10,0,0.0,0.0,0,0,0,0,0,0,0,0,1.520462895,0.0,0,0,0.0,0.0,0.0,0,0,0,0,0,0,0,0,0,0.0,0.0,0.0,0,0,0,0,0,0,1,0,0,0,0,0,0,0,0,0,0,0,1589800000000000.0,33319283.2,1589800000000000.0,1589800000000000.0,ARP_POISONING
65,192168121921681354139200006,19216812,54139,19216813,20000,6,18-05-2020 15:13,87969744,5,0,126,0,27,18,25.2,4.024922359,0,0,0.0,0.0,1.432310636,0.056837724,21992436.0,16888410.16,44998101,4641701,87969744,21992436.0,16888410.16,44998101,4641701,0,0.0,0.0,0,0,1,0,0,0,160,0,0.056837724,0.0,18,27,25.5,3.674234614,13.5,0,0,0,5,5,0,0,0,0,30.6,25.2,0.0,0,0,0,0,0,0,1,25,0,0,957,0,4,32,0,0,0,0,1192350000000000.0,794902000000000.0,1589800000000000.0,17001935.0,MITM_DOS
66,86018064000,8601,0,8064,0,0,18-05-2020 15:14,119561683,210,0,0,0,0,0,0.0,0.0,0,0,0.0,0.0,0.0,1.756415557,572065.4689,925391.9263,7533011,9,119561683,572065.4689,925391.9263,7533011,9,0,0.0,0.0,0,0,0,0,0,0,0,0,1.756415557,0.0,0,0,0.0,0.0,0.0,0,0,0,0,0,0,0,0,0,0.0,0.0,0.0,0,0,0,0,0,0,1,0,0,0,0,0,0,0,0,0,0,0,1589800000000000.0,35118074.88,1589800000000000.0,1589800000000000.0,ARP_POISONING
67,192168121921681354139200006,19216812,54139,19216813,20000,6,18-05-2020 15:15,85247887,2,0,54,0,27,27,27.0,0.0,0,0,0.0,0.0,0.633446786,0.023460992,85247887.0,0.0,85247887,85247887,85247887,85247887.0,0.0,85247887,85247887,0,0.0,0.0,0,0,1,0,0,0,64,0,0.023460992,0.0,27,27,27.0,0.0,0.0,0,0,0,2,2,0,0,0,0,40.5,27.0,0.0,0,0,0,0,0,0,1,27,0,0,978,0,1,32,0,0,0,0,85247887.0,0.0,85247887.0,85247887.0,MITM_DOS
68,86018064000,8601,0,8064,0,0,18-05-2020 15:16,119711850,222,0,0,0,0,0,0.0,0.0,0,0,0.0,0.0,0.0,1.854453005,541682.5792,732770.5576,6534391,15,119711850,541682.5792,732770.5576,6534391,15,0,0.0,0.0,0,0,0,0,0,0,0,0,1.854453005,0.0,0,0,0.0,0.0,0.0,0,0,0,0,0,0,0,0,0,0.0,0.0,0.0,0,0,0,0,0,0,1,0,0,0,0,0,0,0,0,0,0,0,1589800000000000.0,35194814.4,1589800000000000.0,1589800000000000.0,ARP_POISONING
69,86018064000,8601,0,8064,0,0,18-05-2020 15:18,119268227,213,0,0,0,0,0,0.0,0.0,0,0,0.0,0.0,0.0,1.785890554,562585.9764,775567.9386,5562429,10,119268227,562585.9764,775567.9386,5562429,10,0,0.0,0.0,0,0,0,0,0,0,0,0,1.785890554,0.0,0,0,0.0,0.0,0.0,0,0,0,0,0,0,0,0,0,0.0,0.0,0.0,0,0,0,0,0,0,1,0,0,0,0,0,0,0,0,0,0,0,1589800000000000.0,34774612.47,1589800000000000.0,1589800000000000.0,ARP_POISONING
70,86018064000,8601,0,8064,0,0,18-05-2020 15:20,118095605,198,0,0,0,0,0,0.0,0.0,0,0,0.0,0.0,0.0,1.676607694,599470.0761,799016.0806,5578106,9,118095605,599470.0761,799016.0806,5578106,9,0,0.0,0.0,0,0,0,0,0,0,0,0,1.676607694,0.0,0,0,0.0,0.0,0.0,0,0,0,0,0,0,0,0,0,0.0,0.0,0.0,0,0,0,0,0,0,1,0,0,0,0,0,0,0,0,0,0,0,1589800000000000.0,35011425.02,1589800000000000.0,1589800000000000.0,ARP_POISONING
71,192168121921681354139200006,19216812,54139,19216813,20000,6,18-05-2020 15:20,56775003,2,0,310,0,292,18,155.0,193.747258,0,0,0.0,0.0,5.460149425,0.03522677,56775003.0,0.0,56775003,56775003,56775003,56775003.0,0.0,56775003,56775003,0,0.0,0.0,0,0,1,0,0,0,64,0,0.03522677,0.0,18,292,200.6666667,158.1939738,25025.33333,0,0,0,2,2,0,0,0,0,301.0,155.0,0.0,0,0,0,0,0,0,1,155,0,0,312,0,1,32,0,0,0,0,56775003.0,0.0,56775003.0,56775003.0,MITM_DOS
72,86018064000,8601,0,8064,0,0,18-05-2020 15:22,118164026,216,0,0,0,0,0,0.0,0.0,0,0,0.0,0.0,0.0,1.827967507,549600.1209,649957.2803,4767112,8,118164026,549600.1209,649957.2803,4767112,8,0,0.0,0.0,0,0,0,0,0,0,0,0,1.827967507,0.0,0,0,0.0,0.0,0.0,0,0,0,0,0,0,0,0,0,0.0,0.0,0.0,0,0,0,0,0,0,1,0,0,0,0,0,0,0,0,0,0,0,1589800000000000.0,34159748.25,1589800000000000.0,1589800000000000.0,ARP_POISONING
73,192168121921681354139200006,19216812,54139,19216813,20000,6,18-05-2020 15:23,114528594,11,2,198,34,18,18,18.0,0.0,17,17,17.0,0.0,2.025694998,0.113508771,9544049.5,10521166.69,30583216,654675,114528594,11452859.4,14246787.36,41739223,654675,804121,804121.0,0.0,804121,804121,1,0,0,0,352,64,0.096045884,0.017462888,17,18,17.85714286,0.36313652,0.131868132,0,0,0,13,13,0,0,0,0,19.23076923,18.0,17.0,0,0,0,0,0,0,0,15,0,2,1052,326,10,32,0,0,0,0,1589800000000000.0,36401357.22,1589800000000000.0,1589800000000000.0,MITM_DOS
74,86018064000,8601,0,8064,0,0,18-05-2020 15:25,119779803,195,0,0,0,0,0,0.0,0.0,0,0,0.0,0.0,0.0,1.627987316,617421.6649,936804.2961,6868546,9,119779803,617421.6649,936804.2961,6868546,9,0,0.0,0.0,0,0,0,0,0,0,0,0,1.627987316,0.0,0,0,0.0,0.0,0.0,0,0,0,0,0,0,0,0,0,0.0,0.0,0.0,0,0,0,0,0,0,1,0,0,0,0,0,0,0,0,0,0,0,1589800000000000.0,32710537.44,1589800000000000.0,1589800000000000.0,ARP_POISONING
75,192168121921681354139200006,19216812,54139,19216813,20000,6,18-05-2020 15:25,87336639,2,12,18,187,18,0,9.0,12.72792206,17,0,15.58333333,4.907477288,2.347239399,0.160299276,6718203.0,12840619.55,46804870,262736,87336639,87336639.0,0.0,87336639,87336639,62775959,5706905.364,13705781.11,46804870,262736,1,0,0,0,64,396,0.022899897,0.137399379,0,18,14.86666667,6.045856511,36.55238095,0,0,0,12,14,0,0,0,6,15.92857143,9.0,15.58333333,0,0,0,0,0,0,0,1,0,13,1084,326,0,32,0,0,0,0,1467510000000000.0,440933000000000.0,1589800000000000.0,15952470.0,MITM_DOS
76,86018064000,8601,0,8064,0,0,18-05-2020 15:27,119919228,211,0,0,0,0,0,0.0,0.0,0,0,0.0,0.0,0.0,1.759517665,571043.9429,763009.866,6633029,13,119919228,571043.9429,763009.866,6633029,13,0,0.0,0.0,0,0,0,0,0,0,0,0,1.759517665,0.0,0,0,0.0,0.0,0.0,0,0,0,0,0,0,0,0,0,0.0,0.0,0.0,0,0,0,0,0,0,1,0,0,0,0,0,0,0,0,0,0,0,1589800000000000.0,33678221.96,1589800000000000.0,1589800000000000.0,ARP_POISONING
77,192168121921681354139200006,19216812,54139,19216813,20000,6,18-05-2020 15:27,100577715,5,3,89,34,18,17,17.8,0.447213595,17,0,11.33333333,9.814954576,1.222934922,0.079540483,14368245.0,20923872.49,59098787,1114419,100577715,25144428.75,28185797.69,66001155,4183706,5787949,2893974.5,2276588.972,4503766,1284183,1,0,0,0,160,108,0.049712802,0.029827681,0,18,15.55555556,5.85472269,34.27777778,0,0,0,7,8,0,0,0,0,17.5,17.8,11.33333333,0,0,0,0,0,0,0,11,0,4,326,326,4,32,0,0,0,0,1589800000000000.0,39808780.4,1589800000000000.0,1589800000000000.0,MITM_DOS
78,86018064000,8601,0,8064,0,0,18-05-2020 15:29,119045488,207,0,0,0,0,0,0.0,0.0,0,0,0.0,0.0,0.0,1.738831126,577890.7184,770843.888,6009668,8,119045488,577890.7184,770843.888,6009668,8,0,0.0,0.0,0,0,0,0,0,0,0,0,1.738831126,0.0,0,0,0.0,0.0,0.0,0,0,0,0,0,0,0,0,0,0.0,0.0,0.0,0,0,0,0,0,0,1,0,0,0,0,0,0,0,0,0,0,0,1589810000000000.0,34024488.64,1589810000000000.0,1589800000000000.0,ARP_POISONING
79,192168121921681354139200006,19216812,54139,19216813,20000,6,18-05-2020 15:29,79079323,4,3,71,51,18,17,17.75,0.5,17,17,17.0,0.0,1.542754735,0.088518714,13179887.17,21329911.09,55464223,427323,79079323,26359774.33,31458880.33,61999536,2455759,6107990,3053995.0,1439699.105,4072016,2035974,1,0,0,0,128,96,0.050582122,0.037936592,17,18,17.375,0.51754917,0.267857143,0,0,0,7,7,0,0,0,0,19.85714286,17.75,17.0,0,0,0,0,0,0,0,10,0,7,340,340,3,32,0,0,0,0,1589810000000000.0,34739557.46,1589810000000000.0,1589800000000000.0,MITM_DOS
80,86018064000,8601,0,8064,0,0,18-05-2020 15:31,119918264,202,0,0,0,0,0,0.0,0.0,0,0,0.0,0.0,0.0,1.684480689,596608.2786,926143.7736,7036983,14,119918264,596608.2786,926143.7736,7036983,14,0,0.0,0.0,0,0,0,0,0,0,0,0,1.684480689,0.0,0,0,0.0,0.0,0.0,0,0,0,0,0,0,0,0,0,0.0,0.0,0.0,0,0,0,0,0,0,1,0,0,0,0,0,0,0,0,0,0,0,1589810000000000.0,34711007.72,1589810000000000.0,1589810000000000.0,ARP_POISONING
81,192168121921681354139200006,19216812,54139,19216813,20000,6,18-05-2020 15:32,78855718,1,12,18,170,18,18,18.0,0.0,17,0,14.16666667,6.617241025,2.384101049,0.164858051,6571309.833,15841846.9,56529049,286812,0,0.0,0.0,0,0,76979439,6998130.818,16542545.13,56529049,286812,1,0,0,0,32,408,0.012681389,0.152176663,0,18,14.71428571,6.244118111,38.98901099,0,0,0,11,13,0,0,0,12,15.84615385,18.0,14.16666667,0,0,0,0,0,0,0,1,0,13,1200,340,0,32,0,0,0,0,1589810000000000.0,31755485.62,1589810000000000.0,1589810000000000.0,MITM_DOS
82,86018064000,8601,0,8064,0,0,18-05-2020 15:33,119801421,203,0,0,0,0,0,0.0,0.0,0,0,0.0,0.0,0.0,1.694470719,593076.3416,724984.7334,4329982,12,119801421,593076.3416,724984.7334,4329982,12,0,0.0,0.0,0,0,0,0,0,0,0,0,1.694470719,0.0,0,0,0.0,0.0,0.0,0,0,0,0,0,0,0,0,0,0.0,0.0,0.0,0,0,0,0,0,0,1,0,0,0,0,0,0,0,0,0,0,0,1589810000000000.0,35264892.03,1589810000000000.0,1589810000000000.0,ARP_POISONING
83,192168121921681354139200006,19216812,54139,19216813,20000,6,18-05-2020 15:34,88422927,3,7,80,85,45,17,26.66666667,15.88500341,17,0,12.14285714,8.29515062,1.866031872,0.113092841,9824769.667,17958090.33,54400563,108562,88422927,44211463.5,25155793.97,61999296,26423631,67184445,11197407.5,23870747.6,59848385,108562,1,0,0,0,96,248,0.033927852,0.079164989,0,45,16.54545455,11.66502153,136.0727273,0,0,0,8,10,0,0,0,2,18.2,26.66666667,12.14285714,0,0,0,0,4,39,0,8,0,8,340,354,2,32,0,0,0,0,1589810000000000.0,31584592.05,1589810000000000.0,1589810000000000.0,MITM_DOS
84,86018064000,8601,0,8064,0,0,18-05-2020 15:35,119271576,198,0,0,0,0,0,0.0,0.0,0,0,0.0,0.0,0.0,1.660076999,605439.4721,869826.38,7358464,13,119271576,605439.4721,869826.38,7358464,13,0,0.0,0.0,0,0,0,0,0,0,0,0,1.660076999,0.0,0,0,0.0,0.0,0.0,0,0,0,0,0,0,0,0,0,0.0,0.0,0.0,0,0,0,0,0,0,1,0,0,0,0,0,0,0,0,0,0,0,1589810000000000.0,34180106.43,1589810000000000.0,1589810000000000.0,ARP_POISONING
85,192168121921681354139200006,19216812,54139,19216813,20000,6,18-05-2020 15:36,119593266,2,9,165,2509,120,45,82.5,53.03300859,495,0,278.7777778,252.4870184,22.35911845,0.091978423,11959326.6,25799206.71,84096040,184,105815714,105815714.0,0.0,105815714,105815714,35497226,4437153.25,8380992.049,24689913,184,1,0,0,0,64,300,0.01672335,0.075255073,0,495,226.5833333,235.8391048,55620.08333,0,0,0,10,11,0,0,0,4,247.1818182,82.5,278.7777778,0,0,0,0,4,792,0,15,0,228,1263,354,1,32,0,0,0,0,1430820000000000.0,502741000000000.0,1589810000000000.0,84096040.0,MITM_DOS
86,86018064000,8601,0,8064,0,0,18-05-2020 15:37,117439436,182,0,0,0,0,0,0.0,0.0,0,0,0.0,0.0,0.0,1.549734963,648836.663,840430.594,5042811,7,117439436,648836.663,840430.594,5042811,7,0,0.0,0.0,0,0,0,0,0,0,0,0,1.549734963,0.0,0,0,0.0,0.0,0.0,0,0,0,0,0,0,0,0,0,0.0,0.0,0.0,0,0,0,0,0,0,1,0,0,0,0,0,0,0,0,0,0,0,1589810000000000.0,31563781.86,1589810000000000.0,1589810000000000.0,ARP_POISONING
87,192168121921681354139200006,19216812,54139,19216813,20000,6,18-05-2020 15:38,58804339,5,0,71,0,18,0,14.2,7.949842766,0,0,0.0,0.0,1.207393897,0.085027739,14701084.75,12058515.48,32735992,7497170,58804339,14701084.75,12058515.48,32735992,7497170,0,0.0,0.0,0,0,1,0,0,0,160,0,0.085027739,0.0,0,18,14.66666667,7.201851614,51.86666667,0,0,0,4,5,0,0,0,0,17.6,14.2,0.0,0,0,0,0,0,0,1,14,0,0,354,0,3,32,0,0,0,0,1192350000000000.0,794903000000000.0,1589810000000000.0,9740517.0,MITM_DOS
88,86018064000,8601,0,8064,0,0,18-05-2020 15:39,119739007,213,0,0,0,0,0,0.0,0.0,0,0,0.0,0.0,0.0,1.778868936,564806.6368,799630.9349,5379772,8,119739007,564806.6368,799630.9349,5379772,8,0,0.0,0.0,0,0,0,0,0,0,0,0,1.778868936,0.0,0,0,0.0,0.0,0.0,0,0,0,0,0,0,0,0,0,0.0,0.0,0.0,0,0,0,0,0,0,1,0,0,0,0,0,0,0,0,0,0,0,1589810000000000.0,34647334.96,1589810000000000.0,1589810000000000.0,ARP_POISONING
89,86018064000,8601,0,8064,0,0,18-05-2020 15:41,119785744,207,0,0,0,0,0,0.0,0.0,0,0,0.0,0.0,0.0,1.728085439,581484.1942,831731.9609,6462647,9,119785744,581484.1942,831731.9609,6462647,9,0,0.0,0.0,0,0,0,0,0,0,0,0,1.728085439,0.0,0,0,0.0,0.0,0.0,0,0,0,0,0,0,0,0,0,0.0,0.0,0.0,0,0,0,0,0,0,1,0,0,0,0,0,0,0,0,0,0,0,1589810000000000.0,34802994.11,1589810000000000.0,1589810000000000.0,ARP_POISONING
90,86018064000,8601,0,8064,0,0,18-05-2020 15:43,119497324,207,0,0,0,0,0,0.0,0.0,0,0,0.0,0.0,0.0,1.732256364,580084.0971,942417.1648,7063961,14,119497324,580084.0971,942417.1648,7063961,14,0,0.0,0.0,0,0,0,0,0,0,0,0,1.732256364,0.0,0,0,0.0,0.0,0.0,0,0,0,0,0,0,0,0,0,0.0,0.0,0.0,0,0,0,0,0,0,1,0,0,0,0,0,0,0,0,0,0,0,1589810000000000.0,36019881.53,1589810000000000.0,1589810000000000.0,ARP_POISONING
91,86018064000,8601,0,8064,0,0,18-05-2020 15:45,119604579,206,0,0,0,0,0,0.0,0.0,0,0,0.0,0.0,0.0,1.722342085,583436.9707,687430.2401,4443288,12,119604579,583436.9707,687430.2401,4443288,12,0,0.0,0.0,0,0,0,0,0,0,0,0,1.722342085,0.0,0,0,0.0,0.0,0.0,0,0,0,0,0,0,0,0,0,0.0,0.0,0.0,0,0,0,0,0,0,1,0,0,0,0,0,0,0,0,0,0,0,1589810000000000.0,34468592.56,1589810000000000.0,1589810000000000.0,ARP_POISONING
92,192168121921681354139200006,19216812,54139,19216813,20000,6,18-05-2020 15:46,111023685,6,4,117,68,27,18,19.5,3.674234614,17,17,17.0,0.0,1.666311112,0.090070871,12335965.0,17470458.7,56057498,546480,111023685,22204737.0,23579194.46,62576375,5023600,23414463,7804821.0,10305121.55,19599951,546480,1,0,0,0,192,128,0.054042523,0.036028348,17,27,19.27272727,3.849439156,14.81818182,0,0,0,10,10,0,0,0,0,21.2,19.5,17.0,0,0,0,0,0,0,0,11,0,6,1294,368,5,32,0,0,0,0,1413160000000000.0,529935000000000.0,1589810000000000.0,22002981.0,MITM_DOS
93,86018064000,8601,0,8064,0,0,18-05-2020 15:47,119929550,216,0,0,0,0,0,0.0,0.0,0,0,0.0,0.0,0.0,1.801057371,557811.8605,823073.9945,5564885,9,119929550,557811.8605,823073.9945,5564885,9,0,0.0,0.0,0,0,0,0,0,0,0,0,1.801057371,0.0,0,0,0.0,0.0,0.0,0,0,0,0,0,0,0,0,0,0.0,0.0,0.0,0,0,0,0,0,0,1,0,0,0,0,0,0,0,0,0,0,0,1589810000000000.0,34353848.11,1589810000000000.0,1589810000000000.0,ARP_POISONING
94,192168121921681354139200006,19216812,54139,19216813,20000,6,18-05-2020 15:48,119660207,3,1,54,17,18,18,18.0,0.0,17,17,17.0,0.0,0.593346792,0.033427988,39886735.67,28669415.86,67125580,9974081,119660207,59830103.5,70507063.19,109686126,9974081,0,0.0,0.0,0,0,1,0,0,0,96,32,0.025070991,0.008356997,17,18,17.8,0.447213595,0.2,0,0,0,4,4,0,0,0,0,22.25,18.0,17.0,0,0,0,0,0,0,0,13,0,4,1326,368,2,32,0,0,0,0,1059870000000000.0,917875000000000.0,1589810000000000.0,42560546.0,MITM_DOS
95,86018064000,8601,0,8064,0,0,18-05-2020 15:49,119883291,186,0,0,0,0,0,0.0,0.0,0,0,0.0,0.0,0.0,1.551508959,648017.7892,937870.2358,5177074,7,119883291,648017.7892,937870.2358,5177074,7,0,0.0,0.0,0,0,0,0,0,0,0,0,1.551508959,0.0,0,0,0.0,0.0,0.0,0,0,0,0,0,0,0,0,0,0.0,0.0,0.0,0,0,0,0,0,0,1,0,0,0,0,0,0,0,0,0,0,0,1589810000000000.0,33280033.72,1589810000000000.0,1589810000000000.0,ARP_POISONING
96,192168121921681354139200006,19216812,54139,19216813,20000,6,18-05-2020 15:50,71012094,8,3,144,51,18,18,18.0,0.0,17,17,17.0,0.0,2.746011123,0.154903192,7101209.4,7452821.632,18442351,370060,71012094,10144584.86,8570099.043,19973398,497566,1978113,989056.5,875393.2454,1608053,370060,1,0,0,0,256,96,0.112656867,0.042246325,17,18,17.75,0.452267017,0.204545455,0,0,0,11,11,0,0,0,0,19.36363636,18.0,17.0,0,0,0,0,0,0,0,13,0,4,1389,368,7,32,0,0,0,0,1430830000000000.0,502741000000000.0,1589810000000000.0,18442351.0,MITM_DOS
97,86018064000,8601,0,8064,0,0,18-05-2020 15:51,119382915,200,0,0,0,0,0,0.0,0.0,0,0,0.0,0.0,0.0,1.675281593,599914.1457,802528.8236,6407082,9,119382915,599914.1457,802528.8236,6407082,9,0,0.0,0.0,0,0,0,0,0,0,0,0,1.675281593,0.0,0,0,0.0,0.0,0.0,0,0,0,0,0,0,0,0,0,0.0,0.0,0.0,0,0,0,0,0,0,1,0,0,0,0,0,0,0,0,0,0,0,1589810000000000.0,34549459.15,1589810000000000.0,1589810000000000.0,ARP_POISONING
98,192168121921681354139200006,19216812,54139,19216813,20000,6,18-05-2020 15:52,70410858,4,12,72,153,18,18,18.0,0.0,17,0,12.75,7.688539287,3.195529871,0.22723768,4694057.2,7191386.816,27455952,249670,25994740,8664913.333,11426072.62,21743999,622615,58911552,5355595.636,8350303.907,27455952,249670,1,0,0,0,128,408,0.05680942,0.17042826,0,18,14.29411765,6.835246026,46.72058824,0,0,0,13,16,0,0,0,3,15.1875,18.0,12.75,0,0,0,0,4,44,0,4,0,9,1400,382,3,32,0,0,0,0,1589810000000000.0,22578663.4,1589810000000000.0,1589810000000000.0,MITM_DOS
99,86018064000,8601,0,8064,0,0,18-05-2020 15:53,119595294,187,0,0,0,0,0,0.0,0.0,0,0,0.0,0.0,0.0,1.563606675,642985.4516,936891.0978,5822170,15,119595294,642985.4516,936891.0978,5822170,15,0,0.0,0.0,0,0,0,0,0,0,0,0,1.563606675,0.0,0,0,0.0,0.0,0.0,0,0,0,0,0,0,0,0,0,0.0,0.0,0.0,0,0,0,0,0,0,1,0,0,0,0,0,0,0,0,0,0,0,1589810000000000.0,34131649.43,1589810000000000.0,1589810000000000.0,ARP_POISONING
100,192168121921681354139200006,19216812,54139,19216813,20000,6,18-05-2020 15:54,88905578,10,0,162,0,18,0,16.2,5.692099788,0,0,0.0,0.0,1.822157885,0.112478882,9878397.556,19018196.94,59561322,366737,88905578,9878397.556,19018196.94,59561322,366737,0,0.0,0.0,0,0,0,0,0,0,320,0,0.112478882,0.0,0,18,14.72727273,7.281358515,53.01818182,0,0,0,9,10,0,0,0,0,16.2,16.2,0.0,0,0,0,0,0,0,1,16,0,0,1400,0,9,32,0,0,0,0,1589810000000000.0,35194683.59,1589810000000000.0,1589810000000000.0,MITM_DOS
101,86018064000,8601,0,8064,0,0,18-05-2020 15:55,119832700,198,0,0,0,0,0,0.0,0.0,0,0,0.0,0.0,0.0,1.652303587,608287.8173,866379.7265,7172132,10,119832700,608287.8173,866379.7265,7172132,10,0,0.0,0.0,0,0,0,0,0,0,0,0,1.652303587,0.0,0,0,0.0,0.0,0.0,0,0,0,0,0,0,0,0,0,0.0,0.0,0.0,0,0,0,0,0,0,1,0,0,0,0,0,0,0,0,0,0,0,1581740000000000.0,113269000000000.0,1589810000000000.0,7172132.0,ARP_POISONING
102,86018064000,8601,0,8064,0,0,18-05-2020 15:57,116212935,217,0,0,0,0,0,0.0,0.0,0,0,0.0,0.0,0.0,1.867262022,538022.8472,744802.5452,6395528,10,116212935,538022.8472,744802.5452,6395528,10,0,0.0,0.0,0,0,0,0,0,0,0,0,1.867262022,0.0,0,0,0.0,0.0,0.0,0,0,0,0,0,0,0,0,0,0.0,0.0,0.0,0,0,0,0,0,0,1,0,0,0,0,0,0,0,0,0,0,0,1589810000000000.0,35344353.62,1589810000000000.0,1589810000000000.0,ARP_POISONING
103,192168121921681354139200006,19216812,54139,19216813,20000,6,18-05-2020 15:56,73696081,4,9,71,85,18,17,17.75,0.5,17,0,9.444444444,8.959786704,2.116801842,0.176400153,6141340.083,9834818.869,33354267,310461,68330404,22776801.33,13618842.1,34560006,7866334,73385620,9173202.5,13486664.22,38719944,330449,1,0,0,0,128,336,0.05427697,0.122123183,0,18,12.35714286,8.120317755,65.93956044,0,0,0,9,13,0,0,0,2,13.30769231,17.75,9.444444444,0,0,0,0,0,0,0,5,0,6,382,382,3,32,0,0,0,0,1589810000000000.0,21007488.19,1589810000000000.0,1589810000000000.0,MITM_DOS
104,86018064000,8601,0,8064,0,0,18-05-2020 15:59,119679791,197,0,0,0,0,0,0.0,0.0,0,0,0.0,0.0,0.0,1.646059024,610611.1786,834373.9404,6054685,16,119679791,610611.1786,834373.9404,6054685,16,0,0.0,0.0,0,0,0,0,0,0,0,0,1.646059024,0.0,0,0,0.0,0.0,0.0,0,0,0,0,0,0,0,0,0,0.0,0.0,0.0,0,0,0,0,0,0,1,0,0,0,0,0,0,0,0,0,0,0,1589810000000000.0,36128045.75,1589810000000000.0,1589810000000000.0,ARP_POISONING
105,192168121921681354139200006,19216812,54139,19216813,20000,6,18-05-2020 15:59,13685559,1,1,18,17,18,18,18.0,0.0,17,17,17.0,0.0,2.557440292,0.146139445,13685559.0,0.0,13685559,13685559,0,0.0,0.0,0,0,0,0.0,0.0,0,0,1,0,0,0,32,32,0.073069723,0.073069723,17,18,17.66666667,0.577350269,0.333333333,0,0,0,2,2,0,0,0,1,26.5,18.0,17.0,0,0,0,0,0,0,0,9,0,8,1444,382,0,32,0,0,0,0,13685559.0,0.0,13685559.0,13685559.0,MITM_DOS
106,86018064000,8601,0,8064,0,0,18-05-2020 16:01,119040856,178,0,0,0,0,0,0.0,0.0,0,0,0.0,0.0,0.0,1.495284947,672547.209,1037827.055,6405096,15,119040856,672547.209,1037827.055,6405096,15,0,0.0,0.0,0,0,0,0,0,0,0,0,1.495284947,0.0,0,0,0.0,0.0,0.0,0,0,0,0,0,0,0,0,0,0.0,0.0,0.0,0,0,0,0,0,0,1,0,0,0,0,0,0,0,0,0,0,0,1589810000000000.0,32560483.97,1589810000000000.0,1589810000000000.0,ARP_POISONING
107,192168121921681354139200006,19216812,54139,19216813,20000,6,18-05-2020 16:02,118824238,15,12,269,119,18,17,17.93333333,0.25819889,17,0,9.916666667,8.753787059,3.265327062,0.227226368,4570163.0,7357023.896,28790371,194597,118824238,8487445.571,9229368.919,28790371,353609,14677315,1334301.364,2537313.655,8888480,194597,1,0,0,0,480,444,0.126236871,0.100989497,0,18,14.46428571,6.882517535,47.36904762,0,0,0,22,27,0,0,0,0,15.0,17.93333333,9.916666667,0,0,0,0,0,0,0,9,0,4,396,396,14,32,0,0,0,0,1589810000000000.0,33610166.1,1589810000000000.0,1589810000000000.0,MITM_DOS
108,86018064000,8601,0,8064,0,0,18-05-2020 16:03,119760240,197,0,0,0,0,0,0.0,0.0,0,0,0.0,0.0,0.0,1.644953283,611021.6327,746207.7581,4371983,9,119760240,611021.6327,746207.7581,4371983,9,0,0.0,0.0,0,0,0,0,0,0,0,0,1.644953283,0.0,0,0,0.0,0.0,0.0,0,0,0,0,0,0,0,0,0,0.0,0.0,0.0,0,0,0,0,0,0,1,0,0,0,0,0,0,0,0,0,0,0,1589810000000000.0,36109450.67,1589810000000000.0,1589810000000000.0,ARP_POISONING
109,192168121921681354139200006,19216812,54139,19216813,20000,6,18-05-2020 16:04,98359214,15,14,269,221,18,17,17.93333333,0.25819889,17,0,15.78571429,4.543441113,4.981739687,0.294837655,3512829.071,5424540.945,22526540,200896,98359214,7025658.143,10379487.04,30319327,238777,70040060,5387696.923,15555645.13,57034979,200896,1,0,0,0,480,460,0.152502235,0.14233542,0,18,16.9,3.230778704,10.43793103,0,0,0,28,29,0,0,0,0,17.48275862,17.93333333,15.78571429,0,0,0,0,4,51,0,9,0,7,396,396,14,32,0,0,0,0,1589810000000000.0,27461725.66,1589810000000000.0,1589810000000000.0,MITM_DOS
110,86018064000,8601,0,8064,0,0,18-05-2020 16:05,119115976,214,0,0,0,0,0,0.0,0.0,0,0,0.0,0.0,0.0,1.796568413,559229.9343,868967.921,8104883,7,119115976,559229.9343,868967.921,8104883,7,0,0.0,0.0,0,0,0,0,0,0,0,0,1.796568413,0.0,0,0,0.0,0.0,0.0,0,0,0,0,0,0,0,0,0,0.0,0.0,0.0,0,0,0,0,0,0,1,0,0,0,0,0,0,0,0,0,0,0,1589810000000000.0,34281558.08,1589810000000000.0,1589810000000000.0,ARP_POISONING
111,192168121921681354139200006,19216812,54139,19216813,20000,6,18-05-2020 16:06,116821819,6,11,90,170,18,0,15.0,7.348469228,17,0,15.45454545,5.125692858,2.225611639,0.145520761,7301363.688,15621205.33,62225117,205129,116821819,23364363.8,26278275.51,62225117,1706766,14917087,1491708.7,2412191.96,7704410,205129,1,0,0,0,192,364,0.051360269,0.094160492,0,18,15.44444444,5.638337492,31.79084967,0,0,0,15,17,0,0,0,1,16.35294118,15.0,15.45454545,0,0,0,0,5,50,0,5,0,10,1444,411,4,32,0,0,0,0,1490440000000000.0,397452000000000.0,1589810000000000.0,62225117.0,MITM_DOS
112,86018064000,8601,0,8064,0,0,18-05-2020 16:07,119502500,210,0,0,0,0,0,0.0,0.0,0,0,0.0,0.0,0.0,1.757285412,571782.2967,868448.8897,6599477,11,119502500,571782.2967,868448.8897,6599477,11,0,0.0,0.0,0,0,0,0,0,0,0,0,1.757285412,0.0,0,0,0.0,0.0,0.0,0,0,0,0,0,0,0,0,0,0.0,0.0,0.0,0,0,0,0,0,0,1,0,0,0,0,0,0,0,0,0,0,0,1589810000000000.0,34827784.01,1589810000000000.0,1589810000000000.0,ARP_POISONING
113,192168121921681354139200006,19216812,54139,19216813,20000,6,18-05-2020 16:08,103155465,5,10,81,153,27,0,16.2,9.859006035,17,0,15.3,5.375872022,2.268420776,0.145411588,7368247.5,9592893.099,27235037,505,76802984,19200746.0,11980165.47,30422174,4342616,66921498,7435722.0,19317650.01,58874684,505,0,0,0,0,172,320,0.048470529,0.096941059,0,27,14.625,7.658328799,58.65,0,0,0,13,15,0,0,0,2,15.6,16.2,15.3,0,0,0,0,5,51,0,5,0,10,1444,411,4,32,0,0,0,0,1476250000000000.0,424894000000000.0,1589810000000000.0,14803157.0,MITM_DOS
114,86018064000,8601,0,8064,0,0,18-05-2020 16:09,119467734,208,0,0,0,0,0,0.0,0.0,0,0,0.0,0.0,0.0,1.741055874,577138.8116,700596.4291,3853389,11,119467734,577138.8116,700596.4291,3853389,11,0,0.0,0.0,0,0,0,0,0,0,0,0,1.741055874,0.0,0,0,0.0,0.0,0.0,0,0,0,0,0,0,0,0,0,0.0,0.0,0.0,0,0,0,0,0,0,1,0,0,0,0,0,0,0,0,0,0,0,1589810000000000.0,33924119.44,1589810000000000.0,1589810000000000.0,ARP_POISONING
115,86018064000,8601,0,8064,0,0,18-05-2020 16:11,119646261,215,0,0,0,0,0,0.0,0.0,0,0,0.0,0.0,0.0,1.796963801,559094.6776,842661.88,6246686,17,119646261,559094.6776,842661.88,6246686,17,0,0.0,0.0,0,0,0,0,0,0,0,0,1.796963801,0.0,0,0,0.0,0.0,0.0,0,0,0,0,0,0,0,0,0,0.0,0.0,0.0,0,0,0,0,0,0,1,0,0,0,0,0,0,0,0,0,0,0,1589810000000000.0,35090384.56,1589810000000000.0,1589810000000000.0,ARP_POISONING
116,192168121921681354139200006,19216812,54139,19216813,20000,6,18-05-2020 16:11,70580709,4,0,72,0,18,18,18.0,0.0,0,0,0.0,0.0,1.020108767,0.056672709,23526903.0,19325997.87,43648019,5108731,70580709,23526903.0,19325997.87,43648019,5108731,0,0.0,0.0,0,0,1,0,0,0,128,0,0.056672709,0.0,18,18,18.0,0.0,0.0,0,0,0,4,4,0,0,0,0,22.5,18.0,0.0,0,0,0,0,0,0,1,18,0,0,1444,0,3,32,0,0,0,0,1059870000000000.0,917876000000000.0,1589810000000000.0,5108731.0,MITM_DOS
117,86018064000,8601,0,8064,0,0,18-05-2020 16:13,119766101,205,0,0,0,0,0,0.0,0.0,0,0,0.0,0.0,0.0,1.711669648,587088.7304,885993.9207,7402799,7,119766101,587088.7304,885993.9207,7402799,7,0,0.0,0.0,0,0,0,0,0,0,0,0,1.711669648,0.0,0,0,0.0,0.0,0.0,0,0,0,0,0,0,0,0,0,0.0,0.0,0.0,0,0,0,0,0,0,1,0,0,0,0,0,0,0,0,0,0,0,1589810000000000.0,33524944.22,1589810000000000.0,1589810000000000.0,ARP_POISONING
118,192168121921681354139200006,19216812,54139,19216813,20000,6,18-05-2020 16:14,71969924,6,4,108,1248,27,0,18.0,9.859006035,478,186,312.0,121.4248739,18.84120372,0.13894693,7996658.222,5851917.722,18912820,569407,60459576,12091915.2,10339556.67,29190578,3915637,49141467,16380489.0,25111724.95,45336113,569407,1,0,0,0,204,128,0.083368158,0.055578772,0,478,125.7272727,162.137652,26288.61818,0,0,0,9,10,0,0,0,0,138.3,18.0,312.0,0,0,0,0,0,0,0,10,0,124,1444,425,4,32,0,0,0,0,1589810000000000.0,17502580.37,1589810000000000.0,1589810000000000.0,MITM_DOS
119,86018064000,8601,0,8064,0,0,18-05-2020 16:15,117772236,212,0,0,0,0,0,0.0,0.0,0,0,0.0,0.0,0.0,1.800084699,558162.2559,910840.3071,8521071,7,117772236,558162.2559,910840.3071,8521071,7,0,0.0,0.0,0,0,0,0,0,0,0,0,1.800084699,0.0,0,0,0.0,0.0,0.0,0,0,0,0,0,0,0,0,0,0.0,0.0,0.0,0,0,0,0,0,0,1,0,0,0,0,0,0,0,0,0,0,0,1589810000000000.0,33628065.1,1589810000000000.0,1589810000000000.0,ARP_POISONING
120,86018064000,8601,0,8064,0,0,18-05-2020 16:17,118755206,201,0,0,0,0,0,0.0,0.0,0,0,0.0,0.0,0.0,1.692557377,593776.03,803359.9883,6061594,4,118755206,593776.03,803359.9883,6061594,4,0,0.0,0.0,0,0,0,0,0,0,0,0,1.692557377,0.0,0,0,0.0,0.0,0.0,0,0,0,0,0,0,0,0,0,0.0,0.0,0.0,0,0,0,0,0,0,1,0,0,0,0,0,0,0,0,0,0,0,1589810000000000.0,34700528.6,1589810000000000.0,1589810000000000.0,ARP_POISONING
121,192168121921681354139200006,19216812,54139,19216813,20000,6,18-05-2020 16:16,95755664,5,2,117,478,27,18,23.4,4.929503018,292,186,239.0,74.95331881,6.213731649,0.073102725,15959277.33,12240177.91,39167913,4604611,95755664,23938916.0,10888738.99,39167913,14692231,9893436,9893436.0,0.0,9893436,9893436,1,0,0,0,160,64,0.052216232,0.020886493,18,292,77.75,103.5536438,10723.35714,0,0,0,7,7,0,0,0,0,88.85714286,23.4,239.0,0,0,0,0,0,0,0,16,0,68,1444,425,4,32,0,0,0,0,1589810000000000.0,29338259.7,1589810000000000.0,1589810000000000.0,MITM_DOS
122,86018064000,8601,0,8064,0,0,18-05-2020 16:19,119501118,193,0,0,0,0,0,0.0,0.0,0,0,0.0,0.0,0.0,1.615047652,622401.6563,887869.7777,6763003,14,119501118,622401.6563,887869.7777,6763003,14,0,0.0,0.0,0,0,0,0,0,0,0,0,1.615047652,0.0,0,0,0.0,0.0,0.0,0,0,0,0,0,0,0,0,0,0.0,0.0,0.0,0,0,0,0,0,0,1,0,0,0,0,0,0,0,0,0,0,0,1589810000000000.0,34634951.25,1589810000000000.0,1589810000000000.0,ARP_POISONING
123,192168121921681354139200006,19216812,54139,19216813,20000,6,18-05-2020 16:19,75647565,2,2,127,17,110,17,63.5,65.76093065,17,0,8.5,12.02081528,1.903564246,0.052876785,25215855.0,17528137.04,41472512,6645955,48118467,48118467.0,0.0,48118467,48118467,69001610,69001610.0,0.0,69001610,69001610,1,0,0,0,64,76,0.026438392,0.026438392,0,110,32.2,44.11008955,1945.7,0,0,0,3,4,0,0,0,1,40.25,63.5,8.5,0,0,0,0,0,0,0,31,0,4,425,439,1,32,0,0,0,0,1059870000000000.0,917876000000000.0,1589810000000000.0,6645955.0,MITM_DOS
124,86018064000,8601,0,8064,0,0,18-05-2020 16:21,119290148,213,0,0,0,0,0,0.0,0.0,0,0,0.0,0.0,0.0,1.785562375,562689.3774,765888.3741,5022017,8,119290148,562689.3774,765888.3741,5022017,8,0,0.0,0.0,0,0,0,0,0,0,0,0,1.785562375,0.0,0,0,0.0,0.0,0.0,0,0,0,0,0,0,0,0,0,0.0,0.0,0.0,0,0,0,0,0,0,1,0,0,0,0,0,0,0,0,0,0,0,1589810000000000.0,35129830.23,1589810000000000.0,1589810000000000.0,ARP_POISONING
125,192168121921681354139200006,19216812,54139,19216813,20000,6,18-05-2020 16:22,103039683,3,2,173,966,128,0,57.66666667,64.93329911,674,292,483.0,270.1147904,11.05399363,0.048524994,25759920.75,23382488.5,50368565,493,103039683,51519841.5,16369830.99,63095060,39944623,12726002,12726002.0,0.0,12726002,12726002,0,0,0,0,108,64,0.029114996,0.019409998,0,674,189.8333333,261.4302329,68345.76667,0,0,0,4,5,0,0,0,0,227.8,57.66666667,483.0,0,0,0,0,0,0,0,34,0,193,453,453,2,32,0,0,0,0,1589810000000000.0,22427332.42,1589810000000000.0,1589810000000000.0,MITM_DOS
126,86018064000,8601,0,8064,0,0,18-05-2020 16:23,119999720,185,0,0,0,0,0,0.0,0.0,0,0,0.0,0.0,0.0,1.541670264,652172.3913,889532.5063,6791404,9,119999720,652172.3913,889532.5063,6791404,9,0,0.0,0.0,0,0,0,0,0,0,0,0,1.541670264,0.0,0,0,0.0,0.0,0.0,0,0,0,0,0,0,0,0,0,0.0,0.0,0.0,0,0,0,0,0,0,1,0,0,0,0,0,0,0,0,0,0,0,1589810000000000.0,35212658.93,1589810000000000.0,1589810000000000.0,ARP_POISONING
127,86018064000,8601,0,8064,0,0,18-05-2020 16:25,119896275,189,0,0,0,0,0,0.0,0.0,0,0,0.0,0.0,0.0,1.576362568,637746.1436,708711.1855,3919387,9,119896275,637746.1436,708711.1855,3919387,9,0,0.0,0.0,0,0,0,0,0,0,0,0,1.576362568,0.0,0,0,0.0,0.0,0.0,0,0,0,0,0,0,0,0,0,0.0,0.0,0.0,0,0,0,0,0,0,1,0,0,0,0,0,0,0,0,0,0,0,1589810000000000.0,33192723.24,1589810000000000.0,1589810000000000.0,ARP_POISONING
128,192168121921681354139200006,19216812,54139,19216813,20000,6,18-05-2020 16:25,59529028,2,0,1139,0,966,173,569.5,560.7356775,0,0,0.0,0.0,19.13352256,0.033597055,59529028.0,0.0,59529028,59529028,59529028,59529028.0,0.0,59529028,59529028,0,0.0,0.0,0,0,1,0,0,0,64,0,0.033597055,0.0,173,966,701.6666667,457.8387635,209616.3333,0,0,0,2,2,0,0,0,0,1052.5,569.5,0.0,0,0,0,0,0,0,1,569,0,0,453,0,1,32,0,0,0,0,59529028.0,0.0,59529028.0,59529028.0,MITM_DOS
129,86018064000,8601,0,8064,0,0,18-05-2020 16:27,119235415,204,0,0,0,0,0,0.0,0.0,0,0,0.0,0.0,0.0,1.710901078,587366.5764,825101.9574,4821350,14,119235415,587366.5764,825101.9574,4821350,14,0,0.0,0.0,0,0,0,0,0,0,0,0,1.710901078,0.0,0,0,0.0,0.0,0.0,0,0,0,0,0,0,0,0,0,0.0,0.0,0.0,0,0,0,0,0,0,1,0,0,0,0,0,0,0,0,0,0,0,1589810000000000.0,36642865.99,1589810000000000.0,1589810000000000.0,ARP_POISONING
130,192168121921681354139200006,19216812,54139,19216813,20000,6,18-05-2020 16:28,97279583,5,0,292,0,220,0,58.4,91.0346088,0,0,0.0,0.0,3.001657604,0.051398247,24319895.75,15530223.78,37768339,10615823,97279583,24319895.75,15530223.78,37768339,10615823,0,0.0,0.0,0,0,1,0,0,0,196,0,0.051398247,0.0,0,220,51.5,83.15948533,6915.5,0,0,0,4,5,0,0,0,0,61.8,58.4,0.0,0,0,0,0,0,0,1,58,0,0,467,0,3,32,0,0,0,0,1192360000000000.0,794904000000000.0,1589810000000000.0,11127263.0,MITM_DOS
131,86018064000,8601,0,8064,0,0,18-05-2020 16:29,119293233,203,0,0,0,0,0,0.0,0.0,0,0,0.0,0.0,0.0,1.701689148,590560.5594,845416.7231,8149620,8,119293233,590560.5594,845416.7231,8149620,8,0,0.0,0.0,0,0,0,0,0,0,0,0,1.701689148,0.0,0,0,0.0,0.0,0.0,0,0,0,0,0,0,0,0,0,0.0,0.0,0.0,0,0,0,0,0,0,1,0,0,0,0,0,0,0,0,0,0,0,1589810000000000.0,34644277.33,1589810000000000.0,1589810000000000.0,ARP_POISONING
132,86018064000,8601,0,8064,0,0,18-05-2020 16:31,119684085,201,0,0,0,0,0,0.0,0.0,0,0,0.0,0.0,0.0,1.679421286,598420.425,829563.1212,5083996,9,119684085,598420.425,829563.1212,5083996,9,0,0.0,0.0,0,0,0,0,0,0,0,0,1.679421286,0.0,0,0,0.0,0.0,0.0,0,0,0,0,0,0,0,0,0,0.0,0.0,0.0,0,0,0,0,0,0,1,0,0,0,0,0,0,0,0,0,0,0,1589810000000000.0,34680793.71,1589810000000000.0,1589810000000000.0,ARP_POISONING
133,192168121921681354139200006,19216812,54139,19216813,20000,6,18-05-2020 16:30,104071843,3,0,45,0,27,0,15.0,13.74772708,0,0,0.0,0.0,0.432393611,0.028826241,52035921.5,32685687.81,75148193,28923650,104071843,52035921.5,32685687.81,75148193,28923650,0,0.0,0.0,0,0,0,0,0,0,108,0,0.028826241,0.0,0,27,11.25,13.5,182.25,0,0,0,2,3,0,0,0,0,15.0,15.0,0.0,0,0,0,0,0,0,1,15,0,0,1444,0,2,32,0,0,0,0,794904000000000.0,1124160000000000.0,1589810000000000.0,75148193.0,MITM_DOS
134,86018064000,8601,0,8064,0,0,18-05-2020 16:33,115933075,202,0,0,0,0,0,0.0,0.0,0,0,0.0,0.0,0.0,1.742384561,576781.4677,861392.4115,7284944,9,115933075,576781.4677,861392.4115,7284944,9,0,0.0,0.0,0,0,0,0,0,0,0,0,1.742384561,0.0,0,0,0.0,0.0,0.0,0,0,0,0,0,0,0,0,0,0.0,0.0,0.0,0,0,0,0,0,0,1,0,0,0,0,0,0,0,0,0,0,0,1589810000000000.0,34387864.08,1589810000000000.0,1589810000000000.0,ARP_POISONING
135,86018064000,8601,0,8064,0,0,18-05-2020 16:35,119908162,217,0,0,0,0,0,0.0,0.0,0,0,0.0,0.0,0.0,1.809718341,555130.3796,718624.9763,5671802,17,119908162,555130.3796,718624.9763,5671802,17,0,0.0,0.0,0,0,0,0,0,0,0,0,1.809718341,0.0,0,0,0.0,0.0,0.0,0,0,0,0,0,0,0,0,0,0.0,0.0,0.0,0,0,0,0,0,0,1,0,0,0,0,0,0,0,0,0,0,0,1589810000000000.0,33391251.09,1589810000000000.0,1589810000000000.0,ARP_POISONING
136,192168121921681354139200006,19216812,54139,19216813,20000,6,18-05-2020 16:37,24579700,2,0,54,0,27,27,27.0,0.0,0,0,0.0,0.0,2.196934869,0.081367958,24579700.0,0.0,24579700,24579700,24579700,24579700.0,0.0,24579700,24579700,0,0.0,0.0,0,0,1,0,0,0,64,0,0.081367958,0.0,27,27,27.0,0.0,0.0,0,0,0,2,2,0,0,0,0,40.5,27.0,0.0,0,0,0,0,0,0,1,27,0,0,1444,0,1,32,0,0,0,0,24579700.0,0.0,24579700.0,24579700.0,MITM_DOS
137,86018064000,8601,0,8064,0,0,18-05-2020 16:37,119639256,195,0,0,0,0,0,0.0,0.0,0,0,0.0,0.0,0.0,1.629899805,616697.1959,814547.7863,6219848,9,119639256,616697.1959,814547.7863,6219848,9,0,0.0,0.0,0,0,0,0,0,0,0,0,1.629899805,0.0,0,0,0.0,0.0,0.0,0,0,0,0,0,0,0,0,0,0.0,0.0,0.0,0,0,0,0,0,0,1,0,0,0,0,0,0,0,0,0,0,0,1589810000000000.0,32528781.36,1589810000000000.0,1589810000000000.0,ARP_POISONING
138,86018064000,8601,0,8064,0,0,18-05-2020 16:39,118143392,206,0,0,0,0,0,0.0,0.0,0,0,0.0,0.0,0.0,1.743643859,576309.2293,880396.0549,8294504,7,118143392,576309.2293,880396.0549,8294504,7,0,0.0,0.0,0,0,0,0,0,0,0,0,1.743643859,0.0,0,0,0.0,0.0,0.0,0,0,0,0,0,0,0,0,0,0.0,0.0,0.0,0,0,0,0,0,0,1,0,0,0,0,0,0,0,0,0,0,0,1589810000000000.0,34585315.95,1589810000000000.0,1589810000000000.0,ARP_POISONING
139,86018064000,8601,0,8064,0,0,18-05-2020 16:41,119848427,207,0,0,0,0,0,0.0,0.0,0,0,0.0,0.0,0.0,1.727181617,581788.4806,725956.7265,4042427,8,119848427,581788.4806,725956.7265,4042427,8,0,0.0,0.0,0,0,0,0,0,0,0,0,1.727181617,0.0,0,0,0.0,0.0,0.0,0,0,0,0,0,0,0,0,0,0.0,0.0,0.0,0,0,0,0,0,0,1,0,0,0,0,0,0,0,0,0,0,0,1589810000000000.0,33918907.39,1589810000000000.0,1589810000000000.0,ARP_POISONING
140,86018064000,8601,0,8064,0,0,18-05-2020 16:43,119981820,207,0,0,0,0,0,0.0,0.0,0,0,0.0,0.0,0.0,1.725261377,582436.0194,880446.2947,7470208,8,119981820,582436.0194,880446.2947,7470208,8,0,0.0,0.0,0,0,0,0,0,0,0,0,1.725261377,0.0,0,0,0.0,0.0,0.0,0,0,0,0,0,0,0,0,0,0.0,0.0,0.0,0,0,0,0,0,0,1,0,0,0,0,0,0,0,0,0,0,0,1589810000000000.0,34317715.66,1589810000000000.0,1589810000000000.0,ARP_POISONING
141,86018064000,8601,0,8064,0,0,18-05-2020 16:45,118219729,210,0,0,0,0,0,0.0,0.0,0,0,0.0,0.0,0.0,1.776353251,565644.6364,767059.1945,4936515,13,118219729,565644.6364,767059.1945,4936515,13,0,0.0,0.0,0,0,0,0,0,0,0,0,1.776353251,0.0,0,0,0.0,0.0,0.0,0,0,0,0,0,0,0,0,0,0.0,0.0,0.0,0,0,0,0,0,0,1,0,0,0,0,0,0,0,0,0,0,0,1589810000000000.0,34861467.55,1589810000000000.0,1589810000000000.0,ARP_POISONING
142,192168121921681354139200006,19216812,54139,19216813,20000,6,18-05-2020 16:45,98955498,3,0,81,0,27,27,27.0,0.0,0,0,0.0,0.0,0.818549769,0.030316658,49477749.0,49048003.67,84159925,14795573,98955498,49477749.0,49048003.67,84159925,14795573,0,0.0,0.0,0,0,1,0,0,0,96,0,0.030316658,0.0,27,27,27.0,0.0,0.0,0,0,0,3,3,0,0,0,0,36.0,27.0,0.0,0,0,0,0,0,0,1,27,0,0,1444,0,2,32,0,0,0,0,794905000000000.0,1124170000000000.0,1589810000000000.0,14795573.0,MITM_DOS
143,86018064000,8601,0,8064,0,0,18-05-2020 16:47,119901566,212,0,0,0,0,0,0.0,0.0,0,0,0.0,0.0,0.0,1.768117024,568253.8673,639829.283,3567190,7,119901566,568253.8673,639829.283,3567190,7,0,0.0,0.0,0,0,0,0,0,0,0,0,1.768117024,0.0,0,0,0.0,0.0,0.0,0,0,0,0,0,0,0,0,0,0.0,0.0,0.0,0,0,0,0,0,0,1,0,0,0,0,0,0,0,0,0,0,0,1589810000000000.0,34115453.16,1589810000000000.0,1589810000000000.0,ARP_POISONING
144,86018064000,8601,0,8064,0,0,18-05-2020 16:49,119493751,195,0,0,0,0,0,0.0,0.0,0,0,0.0,0.0,0.0,1.631884499,615947.1701,729033.2488,4782735,13,119493751,615947.1701,729033.2488,4782735,13,0,0.0,0.0,0,0,0,0,0,0,0,0,1.631884499,0.0,0,0,0.0,0.0,0.0,0,0,0,0,0,0,0,0,0,0.0,0.0,0.0,0,0,0,0,0,0,1,0,0,0,0,0,0,0,0,0,0,0,1589810000000000.0,33532968.97,1589810000000000.0,1589810000000000.0,ARP_POISONING
145,86018064000,8601,0,8064,0,0,18-05-2020 16:51,119625899,203,0,0,0,0,0,0.0,0.0,0,0,0.0,0.0,0.0,1.696956944,592207.4208,884640.4681,7207787,10,119625899,592207.4208,884640.4681,7207787,10,0,0.0,0.0,0,0,0,0,0,0,0,0,1.696956944,0.0,0,0,0.0,0.0,0.0,0,0,0,0,0,0,0,0,0,0.0,0.0,0.0,0,0,0,0,0,0,1,0,0,0,0,0,0,0,0,0,0,0,1589810000000000.0,34891382.0,1589810000000000.0,1589810000000000.0,ARP_POISONING
146,86018064000,8601,0,8064,0,0,18-05-2020 16:53,119618024,219,0,0,0,0,0,0.0,0.0,0,0,0.0,0.0,0.0,1.830827769,548706.5321,683117.0252,4224812,12,119618024,548706.5321,683117.0252,4224812,12,0,0.0,0.0,0,0,0,0,0,0,0,0,1.830827769,0.0,0,0,0.0,0.0,0.0,0,0,0,0,0,0,0,0,0,0.0,0.0,0.0,0,0,0,0,0,0,1,0,0,0,0,0,0,0,0,0,0,0,1589810000000000.0,35357109.1,1589810000000000.0,1589810000000000.0,ARP_POISONING
147,86018064000,8601,0,8064,0,0,18-05-2020 16:55,118811080,200,0,0,0,0,0,0.0,0.0,0,0,0.0,0.0,0.0,1.683344685,597040.603,902396.1425,6630144,9,118811080,597040.603,902396.1425,6630144,9,0,0.0,0.0,0,0,0,0,0,0,0,0,1.683344685,0.0,0,0,0.0,0.0,0.0,0,0,0,0,0,0,0,0,0,0.0,0.0,0.0,0,0,0,0,0,0,1,0,0,0,0,0,0,0,0,0,0,0,1589810000000000.0,33559189.31,1589810000000000.0,1589810000000000.0,ARP_POISONING
148,86018064000,8601,0,8064,0,0,18-05-2020 16:57,119541831,203,0,0,0,0,0,0.0,0.0,0,0,0.0,0.0,0.0,1.698150332,591791.2426,950018.9956,9825916,12,119541831,591791.2426,950018.9956,9825916,12,0,0.0,0.0,0,0,0,0,0,0,0,0,1.698150332,0.0,0,0,0.0,0.0,0.0,0,0,0,0,0,0,0,0,0,0.0,0.0,0.0,0,0,0,0,0,0,1,0,0,0,0,0,0,0,0,0,0,0,1589810000000000.0,33569740.4,1589810000000000.0,1589810000000000.0,ARP_POISONING
149,86018064000,8601,0,8064,0,0,18-05-2020 16:59,119405437,222,0,0,0,0,0,0.0,0.0,0,0,0.0,0.0,0.0,1.859211821,540296.095,712984.281,5917690,12,119405437,540296.095,712984.281,5917690,12,0,0.0,0.0,0,0,0,0,0,0,0,0,1.859211821,0.0,0,0,0.0,0.0,0.0,0,0,0,0,0,0,0,0,0,0.0,0.0,0.0,0,0,0,0,0,0,1,0,0,0,0,0,0,0,0,0,0,0,1589810000000000.0,33941702.52,1589810000000000.0,1589810000000000.0,ARP_POISONING
150,86018064000,8601,0,8064,0,0,18-05-2020 17:01,119603882,202,0,0,0,0,0,0.0,0.0,0,0,0.0,0.0,0.0,1.688908392,595044.1891,824916.7817,5220091,10,119603882,595044.1891,824916.7817,5220091,10,0,0.0,0.0,0,0,0,0,0,0,0,0,1.688908392,0.0,0,0,0.0,0.0,0.0,0,0,0,0,0,0,0,0,0,0.0,0.0,0.0,0,0,0,0,0,0,1,0,0,0,0,0,0,0,0,0,0,0,1589810000000000.0,32587419.84,1589810000000000.0,1589810000000000.0,ARP_POISONING
151,86018064000,8601,0,8064,0,0,18-05-2020 17:03,119429864,220,0,0,0,0,0,0.0,0.0,0,0,0.0,0.0,0.0,1.842085326,545341.8447,712267.6448,6699552,9,119429864,545341.8447,712267.6448,6699552,9,0,0.0,0.0,0,0,0,0,0,0,0,0,1.842085326,0.0,0,0,0.0,0.0,0.0,0,0,0,0,0,0,0,0,0,0.0,0.0,0.0,0,0,0,0,0,0,1,0,0,0,0,0,0,0,0,0,0,0,1589810000000000.0,33475235.49,1589810000000000.0,1589810000000000.0,ARP_POISONING
152,192168121921681340837200006,19216812,40837,19216813,20000,6,18-05-2020 17:03,98554579,16,8,324,136,81,0,20.25,25.13563208,17,17,17.0,0.0,4.667464512,0.243519888,4284981.696,5394655.386,19994937,200579,98554579,6570305.267,10557250.82,39247947,200579,13337930,1905418.571,2378335.534,6672077,208076,0,0,0,0,556,256,0.162346592,0.081173296,0,81,18.4,20.29573026,411.9166667,0,4,0,19,20,0,0,0,0,19.16666667,20.25,17.0,0,0,0,0,5,53,0,13,0,5,29200,227,11,32,0,0,0,0,1589810000000000.0,23726758.64,1589810000000000.0,1589810000000000.0,MITM_DOS
153,86018064000,8601,0,8064,0,0,18-05-2020 17:05,119998484,205,0,0,0,0,0,0.0,0.0,0,0,0.0,0.0,0.0,1.708354916,588227.8627,705429.4977,6013470,16,119998484,588227.8627,705429.4977,6013470,16,0,0.0,0.0,0,0,0,0,0,0,0,0,1.708354916,0.0,0,0,0.0,0.0,0.0,0,0,0,0,0,0,0,0,0,0.0,0.0,0.0,0,0,0,0,0,0,1,0,0,0,0,0,0,0,0,0,0,0,1589810000000000.0,34822340.28,1589810000000000.0,1589810000000000.0,ARP_POISONING
154,192168121921681340837200006,19216812,40837,19216813,20000,6,18-05-2020 17:05,107217675,6,0,108,0,18,18,18.0,0.0,0,0,0.0,0.0,1.007296605,0.055960922,21443535.0,20932975.97,54975767,2008671,107217675,21443535.0,20932975.97,54975767,2008671,0,0.0,0.0,0,0,1,0,0,0,192,0,0.055960922,0.0,18,18,18.0,0.0,0.0,0,0,0,6,6,0,0,0,0,21.0,18.0,0.0,0,0,0,0,0,0,1,18,0,0,245,0,5,32,0,0,0,0,1271850000000000.0,710985000000000.0,1589810000000000.0,9001034.0,MITM_DOS
155,86018064000,8601,0,8064,0,0,18-05-2020 17:07,116612110,214,0,0,0,0,0,0.0,0.0,0,0,0.0,0.0,0.0,1.83514388,547474.6948,834868.9909,6236303,15,116612110,547474.6948,834868.9909,6236303,15,0,0.0,0.0,0,0,0,0,0,0,0,0,1.83514388,0.0,0,0,0.0,0.0,0.0,0,0,0,0,0,0,0,0,0,0.0,0.0,0.0,0,0,0,0,0,0,1,0,0,0,0,0,0,0,0,0,0,0,1589810000000000.0,35417727.17,1589810000000000.0,1589810000000000.0,ARP_POISONING
156,86018064000,8601,0,8064,0,0,18-05-2020 17:09,119736788,191,0,0,0,0,0,0.0,0.0,0,0,0.0,0.0,0.0,1.595165556,630193.6211,876592.2589,5766262,8,119736788,630193.6211,876592.2589,5766262,8,0,0.0,0.0,0,0,0,0,0,0,0,0,1.595165556,0.0,0,0,0.0,0.0,0.0,0,0,0,0,0,0,0,0,0,0.0,0.0,0.0,0,0,0,0,0,0,1,0,0,0,0,0,0,0,0,0,0,0,1589810000000000.0,35787544.88,1589810000000000.0,1589810000000000.0,ARP_POISONING
157,192168121921681340837200006,19216812,40837,19216813,20000,6,18-05-2020 17:09,103838582,7,14,126,221,18,18,18.0,0.0,17,0,15.78571429,4.543441113,3.34172514,0.202236968,5191929.1,8143969.722,32684976,146652,103838582,17306430.33,22722397.79,58460192,1546787,82330254,6333096.462,13064218.98,38453712,146652,1,0,0,0,224,460,0.067412323,0.134824645,0,18,16.59090909,3.737316212,13.96753247,0,0,0,20,21,0,0,0,2,17.38095238,18.0,15.78571429,0,0,0,0,4,48,0,6,0,10,270,243,6,32,0,0,0,0,1589810000000000.0,32161550.57,1589810000000000.0,1589810000000000.0,MITM_DOS
158,86018064000,8601,0,8064,0,0,18-05-2020 17:11,119844207,188,0,0,0,0,0,0.0,0.0,0,0,0.0,0.0,0.0,1.568703275,640878.1123,840428.7778,5113236,11,119844207,640878.1123,840428.7778,5113236,11,0,0.0,0.0,0,0,0,0,0,0,0,0,1.568703275,0.0,0,0,0.0,0.0,0.0,0,0,0,0,0,0,0,0,0,0.0,0.0,0.0,0,0,0,0,0,0,1,0,0,0,0,0,0,0,0,0,0,0,1589810000000000.0,35075191.48,1589810000000000.0,1589810000000000.0,ARP_POISONING
159,192168121921681340837200006,19216812,40837,19216813,20000,6,18-05-2020 17:11,107058990,4,16,63,2323,27,0,15.75,11.32475165,478,0,145.1875,192.4107477,22.28677853,0.186812896,5634683.684,14200433.7,59833012,526,107058990,35686330.0,53878134.82,97835397,2167719,34469938,2297995.867,6016771.867,23773476,526,1,0,0,0,140,536,0.037362579,0.149450317,0,478,114.4761905,175.9402225,30954.9619,0,0,0,16,20,0,0,0,4,120.2,15.75,145.1875,0,0,0,0,5,511,0,3,0,116,304,243,2,32,0,0,0,0,1589810000000000.0,24252579.76,1589810000000000.0,1589810000000000.0,MITM_DOS
160,86018064000,8601,0,8064,0,0,18-05-2020 17:13,119907839,185,0,0,0,0,0,0.0,0.0,0,0,0.0,0.0,0.0,1.54285159,651673.038,1221202.34,9976175,9,119907839,651673.038,1221202.34,9976175,9,0,0.0,0.0,0,0,0,0,0,0,0,0,1.54285159,0.0,0,0,0.0,0.0,0.0,0,0,0,0,0,0,0,0,0,0.0,0.0,0.0,0,0,0,0,0,0,1,0,0,0,0,0,0,0,0,0,0,0,1589810000000000.0,34081499.37,1589810000000000.0,1589810000000000.0,ARP_POISONING
161,192168121921681340837200006,19216812,40837,19216813,20000,6,18-05-2020 17:13,118663608,12,5,324,85,63,18,27.0,17.16232661,17,17,17.0,0.0,3.446718054,0.14326212,7416475.5,11659958.01,45898375,270535,118663608,10787600.73,13890284.51,45898375,550652,4482636,1120659.0,941305.7753,2408078,270535,1,0,0,0,384,160,0.101126202,0.042135918,17,63,23.72222222,14.60783656,213.3888889,0,0,0,17,17,0,0,0,0,25.11764706,27.0,17.0,0,0,0,0,0,0,0,19,0,5,363,243,11,32,0,0,0,0,1589810000000000.0,31310275.98,1589810000000000.0,1589810000000000.0,MITM_DOS
162,86018064000,8601,0,8064,0,0,18-05-2020 17:15,119407790,209,0,0,0,0,0,0.0,0.0,0,0,0.0,0.0,0.0,1.750304566,574075.9135,711822.3747,5223734,6,119407790,574075.9135,711822.3747,5223734,6,0,0.0,0.0,0,0,0,0,0,0,0,0,1.750304566,0.0,0,0,0.0,0.0,0.0,0,0,0,0,0,0,0,0,0,0.0,0.0,0.0,0,0,0,0,0,0,1,0,0,0,0,0,0,0,0,0,0,0,1589810000000000.0,35299262.71,1589810000000000.0,1589810000000000.0,ARP_POISONING
163,192168121921681340837200006,19216812,40837,19216813,20000,6,18-05-2020 17:16,119458840,6,4,170,601,45,17,28.33333333,13.4114379,292,0,150.25,163.825873,6.454105866,0.083710841,13273204.44,13591463.55,38493952,2565043,80964888,16192977.6,15719967.96,36592035,2922695,114493289,38164429.67,31504964.07,62450687,2565043,1,0,0,0,216,140,0.050226505,0.033484337,0,292,71.63636364,109.7144227,12037.25455,0,0,0,9,10,0,0,0,0,78.8,28.33333333,150.25,0,0,0,0,0,0,0,17,0,60,243,243,5,32,0,0,0,0,1589810000000000.0,36890288.55,1589810000000000.0,1589810000000000.0,MITM_DOS
164,86018064000,8601,0,8064,0,0,18-05-2020 17:17,119772029,216,0,0,0,0,0,0.0,0.0,0,0,0.0,0.0,0.0,1.803426074,557079.2047,879657.0285,8047133,9,119772029,557079.2047,879657.0285,8047133,9,0,0.0,0.0,0,0,0,0,0,0,0,0,1.803426074,0.0,0,0,0.0,0.0,0.0,0,0,0,0,0,0,0,0,0,0.0,0.0,0.0,0,0,0,0,0,0,1,0,0,0,0,0,0,0,0,0,0,0,1589810000000000.0,33087895.66,1589810000000000.0,1589810000000000.0,ARP_POISONING
165,192168121921681340837200006,19216812,40837,19216813,20000,6,18-05-2020 17:18,100056555,8,1,188,0,27,17,23.5,4.840306956,0,0,0.0,0.0,1.878937367,0.089949129,12507069.38,10250946.41,28959062,1384944,100056555,14293793.57,10017541.18,28959062,1843621,0,0.0,0.0,0,0,1,0,0,0,256,44,0.079954782,0.009994348,0,27,20.5,8.618455649,74.27777778,0,0,0,8,9,0,0,0,0,22.77777778,23.5,0.0,0,0,0,0,0,0,0,20,0,0,243,243,7,32,0,0,0,0,1589810000000000.0,31182078.67,1589810000000000.0,1589810000000000.0,MITM_DOS
166,86018064000,8601,0,8064,0,0,18-05-2020 17:19,119359273,211,0,0,0,0,0,0.0,0.0,0,0,0.0,0.0,0.0,1.767772161,568377.4905,680439.5847,4964139,12,119359273,568377.4905,680439.5847,4964139,12,0,0.0,0.0,0,0,0,0,0,0,0,0,1.767772161,0.0,0,0,0.0,0.0,0.0,0,0,0,0,0,0,0,0,0,0.0,0.0,0.0,0,0,0,0,0,0,1,0,0,0,0,0,0,0,0,0,0,0,1589810000000000.0,33888775.65,1589810000000000.0,1589810000000000.0,ARP_POISONING
167,192168121921681340837200006,19216812,40837,19216813,20000,6,18-05-2020 17:20,42112002,2,0,54,0,27,27,27.0,0.0,0,0,0.0,0.0,1.282294772,0.047492399,42112002.0,0.0,42112002,42112002,42112002,42112002.0,0.0,42112002,42112002,0,0.0,0.0,0,0,1,0,0,0,64,0,0.047492399,0.0,27,27,27.0,0.0,0.0,0,0,0,2,2,0,0,0,0,40.5,27.0,0.0,0,0,0,0,0,0,1,27,0,0,488,0,1,32,0,0,0,0,42112002.0,0.0,42112002.0,42112002.0,MITM_DOS
168,86018064000,8601,0,8064,0,0,18-05-2020 17:21,119896442,202,0,0,0,0,0,0.0,0.0,0,0,0.0,0.0,0.0,1.684787277,596499.7114,851657.6876,6242175,10,119896442,596499.7114,851657.6876,6242175,10,0,0.0,0.0,0,0,0,0,0,0,0,0,1.684787277,0.0,0,0,0.0,0.0,0.0,0,0,0,0,0,0,0,0,0,0.0,0.0,0.0,0,0,0,0,0,0,1,0,0,0,0,0,0,0,0,0,0,0,1589810000000000.0,32756819.04,1589810000000000.0,1589810000000000.0,ARP_POISONING
169,86018064000,8601,0,8064,0,0,18-05-2020 17:23,119112103,206,0,0,0,0,0,0.0,0.0,0,0,0.0,0.0,0.0,1.72946321,581034.6488,709181.6468,5846245,13,119112103,581034.6488,709181.6468,5846245,13,0,0.0,0.0,0,0,0,0,0,0,0,0,1.72946321,0.0,0,0,0.0,0.0,0.0,0,0,0,0,0,0,0,0,0,0.0,0.0,0.0,0,0,0,0,0,0,1,0,0,0,0,0,0,0,0,0,0,0,1589810000000000.0,32932316.36,1589810000000000.0,1589810000000000.0,ARP_POISONING
170,86018064000,8601,0,8064,0,0,18-05-2020 17:25,119866763,210,0,0,0,0,0,0.0,0.0,0,0,0.0,0.0,0.0,1.751945199,573525.1818,660054.4109,5325722,11,119866763,573525.1818,660054.4109,5325722,11,0,0.0,0.0,0,0,0,0,0,0,0,0,1.751945199,0.0,0,0,0.0,0.0,0.0,0,0,0,0,0,0,0,0,0,0.0,0.0,0.0,0,0,0,0,0,0,1,0,0,0,0,0,0,0,0,0,0,0,1589810000000000.0,34825269.23,1589810000000000.0,1589810000000000.0,ARP_POISONING
171,86018064000,8601,0,8064,0,0,18-05-2020 17:27,119849979,213,0,0,0,0,0,0.0,0.0,0,0,0.0,0.0,0.0,1.777221838,565330.0896,805189.5759,7248360,14,119849979,565330.0896,805189.5759,7248360,14,0,0.0,0.0,0,0,0,0,0,0,0,0,1.777221838,0.0,0,0,0.0,0.0,0.0,0,0,0,0,0,0,0,0,0,0.0,0.0,0.0,0,0,0,0,0,0,1,0,0,0,0,0,0,0,0,0,0,0,1589810000000000.0,33726682.15,1589810000000000.0,1589810000000000.0,ARP_POISONING
172,86018064000,8601,0,8064,0,0,18-05-2020 17:29,118932236,210,0,0,0,0,0,0.0,0.0,0,0,0.0,0.0,0.0,1.765711359,569053.7608,915022.8448,7136256,10,118932236,569053.7608,915022.8448,7136256,10,0,0.0,0.0,0,0,0,0,0,0,0,0,1.765711359,0.0,0,0,0.0,0.0,0.0,0,0,0,0,0,0,0,0,0,0.0,0.0,0.0,0,0,0,0,0,0,1,0,0,0,0,0,0,0,0,0,0,0,1589810000000000.0,34242067.14,1589810000000000.0,1589810000000000.0,ARP_POISONING
173,192168121921681340837200006,19216812,40837,19216813,20000,6,18-05-2020 17:30,110762748,1,10,292,2183,292,292,292.0,0.0,478,17,218.3,229.3537055,22.34505774,0.099311368,11076274.8,16989126.02,55802420,401627,0,0.0,0.0,0,0,110272087,12252454.11,17582547.55,55802420,401627,1,0,0,0,32,320,0.009028306,0.090283062,17,478,230.5833333,209.4323316,43861.90152,0,0,0,11,11,0,0,0,10,251.5454545,292.0,218.3,0,0,0,0,0,0,0,26,0,198,243,253,0,32,0,0,0,0,1589810000000000.0,42987295.12,1589810000000000.0,1589810000000000.0,MITM_DOS
174,86018064000,8601,0,8064,0,0,18-05-2020 17:31,118787858,210,0,0,0,0,0,0.0,0.0,0,0,0.0,0.0,0.0,1.767857452,568362.9569,854406.9913,6282199,9,118787858,568362.9569,854406.9913,6282199,9,0,0.0,0.0,0,0,0,0,0,0,0,0,1.767857452,0.0,0,0,0.0,0.0,0.0,0,0,0,0,0,0,0,0,0,0.0,0.0,0.0,0,0,0,0,0,0,1,0,0,0,0,0,0,0,0,0,0,0,1589810000000000.0,33814473.93,1589810000000000.0,1589810000000000.0,ARP_POISONING
175,192168121921681340837200006,19216812,40837,19216813,20000,6,18-05-2020 17:32,114463994,4,4,53,102,18,0,13.25,8.845903006,34,17,25.5,9.814954576,1.354137616,0.069890974,16351999.14,18462280.91,51616505,491076,54756547,18252182.33,10508193.88,29632453,8916609,8090942,2696980.667,2290695.51,5063964,491076,1,0,0,0,128,128,0.034945487,0.034945487,0,34,19.11111111,10.17895432,103.6111111,0,0,0,7,8,0,0,0,1,21.5,13.25,25.5,0,0,0,0,0,0,0,6,0,12,253,253,2,32,0,0,0,0,1362700000000000.0,600893000000000.0,1589810000000000.0,29632453.0,MITM_DOS
176,86018064000,8601,0,8064,0,0,18-05-2020 17:33,119895921,215,0,0,0,0,0,0.0,0.0,0,0,0.0,0.0,0.0,1.793221973,560261.3131,952915.9786,6685055,13,119895921,560261.3131,952915.9786,6685055,13,0,0.0,0.0,0,0,0,0,0,0,0,0,1.793221973,0.0,0,0,0.0,0.0,0.0,0,0,0,0,0,0,0,0,0,0.0,0.0,0.0,0,0,0,0,0,0,1,0,0,0,0,0,0,0,0,0,0,0,1589810000000000.0,34734079.18,1589810000000000.0,1589810000000000.0,ARP_POISONING
177,192168121921681340837200006,19216812,40837,19216813,20000,6,18-05-2020 17:34,114132647,2,2,44,68,34,10,22.0,16.97056275,34,34,34.0,0.0,0.981314312,0.03504694,38044215.67,16635528.97,53268758,20287941,114132647,114132647.0,0.0,114132647,114132647,40575948,40575948.0,0.0,40575948,40575948,1,0,0,0,64,64,0.01752347,0.01752347,10,34,29.2,10.73312629,115.2,0,0,0,4,4,0,0,0,1,36.5,22.0,34.0,0,0,0,0,0,0,0,11,0,17,253,253,1,32,0,0,0,0,1059880000000000.0,917879000000000.0,1589810000000000.0,20287941.0,MITM_DOS
178,86018064000,8601,0,8064,0,0,18-05-2020 17:35,118792069,202,0,0,0,0,0,0.0,0.0,0,0,0.0,0.0,0.0,1.700450221,591005.3184,728527.1601,4417790,10,118792069,591005.3184,728527.1601,4417790,10,0,0.0,0.0,0,0,0,0,0,0,0,0,1.700450221,0.0,0,0,0.0,0.0,0.0,0,0,0,0,0,0,0,0,0,0.0,0.0,0.0,0,0,0,0,0,0,1,0,0,0,0,0,0,0,0,0,0,0,1589810000000000.0,35068363.94,1589810000000000.0,1589810000000000.0,ARP_POISONING
179,192168121921681340837200006,19216812,40837,19216813,20000,6,18-05-2020 17:36,101952085,5,0,91,0,27,0,18.2,12.55786606,0,0,0.0,0.0,0.892576155,0.049042646,25488021.25,16106761.46,42299098,5225190,101952085,25488021.25,16106761.46,42299098,5225190,0,0.0,0.0,0,0,1,0,0,0,160,0,0.049042646,0.0,0,27,16.83333333,11.72035267,137.3666667,0,0,0,4,5,0,0,0,0,20.2,18.2,0.0,0,0,0,0,0,0,1,18,0,0,548,0,3,32,0,0,0,0,1192360000000000.0,794906000000000.0,1589810000000000.0,20923773.0,MITM_DOS
180,86018064000,8601,0,8064,0,0,18-05-2020 17:37,119712441,209,0,0,0,0,0,0.0,0.0,0,0,0.0,0.0,0.0,1.745850291,575540.5817,683250.6285,3836564,8,119712441,575540.5817,683250.6285,3836564,8,0,0.0,0.0,0,0,0,0,0,0,0,0,1.745850291,0.0,0,0,0.0,0.0,0.0,0,0,0,0,0,0,0,0,0,0.0,0.0,0.0,0,0,0,0,0,0,1,0,0,0,0,0,0,0,0,0,0,0,1589810000000000.0,34874151.54,1589810000000000.0,1589810000000000.0,ARP_POISONING
181,86018064000,8601,0,8064,0,0,18-05-2020 17:39,119346631,197,0,0,0,0,0,0.0,0.0,0,0,0.0,0.0,0.0,1.650654052,608911.3827,694141.4581,4049899,11,119346631,608911.3827,694141.4581,4049899,11,0,0.0,0.0,0,0,0,0,0,0,0,0,1.650654052,0.0,0,0,0.0,0.0,0.0,0,0,0,0,0,0,0,0,0,0.0,0.0,0.0,0,0,0,0,0,0,1,0,0,0,0,0,0,0,0,0,0,0,1589810000000000.0,33161739.97,1589810000000000.0,1589810000000000.0,ARP_POISONING
182,86018064000,8601,0,8064,0,0,18-05-2020 17:41,119238279,204,0,0,0,0,0,0.0,0.0,0,0,0.0,0.0,0.0,1.710859983,587380.6847,772743.7341,5996639,17,119238279,587380.6847,772743.7341,5996639,17,0,0.0,0.0,0,0,0,0,0,0,0,0,1.710859983,0.0,0,0,0.0,0.0,0.0,0,0,0,0,0,0,0,0,0,0.0,0.0,0.0,0,0,0,0,0,0,1,0,0,0,0,0,0,0,0,0,0,0,1589810000000000.0,35796897.77,1589810000000000.0,1589810000000000.0,ARP_POISONING
183,1921681319216812000,19216813,0,19216812,0,0,18-05-2020 13:45,103,1,1,0,0,0,0,0.0,0.0,0,0,0.0,0.0,0.0,19417.47573,103.0,0.0,103,103,0,0.0,0.0,0,0,0,0.0,0.0,0,0,0,0,0,0,0,0,9708.737864,9708.737864,0,0,0.0,0.0,0.0,0,0,0,0,0,0,0,0,1,0.0,0.0,0.0,0,0,0,0,0,0,0,0,0,0,0,0,0,0,0,0,0,0,0.0,0.0,0.0,0.0,MITM_DOS
184,192168121921681332851200006,19216812,32851,19216813,20000,6,18-05-2020 14:09,63103705,7,0,0,0,0,0,0.0,0.0,0,0,0.0,0.0,0.0,0.11092851,10517284.17,11884739.36,32063906,999586,63103705,10517284.17,11884739.36,32063906,999586,0,0.0,0.0,0,0,0,0,0,0,280,0,0.11092851,0.0,0,0,0.0,0.0,0.0,0,7,0,0,0,0,0,0,0,0.0,0.0,0.0,0,0,0,0,0,0,1,0,0,0,29200,0,0,40,0,0,0,0,1589800000000000.0,18331216.01,1589800000000000.0,1589800000000000.0,MITM_DOS
185,192168121921681346444200006,19216812,46444,19216813,20000,6,18-05-2020 14:02,63127570,7,0,0,0,0,0,0.0,0.0,0,0,0.0,0.0,0.0,0.110886575,10521261.67,11885426.99,32064095,999438,63127570,10521261.67,11885426.99,32064095,999438,0,0.0,0.0,0,0,0,0,0,0,280,0,0.110886575,0.0,0,0,0.0,0.0,0.0,0,7,0,0,0,0,0,0,0,0.0,0.0,0.0,0,0,0,0,0,0,1,0,0,0,29200,0,0,40,0,0,0,0,1589800000000000.0,18334835.14,1589800000000000.0,1589800000000000.0,MITM_DOS
186,192168121921681347979200006,19216812,47979,19216813,20000,6,18-05-2020 14:04,63151714,7,0,0,0,0,0,0.0,0.0,0,0,0.0,0.0,0.0,0.110844181,10525285.67,11897918.95,32096156,999562,63151714,10525285.67,11897918.95,32096156,999562,0,0.0,0.0,0,0,0,0,0,0,280,0,0.110844181,0.0,0,0,0.0,0.0,0.0,0,7,0,0,0,0,0,0,0,0.0,0.0,0.0,0,0,0,0,0,0,1,0,0,0,29200,0,0,40,0,0,0,0,1589800000000000.0,18345310.19,1589800000000000.0,1589800000000000.0,MITM_DOS
187,192168121921681356964200006,19216812,56964,19216813,20000,6,18-05-2020 14:00,63103771,7,0,0,0,0,0,0.0,0.0,0,0,0.0,0.0,0.0,0.110928394,10517295.17,11884824.4,32064175,999522,63103771,10517295.17,11884824.4,32064175,999522,0,0.0,0.0,0,0,0,0,0,0,280,0,0.110928394,0.0,0,0,0.0,0.0,0.0,0,7,0,0,0,0,0,0,0,0.0,0.0,0.0,0,0,0,0,0,0,1,0,0,0,29200,0,0,40,0,0,0,0,1589800000000000.0,18331320.75,1589800000000000.0,1589800000000000.0,MITM_DOS
188,192168121921681359035200006,19216812,59035,19216813,20000,6,18-05-2020 14:07,63135608,7,0,0,0,0,0,0.0,0.0,0,0,0.0,0.0,0.0,0.110872457,10522601.33,11887806.86,32064150,999538,63135608,10522601.33,11887806.86,32064150,999538,0,0.0,0.0,0,0,0,0,0,0,280,0,0.110872457,0.0,0,0,0.0,0.0,0.0,0,7,0,0,0,0,0,0,0,0.0,0.0,0.0,0,0,0,0,0,0,1,0,0,0,29200,0,0,40,0,0,0,0,1589800000000000.0,18333633.02,1589800000000000.0,1589800000000000.0,MITM_DOS
189,86018064000,8601,0,8064,0,0,18-05-2020 17:43,66381487,101,0,0,0,0,0,0.0,0.0,0,0,0.0,0.0,0.0,1.52150855,663814.87,943668.5391,7366893,16,66381487,663814.87,943668.5391,7366893,16,0,0.0,0.0,0,0,0,0,0,0,0,0,1.52150855,0.0,0,0,0.0,0.0,0.0,0,0,0,0,0,0,0,0,0,0.0,0.0,0.0,0,0,0,0,0,0,1,0,0,0,0,0,0,0,0,0,0,0,1589810000000000.0,19666474.55,1589810000000000.0,1589810000000000.0,ARP_POISONING
